-- MySQL dump 10.13  Distrib 8.4.0, for Linux (x86_64)
--
-- Host: localhost    Database: newblog
-- ------------------------------------------------------
-- Server version	8.4.0

/*!40101 SET @OLD_CHARACTER_SET_CLIENT=@@CHARACTER_SET_CLIENT */;
/*!40101 SET @OLD_CHARACTER_SET_RESULTS=@@CHARACTER_SET_RESULTS */;
/*!40101 SET @OLD_COLLATION_CONNECTION=@@COLLATION_CONNECTION */;
/*!50503 SET NAMES utf8mb4 */;
/*!40103 SET @OLD_TIME_ZONE=@@TIME_ZONE */;
/*!40103 SET TIME_ZONE='+00:00' */;
/*!40014 SET @OLD_UNIQUE_CHECKS=@@UNIQUE_CHECKS, UNIQUE_CHECKS=0 */;
/*!40014 SET @OLD_FOREIGN_KEY_CHECKS=@@FOREIGN_KEY_CHECKS, FOREIGN_KEY_CHECKS=0 */;
/*!40101 SET @OLD_SQL_MODE=@@SQL_MODE, SQL_MODE='NO_AUTO_VALUE_ON_ZERO' */;
/*!40111 SET @OLD_SQL_NOTES=@@SQL_NOTES, SQL_NOTES=0 */;

--
-- Table structure for table `QRTZ_BLOB_TRIGGERS`
--

DROP TABLE IF EXISTS `QRTZ_BLOB_TRIGGERS`;
/*!40101 SET @saved_cs_client     = @@character_set_client */;
/*!50503 SET character_set_client = utf8mb4 */;
CREATE TABLE `QRTZ_BLOB_TRIGGERS` (
  `sched_name` varchar(120) CHARACTER SET utf8mb4 COLLATE utf8mb4_unicode_ci NOT NULL COMMENT '调度名称',
  `trigger_name` varchar(200) CHARACTER SET utf8mb4 COLLATE utf8mb4_unicode_ci NOT NULL COMMENT 'qrtz_triggers表trigger_name的外键',
  `trigger_group` varchar(200) CHARACTER SET utf8mb4 COLLATE utf8mb4_unicode_ci NOT NULL COMMENT 'qrtz_triggers表trigger_group的外键',
  `blob_data` blob COMMENT '存放持久化Trigger对象',
  PRIMARY KEY (`sched_name`,`trigger_name`,`trigger_group`),
  CONSTRAINT `QRTZ_BLOB_TRIGGERS_ibfk_1` FOREIGN KEY (`sched_name`, `trigger_name`, `trigger_group`) REFERENCES `QRTZ_TRIGGERS` (`sched_name`, `trigger_name`, `trigger_group`)
) ENGINE=InnoDB DEFAULT CHARSET=utf8mb4 COLLATE=utf8mb4_unicode_ci COMMENT='Blob类型的触发器表';
/*!40101 SET character_set_client = @saved_cs_client */;

--
-- Dumping data for table `QRTZ_BLOB_TRIGGERS`
--

LOCK TABLES `QRTZ_BLOB_TRIGGERS` WRITE;
/*!40000 ALTER TABLE `QRTZ_BLOB_TRIGGERS` DISABLE KEYS */;
/*!40000 ALTER TABLE `QRTZ_BLOB_TRIGGERS` ENABLE KEYS */;
UNLOCK TABLES;

--
-- Table structure for table `QRTZ_CALENDARS`
--

DROP TABLE IF EXISTS `QRTZ_CALENDARS`;
/*!40101 SET @saved_cs_client     = @@character_set_client */;
/*!50503 SET character_set_client = utf8mb4 */;
CREATE TABLE `QRTZ_CALENDARS` (
  `sched_name` varchar(120) CHARACTER SET utf8mb4 COLLATE utf8mb4_unicode_ci NOT NULL COMMENT '调度名称',
  `calendar_name` varchar(200) CHARACTER SET utf8mb4 COLLATE utf8mb4_unicode_ci NOT NULL COMMENT '日历名称',
  `calendar` blob NOT NULL COMMENT '存放持久化calendar对象',
  PRIMARY KEY (`sched_name`,`calendar_name`)
) ENGINE=InnoDB DEFAULT CHARSET=utf8mb4 COLLATE=utf8mb4_unicode_ci COMMENT='日历信息表';
/*!40101 SET character_set_client = @saved_cs_client */;

--
-- Dumping data for table `QRTZ_CALENDARS`
--

LOCK TABLES `QRTZ_CALENDARS` WRITE;
/*!40000 ALTER TABLE `QRTZ_CALENDARS` DISABLE KEYS */;
/*!40000 ALTER TABLE `QRTZ_CALENDARS` ENABLE KEYS */;
UNLOCK TABLES;

--
-- Table structure for table `QRTZ_CRON_TRIGGERS`
--

DROP TABLE IF EXISTS `QRTZ_CRON_TRIGGERS`;
/*!40101 SET @saved_cs_client     = @@character_set_client */;
/*!50503 SET character_set_client = utf8mb4 */;
CREATE TABLE `QRTZ_CRON_TRIGGERS` (
  `sched_name` varchar(120) CHARACTER SET utf8mb4 COLLATE utf8mb4_unicode_ci NOT NULL COMMENT '调度名称',
  `trigger_name` varchar(200) CHARACTER SET utf8mb4 COLLATE utf8mb4_unicode_ci NOT NULL COMMENT 'qrtz_triggers表trigger_name的外键',
  `trigger_group` varchar(200) CHARACTER SET utf8mb4 COLLATE utf8mb4_unicode_ci NOT NULL COMMENT 'qrtz_triggers表trigger_group的外键',
  `cron_expression` varchar(200) CHARACTER SET utf8mb4 COLLATE utf8mb4_unicode_ci NOT NULL COMMENT 'cron表达式',
  `time_zone_id` varchar(80) CHARACTER SET utf8mb4 COLLATE utf8mb4_unicode_ci DEFAULT NULL COMMENT '时区',
  PRIMARY KEY (`sched_name`,`trigger_name`,`trigger_group`),
  CONSTRAINT `QRTZ_CRON_TRIGGERS_ibfk_1` FOREIGN KEY (`sched_name`, `trigger_name`, `trigger_group`) REFERENCES `QRTZ_TRIGGERS` (`sched_name`, `trigger_name`, `trigger_group`)
) ENGINE=InnoDB DEFAULT CHARSET=utf8mb4 COLLATE=utf8mb4_unicode_ci COMMENT='Cron类型的触发器表';
/*!40101 SET character_set_client = @saved_cs_client */;

--
-- Dumping data for table `QRTZ_CRON_TRIGGERS`
--

LOCK TABLES `QRTZ_CRON_TRIGGERS` WRITE;
/*!40000 ALTER TABLE `QRTZ_CRON_TRIGGERS` DISABLE KEYS */;
/*!40000 ALTER TABLE `QRTZ_CRON_TRIGGERS` ENABLE KEYS */;
UNLOCK TABLES;

--
-- Table structure for table `QRTZ_FIRED_TRIGGERS`
--

DROP TABLE IF EXISTS `QRTZ_FIRED_TRIGGERS`;
/*!40101 SET @saved_cs_client     = @@character_set_client */;
/*!50503 SET character_set_client = utf8mb4 */;
CREATE TABLE `QRTZ_FIRED_TRIGGERS` (
  `sched_name` varchar(120) CHARACTER SET utf8mb4 COLLATE utf8mb4_unicode_ci NOT NULL COMMENT '调度名称',
  `entry_id` varchar(95) CHARACTER SET utf8mb4 COLLATE utf8mb4_unicode_ci NOT NULL COMMENT '调度器实例id',
  `trigger_name` varchar(200) CHARACTER SET utf8mb4 COLLATE utf8mb4_unicode_ci NOT NULL COMMENT 'qrtz_triggers表trigger_name的外键',
  `trigger_group` varchar(200) CHARACTER SET utf8mb4 COLLATE utf8mb4_unicode_ci NOT NULL COMMENT 'qrtz_triggers表trigger_group的外键',
  `instance_name` varchar(200) CHARACTER SET utf8mb4 COLLATE utf8mb4_unicode_ci NOT NULL COMMENT '调度器实例名',
  `fired_time` bigint NOT NULL COMMENT '触发的时间',
  `sched_time` bigint NOT NULL COMMENT '定时器制定的时间',
  `priority` int NOT NULL COMMENT '优先级',
  `state` varchar(16) CHARACTER SET utf8mb4 COLLATE utf8mb4_unicode_ci NOT NULL COMMENT '状态',
  `job_name` varchar(200) CHARACTER SET utf8mb4 COLLATE utf8mb4_unicode_ci DEFAULT NULL COMMENT '任务名称',
  `job_group` varchar(200) CHARACTER SET utf8mb4 COLLATE utf8mb4_unicode_ci DEFAULT NULL COMMENT '任务组名',
  `is_nonconcurrent` varchar(1) CHARACTER SET utf8mb4 COLLATE utf8mb4_unicode_ci DEFAULT NULL COMMENT '是否并发',
  `requests_recovery` varchar(1) CHARACTER SET utf8mb4 COLLATE utf8mb4_unicode_ci DEFAULT NULL COMMENT '是否接受恢复执行',
  PRIMARY KEY (`sched_name`,`entry_id`)
) ENGINE=InnoDB DEFAULT CHARSET=utf8mb4 COLLATE=utf8mb4_unicode_ci COMMENT='已触发的触发器表';
/*!40101 SET character_set_client = @saved_cs_client */;

--
-- Dumping data for table `QRTZ_FIRED_TRIGGERS`
--

LOCK TABLES `QRTZ_FIRED_TRIGGERS` WRITE;
/*!40000 ALTER TABLE `QRTZ_FIRED_TRIGGERS` DISABLE KEYS */;
/*!40000 ALTER TABLE `QRTZ_FIRED_TRIGGERS` ENABLE KEYS */;
UNLOCK TABLES;

--
-- Table structure for table `QRTZ_JOB_DETAILS`
--

DROP TABLE IF EXISTS `QRTZ_JOB_DETAILS`;
/*!40101 SET @saved_cs_client     = @@character_set_client */;
/*!50503 SET character_set_client = utf8mb4 */;
CREATE TABLE `QRTZ_JOB_DETAILS` (
  `sched_name` varchar(120) CHARACTER SET utf8mb4 COLLATE utf8mb4_unicode_ci NOT NULL COMMENT '调度名称',
  `job_name` varchar(200) CHARACTER SET utf8mb4 COLLATE utf8mb4_unicode_ci NOT NULL COMMENT '任务名称',
  `job_group` varchar(200) CHARACTER SET utf8mb4 COLLATE utf8mb4_unicode_ci NOT NULL COMMENT '任务组名',
  `description` varchar(250) CHARACTER SET utf8mb4 COLLATE utf8mb4_unicode_ci DEFAULT NULL COMMENT '相关介绍',
  `job_class_name` varchar(250) CHARACTER SET utf8mb4 COLLATE utf8mb4_unicode_ci NOT NULL COMMENT '执行任务类名称',
  `is_durable` varchar(1) CHARACTER SET utf8mb4 COLLATE utf8mb4_unicode_ci NOT NULL COMMENT '是否持久化',
  `is_nonconcurrent` varchar(1) CHARACTER SET utf8mb4 COLLATE utf8mb4_unicode_ci NOT NULL COMMENT '是否并发',
  `is_update_data` varchar(1) CHARACTER SET utf8mb4 COLLATE utf8mb4_unicode_ci NOT NULL COMMENT '是否更新数据',
  `requests_recovery` varchar(1) CHARACTER SET utf8mb4 COLLATE utf8mb4_unicode_ci NOT NULL COMMENT '是否接受恢复执行',
  `job_data` blob COMMENT '存放持久化job对象',
  PRIMARY KEY (`sched_name`,`job_name`,`job_group`)
) ENGINE=InnoDB DEFAULT CHARSET=utf8mb4 COLLATE=utf8mb4_unicode_ci COMMENT='任务详细信息表';
/*!40101 SET character_set_client = @saved_cs_client */;

--
-- Dumping data for table `QRTZ_JOB_DETAILS`
--

LOCK TABLES `QRTZ_JOB_DETAILS` WRITE;
/*!40000 ALTER TABLE `QRTZ_JOB_DETAILS` DISABLE KEYS */;
/*!40000 ALTER TABLE `QRTZ_JOB_DETAILS` ENABLE KEYS */;
UNLOCK TABLES;

--
-- Table structure for table `QRTZ_LOCKS`
--

DROP TABLE IF EXISTS `QRTZ_LOCKS`;
/*!40101 SET @saved_cs_client     = @@character_set_client */;
/*!50503 SET character_set_client = utf8mb4 */;
CREATE TABLE `QRTZ_LOCKS` (
  `sched_name` varchar(120) CHARACTER SET utf8mb4 COLLATE utf8mb4_unicode_ci NOT NULL COMMENT '调度名称',
  `lock_name` varchar(40) CHARACTER SET utf8mb4 COLLATE utf8mb4_unicode_ci NOT NULL COMMENT '悲观锁名称',
  PRIMARY KEY (`sched_name`,`lock_name`)
) ENGINE=InnoDB DEFAULT CHARSET=utf8mb4 COLLATE=utf8mb4_unicode_ci COMMENT='存储的悲观锁信息表';
/*!40101 SET character_set_client = @saved_cs_client */;

--
-- Dumping data for table `QRTZ_LOCKS`
--

LOCK TABLES `QRTZ_LOCKS` WRITE;
/*!40000 ALTER TABLE `QRTZ_LOCKS` DISABLE KEYS */;
/*!40000 ALTER TABLE `QRTZ_LOCKS` ENABLE KEYS */;
UNLOCK TABLES;

--
-- Table structure for table `QRTZ_PAUSED_TRIGGER_GRPS`
--

DROP TABLE IF EXISTS `QRTZ_PAUSED_TRIGGER_GRPS`;
/*!40101 SET @saved_cs_client     = @@character_set_client */;
/*!50503 SET character_set_client = utf8mb4 */;
CREATE TABLE `QRTZ_PAUSED_TRIGGER_GRPS` (
  `sched_name` varchar(120) CHARACTER SET utf8mb4 COLLATE utf8mb4_unicode_ci NOT NULL COMMENT '调度名称',
  `trigger_group` varchar(200) CHARACTER SET utf8mb4 COLLATE utf8mb4_unicode_ci NOT NULL COMMENT 'qrtz_triggers表trigger_group的外键',
  PRIMARY KEY (`sched_name`,`trigger_group`)
) ENGINE=InnoDB DEFAULT CHARSET=utf8mb4 COLLATE=utf8mb4_unicode_ci COMMENT='暂停的触发器表';
/*!40101 SET character_set_client = @saved_cs_client */;

--
-- Dumping data for table `QRTZ_PAUSED_TRIGGER_GRPS`
--

LOCK TABLES `QRTZ_PAUSED_TRIGGER_GRPS` WRITE;
/*!40000 ALTER TABLE `QRTZ_PAUSED_TRIGGER_GRPS` DISABLE KEYS */;
/*!40000 ALTER TABLE `QRTZ_PAUSED_TRIGGER_GRPS` ENABLE KEYS */;
UNLOCK TABLES;

--
-- Table structure for table `QRTZ_SCHEDULER_STATE`
--

DROP TABLE IF EXISTS `QRTZ_SCHEDULER_STATE`;
/*!40101 SET @saved_cs_client     = @@character_set_client */;
/*!50503 SET character_set_client = utf8mb4 */;
CREATE TABLE `QRTZ_SCHEDULER_STATE` (
  `sched_name` varchar(120) CHARACTER SET utf8mb4 COLLATE utf8mb4_unicode_ci NOT NULL COMMENT '调度名称',
  `instance_name` varchar(200) CHARACTER SET utf8mb4 COLLATE utf8mb4_unicode_ci NOT NULL COMMENT '实例名称',
  `last_checkin_time` bigint NOT NULL COMMENT '上次检查时间',
  `checkin_interval` bigint NOT NULL COMMENT '检查间隔时间',
  PRIMARY KEY (`sched_name`,`instance_name`)
) ENGINE=InnoDB DEFAULT CHARSET=utf8mb4 COLLATE=utf8mb4_unicode_ci COMMENT='调度器状态表';
/*!40101 SET character_set_client = @saved_cs_client */;

--
-- Dumping data for table `QRTZ_SCHEDULER_STATE`
--

LOCK TABLES `QRTZ_SCHEDULER_STATE` WRITE;
/*!40000 ALTER TABLE `QRTZ_SCHEDULER_STATE` DISABLE KEYS */;
/*!40000 ALTER TABLE `QRTZ_SCHEDULER_STATE` ENABLE KEYS */;
UNLOCK TABLES;

--
-- Table structure for table `QRTZ_SIMPLE_TRIGGERS`
--

DROP TABLE IF EXISTS `QRTZ_SIMPLE_TRIGGERS`;
/*!40101 SET @saved_cs_client     = @@character_set_client */;
/*!50503 SET character_set_client = utf8mb4 */;
CREATE TABLE `QRTZ_SIMPLE_TRIGGERS` (
  `sched_name` varchar(120) CHARACTER SET utf8mb4 COLLATE utf8mb4_unicode_ci NOT NULL COMMENT '调度名称',
  `trigger_name` varchar(200) CHARACTER SET utf8mb4 COLLATE utf8mb4_unicode_ci NOT NULL COMMENT 'qrtz_triggers表trigger_name的外键',
  `trigger_group` varchar(200) CHARACTER SET utf8mb4 COLLATE utf8mb4_unicode_ci NOT NULL COMMENT 'qrtz_triggers表trigger_group的外键',
  `repeat_count` bigint NOT NULL COMMENT '重复的次数统计',
  `repeat_interval` bigint NOT NULL COMMENT '重复的间隔时间',
  `times_triggered` bigint NOT NULL COMMENT '已经触发的次数',
  PRIMARY KEY (`sched_name`,`trigger_name`,`trigger_group`),
  CONSTRAINT `QRTZ_SIMPLE_TRIGGERS_ibfk_1` FOREIGN KEY (`sched_name`, `trigger_name`, `trigger_group`) REFERENCES `QRTZ_TRIGGERS` (`sched_name`, `trigger_name`, `trigger_group`)
) ENGINE=InnoDB DEFAULT CHARSET=utf8mb4 COLLATE=utf8mb4_unicode_ci COMMENT='简单触发器的信息表';
/*!40101 SET character_set_client = @saved_cs_client */;

--
-- Dumping data for table `QRTZ_SIMPLE_TRIGGERS`
--

LOCK TABLES `QRTZ_SIMPLE_TRIGGERS` WRITE;
/*!40000 ALTER TABLE `QRTZ_SIMPLE_TRIGGERS` DISABLE KEYS */;
/*!40000 ALTER TABLE `QRTZ_SIMPLE_TRIGGERS` ENABLE KEYS */;
UNLOCK TABLES;

--
-- Table structure for table `QRTZ_SIMPROP_TRIGGERS`
--

DROP TABLE IF EXISTS `QRTZ_SIMPROP_TRIGGERS`;
/*!40101 SET @saved_cs_client     = @@character_set_client */;
/*!50503 SET character_set_client = utf8mb4 */;
CREATE TABLE `QRTZ_SIMPROP_TRIGGERS` (
  `sched_name` varchar(120) CHARACTER SET utf8mb4 COLLATE utf8mb4_unicode_ci NOT NULL COMMENT '调度名称',
  `trigger_name` varchar(200) CHARACTER SET utf8mb4 COLLATE utf8mb4_unicode_ci NOT NULL COMMENT 'qrtz_triggers表trigger_name的外键',
  `trigger_group` varchar(200) CHARACTER SET utf8mb4 COLLATE utf8mb4_unicode_ci NOT NULL COMMENT 'qrtz_triggers表trigger_group的外键',
  `str_prop_1` varchar(512) CHARACTER SET utf8mb4 COLLATE utf8mb4_unicode_ci DEFAULT NULL COMMENT 'String类型的trigger的第一个参数',
  `str_prop_2` varchar(512) CHARACTER SET utf8mb4 COLLATE utf8mb4_unicode_ci DEFAULT NULL COMMENT 'String类型的trigger的第二个参数',
  `str_prop_3` varchar(512) CHARACTER SET utf8mb4 COLLATE utf8mb4_unicode_ci DEFAULT NULL COMMENT 'String类型的trigger的第三个参数',
  `int_prop_1` int DEFAULT NULL COMMENT 'int类型的trigger的第一个参数',
  `int_prop_2` int DEFAULT NULL COMMENT 'int类型的trigger的第二个参数',
  `long_prop_1` bigint DEFAULT NULL COMMENT 'long类型的trigger的第一个参数',
  `long_prop_2` bigint DEFAULT NULL COMMENT 'long类型的trigger的第二个参数',
  `dec_prop_1` decimal(13,4) DEFAULT NULL COMMENT 'decimal类型的trigger的第一个参数',
  `dec_prop_2` decimal(13,4) DEFAULT NULL COMMENT 'decimal类型的trigger的第二个参数',
  `bool_prop_1` varchar(1) CHARACTER SET utf8mb4 COLLATE utf8mb4_unicode_ci DEFAULT NULL COMMENT 'Boolean类型的trigger的第一个参数',
  `bool_prop_2` varchar(1) CHARACTER SET utf8mb4 COLLATE utf8mb4_unicode_ci DEFAULT NULL COMMENT 'Boolean类型的trigger的第二个参数',
  PRIMARY KEY (`sched_name`,`trigger_name`,`trigger_group`),
  CONSTRAINT `QRTZ_SIMPROP_TRIGGERS_ibfk_1` FOREIGN KEY (`sched_name`, `trigger_name`, `trigger_group`) REFERENCES `QRTZ_TRIGGERS` (`sched_name`, `trigger_name`, `trigger_group`)
) ENGINE=InnoDB DEFAULT CHARSET=utf8mb4 COLLATE=utf8mb4_unicode_ci COMMENT='同步机制的行锁表';
/*!40101 SET character_set_client = @saved_cs_client */;

--
-- Dumping data for table `QRTZ_SIMPROP_TRIGGERS`
--

LOCK TABLES `QRTZ_SIMPROP_TRIGGERS` WRITE;
/*!40000 ALTER TABLE `QRTZ_SIMPROP_TRIGGERS` DISABLE KEYS */;
/*!40000 ALTER TABLE `QRTZ_SIMPROP_TRIGGERS` ENABLE KEYS */;
UNLOCK TABLES;

--
-- Table structure for table `QRTZ_TRIGGERS`
--

DROP TABLE IF EXISTS `QRTZ_TRIGGERS`;
/*!40101 SET @saved_cs_client     = @@character_set_client */;
/*!50503 SET character_set_client = utf8mb4 */;
CREATE TABLE `QRTZ_TRIGGERS` (
  `sched_name` varchar(120) CHARACTER SET utf8mb4 COLLATE utf8mb4_unicode_ci NOT NULL COMMENT '调度名称',
  `trigger_name` varchar(200) CHARACTER SET utf8mb4 COLLATE utf8mb4_unicode_ci NOT NULL COMMENT '触发器的名字',
  `trigger_group` varchar(200) CHARACTER SET utf8mb4 COLLATE utf8mb4_unicode_ci NOT NULL COMMENT '触发器所属组的名字',
  `job_name` varchar(200) CHARACTER SET utf8mb4 COLLATE utf8mb4_unicode_ci NOT NULL COMMENT 'qrtz_job_details表job_name的外键',
  `job_group` varchar(200) CHARACTER SET utf8mb4 COLLATE utf8mb4_unicode_ci NOT NULL COMMENT 'qrtz_job_details表job_group的外键',
  `description` varchar(250) CHARACTER SET utf8mb4 COLLATE utf8mb4_unicode_ci DEFAULT NULL COMMENT '相关介绍',
  `next_fire_time` bigint DEFAULT NULL COMMENT '上一次触发时间（毫秒）',
  `prev_fire_time` bigint DEFAULT NULL COMMENT '下一次触发时间（默认为-1表示不触发）',
  `priority` int DEFAULT NULL COMMENT '优先级',
  `trigger_state` varchar(16) CHARACTER SET utf8mb4 COLLATE utf8mb4_unicode_ci NOT NULL COMMENT '触发器状态',
  `trigger_type` varchar(8) CHARACTER SET utf8mb4 COLLATE utf8mb4_unicode_ci NOT NULL COMMENT '触发器的类型',
  `start_time` bigint NOT NULL COMMENT '开始时间',
  `end_time` bigint DEFAULT NULL COMMENT '结束时间',
  `calendar_name` varchar(200) CHARACTER SET utf8mb4 COLLATE utf8mb4_unicode_ci DEFAULT NULL COMMENT '日程表名称',
  `misfire_instr` smallint DEFAULT NULL COMMENT '补偿执行的策略',
  `job_data` blob COMMENT '存放持久化job对象',
  PRIMARY KEY (`sched_name`,`trigger_name`,`trigger_group`),
  KEY `sched_name` (`sched_name`,`job_name`,`job_group`),
  CONSTRAINT `QRTZ_TRIGGERS_ibfk_1` FOREIGN KEY (`sched_name`, `job_name`, `job_group`) REFERENCES `QRTZ_JOB_DETAILS` (`sched_name`, `job_name`, `job_group`)
) ENGINE=InnoDB DEFAULT CHARSET=utf8mb4 COLLATE=utf8mb4_unicode_ci COMMENT='触发器详细信息表';
/*!40101 SET character_set_client = @saved_cs_client */;

--
-- Dumping data for table `QRTZ_TRIGGERS`
--

LOCK TABLES `QRTZ_TRIGGERS` WRITE;
/*!40000 ALTER TABLE `QRTZ_TRIGGERS` DISABLE KEYS */;
/*!40000 ALTER TABLE `QRTZ_TRIGGERS` ENABLE KEYS */;
UNLOCK TABLES;

--
-- Table structure for table `backup_sys_menu_missing_perms_before_semantic`
--

DROP TABLE IF EXISTS `backup_sys_menu_missing_perms_before_semantic`;
/*!40101 SET @saved_cs_client     = @@character_set_client */;
/*!50503 SET character_set_client = utf8mb4 */;
CREATE TABLE `backup_sys_menu_missing_perms_before_semantic` (
  `menu_id` bigint NOT NULL DEFAULT '0' COMMENT '菜单ID',
  `menu_name` varchar(50) CHARACTER SET utf8mb4 COLLATE utf8mb4_unicode_ci NOT NULL COMMENT '菜单名称',
  `parent_id` bigint DEFAULT '0' COMMENT '父菜单ID',
  `order_num` int DEFAULT '0' COMMENT '显示顺序',
  `path` varchar(200) CHARACTER SET utf8mb4 COLLATE utf8mb4_unicode_ci DEFAULT '' COMMENT '路由地址',
  `component` varchar(255) CHARACTER SET utf8mb4 COLLATE utf8mb4_unicode_ci DEFAULT NULL COMMENT '组件路径',
  `query` varchar(255) CHARACTER SET utf8mb4 COLLATE utf8mb4_unicode_ci DEFAULT NULL COMMENT '路由参数',
  `route_name` varchar(50) CHARACTER SET utf8mb4 COLLATE utf8mb4_unicode_ci DEFAULT '' COMMENT '路由名称',
  `is_frame` int DEFAULT '1' COMMENT '是否为外链（0是 1否）',
  `is_cache` int DEFAULT '0' COMMENT '是否缓存（0缓存 1不缓存）',
  `menu_type` char(1) CHARACTER SET utf8mb4 COLLATE utf8mb4_unicode_ci DEFAULT '' COMMENT '菜单类型（M目录 C菜单 F按钮）',
  `visible` char(1) CHARACTER SET utf8mb4 COLLATE utf8mb4_unicode_ci DEFAULT '0' COMMENT '菜单状态（0显示 1隐藏）',
  `status` char(1) CHARACTER SET utf8mb4 COLLATE utf8mb4_unicode_ci DEFAULT '0' COMMENT '菜单状态（0正常 1停用）',
  `perms` varchar(100) CHARACTER SET utf8mb4 COLLATE utf8mb4_unicode_ci DEFAULT NULL COMMENT '权限标识',
  `icon` varchar(100) CHARACTER SET utf8mb4 COLLATE utf8mb4_unicode_ci DEFAULT '#' COMMENT '菜单图标',
  `create_by` varchar(64) CHARACTER SET utf8mb4 COLLATE utf8mb4_unicode_ci DEFAULT '' COMMENT '创建者',
  `create_time` datetime DEFAULT NULL COMMENT '创建时间',
  `update_by` varchar(64) CHARACTER SET utf8mb4 COLLATE utf8mb4_unicode_ci DEFAULT '' COMMENT '更新者',
  `update_time` datetime DEFAULT NULL COMMENT '更新时间',
  `remark` varchar(500) CHARACTER SET utf8mb4 COLLATE utf8mb4_unicode_ci DEFAULT '' COMMENT '备注'
) ENGINE=InnoDB DEFAULT CHARSET=utf8mb4 COLLATE=utf8mb4_unicode_ci;
/*!40101 SET character_set_client = @saved_cs_client */;

--
-- Dumping data for table `backup_sys_menu_missing_perms_before_semantic`
--

LOCK TABLES `backup_sys_menu_missing_perms_before_semantic` WRITE;
/*!40000 ALTER TABLE `backup_sys_menu_missing_perms_before_semantic` DISABLE KEYS */;
/*!40000 ALTER TABLE `backup_sys_menu_missing_perms_before_semantic` ENABLE KEYS */;
UNLOCK TABLES;

--
-- Table structure for table `backup_sys_menu_missing_perms_path_before_semantic`
--

DROP TABLE IF EXISTS `backup_sys_menu_missing_perms_path_before_semantic`;
/*!40101 SET @saved_cs_client     = @@character_set_client */;
/*!50503 SET character_set_client = utf8mb4 */;
CREATE TABLE `backup_sys_menu_missing_perms_path_before_semantic` (
  `menu_id` bigint NOT NULL DEFAULT '0' COMMENT '菜单ID',
  `menu_name` varchar(50) CHARACTER SET utf8mb4 COLLATE utf8mb4_unicode_ci NOT NULL COMMENT '菜单名称',
  `parent_id` bigint DEFAULT '0' COMMENT '父菜单ID',
  `order_num` int DEFAULT '0' COMMENT '显示顺序',
  `path` varchar(200) CHARACTER SET utf8mb4 COLLATE utf8mb4_unicode_ci DEFAULT '' COMMENT '路由地址',
  `component` varchar(255) CHARACTER SET utf8mb4 COLLATE utf8mb4_unicode_ci DEFAULT NULL COMMENT '组件路径',
  `query` varchar(255) CHARACTER SET utf8mb4 COLLATE utf8mb4_unicode_ci DEFAULT NULL COMMENT '路由参数',
  `route_name` varchar(50) CHARACTER SET utf8mb4 COLLATE utf8mb4_unicode_ci DEFAULT '' COMMENT '路由名称',
  `is_frame` int DEFAULT '1' COMMENT '是否为外链（0是 1否）',
  `is_cache` int DEFAULT '0' COMMENT '是否缓存（0缓存 1不缓存）',
  `menu_type` char(1) CHARACTER SET utf8mb4 COLLATE utf8mb4_unicode_ci DEFAULT '' COMMENT '菜单类型（M目录 C菜单 F按钮）',
  `visible` char(1) CHARACTER SET utf8mb4 COLLATE utf8mb4_unicode_ci DEFAULT '0' COMMENT '菜单状态（0显示 1隐藏）',
  `status` char(1) CHARACTER SET utf8mb4 COLLATE utf8mb4_unicode_ci DEFAULT '0' COMMENT '菜单状态（0正常 1停用）',
  `perms` varchar(100) CHARACTER SET utf8mb4 COLLATE utf8mb4_unicode_ci DEFAULT NULL COMMENT '权限标识',
  `icon` varchar(100) CHARACTER SET utf8mb4 COLLATE utf8mb4_unicode_ci DEFAULT '#' COMMENT '菜单图标',
  `create_by` varchar(64) CHARACTER SET utf8mb4 COLLATE utf8mb4_unicode_ci DEFAULT '' COMMENT '创建者',
  `create_time` datetime DEFAULT NULL COMMENT '创建时间',
  `update_by` varchar(64) CHARACTER SET utf8mb4 COLLATE utf8mb4_unicode_ci DEFAULT '' COMMENT '更新者',
  `update_time` datetime DEFAULT NULL COMMENT '更新时间',
  `remark` varchar(500) CHARACTER SET utf8mb4 COLLATE utf8mb4_unicode_ci DEFAULT '' COMMENT '备注'
) ENGINE=InnoDB DEFAULT CHARSET=utf8mb4 COLLATE=utf8mb4_unicode_ci;
/*!40101 SET character_set_client = @saved_cs_client */;

--
-- Dumping data for table `backup_sys_menu_missing_perms_path_before_semantic`
--

LOCK TABLES `backup_sys_menu_missing_perms_path_before_semantic` WRITE;
/*!40000 ALTER TABLE `backup_sys_menu_missing_perms_path_before_semantic` DISABLE KEYS */;
/*!40000 ALTER TABLE `backup_sys_menu_missing_perms_path_before_semantic` ENABLE KEYS */;
UNLOCK TABLES;

--
-- Table structure for table `backup_sys_menu_perms_before_normalize`
--

DROP TABLE IF EXISTS `backup_sys_menu_perms_before_normalize`;
/*!40101 SET @saved_cs_client     = @@character_set_client */;
/*!50503 SET character_set_client = utf8mb4 */;
CREATE TABLE `backup_sys_menu_perms_before_normalize` (
  `menu_id` bigint NOT NULL DEFAULT '0' COMMENT '菜单ID',
  `menu_name` varchar(50) CHARACTER SET utf8mb4 COLLATE utf8mb4_unicode_ci NOT NULL COMMENT '菜单名称',
  `parent_id` bigint DEFAULT '0' COMMENT '父菜单ID',
  `order_num` int DEFAULT '0' COMMENT '显示顺序',
  `path` varchar(200) CHARACTER SET utf8mb4 COLLATE utf8mb4_unicode_ci DEFAULT '' COMMENT '路由地址',
  `component` varchar(255) CHARACTER SET utf8mb4 COLLATE utf8mb4_unicode_ci DEFAULT NULL COMMENT '组件路径',
  `query` varchar(255) CHARACTER SET utf8mb4 COLLATE utf8mb4_unicode_ci DEFAULT NULL COMMENT '路由参数',
  `route_name` varchar(50) CHARACTER SET utf8mb4 COLLATE utf8mb4_unicode_ci DEFAULT '' COMMENT '路由名称',
  `is_frame` int DEFAULT '1' COMMENT '是否为外链（0是 1否）',
  `is_cache` int DEFAULT '0' COMMENT '是否缓存（0缓存 1不缓存）',
  `menu_type` char(1) CHARACTER SET utf8mb4 COLLATE utf8mb4_unicode_ci DEFAULT '' COMMENT '菜单类型（M目录 C菜单 F按钮）',
  `visible` char(1) CHARACTER SET utf8mb4 COLLATE utf8mb4_unicode_ci DEFAULT '0' COMMENT '菜单状态（0显示 1隐藏）',
  `status` char(1) CHARACTER SET utf8mb4 COLLATE utf8mb4_unicode_ci DEFAULT '0' COMMENT '菜单状态（0正常 1停用）',
  `perms` varchar(100) CHARACTER SET utf8mb4 COLLATE utf8mb4_unicode_ci DEFAULT NULL COMMENT '权限标识',
  `icon` varchar(100) CHARACTER SET utf8mb4 COLLATE utf8mb4_unicode_ci DEFAULT '#' COMMENT '菜单图标',
  `create_by` varchar(64) CHARACTER SET utf8mb4 COLLATE utf8mb4_unicode_ci DEFAULT '' COMMENT '创建者',
  `create_time` datetime DEFAULT NULL COMMENT '创建时间',
  `update_by` varchar(64) CHARACTER SET utf8mb4 COLLATE utf8mb4_unicode_ci DEFAULT '' COMMENT '更新者',
  `update_time` datetime DEFAULT NULL COMMENT '更新时间',
  `remark` varchar(500) CHARACTER SET utf8mb4 COLLATE utf8mb4_unicode_ci DEFAULT '' COMMENT '备注'
) ENGINE=InnoDB DEFAULT CHARSET=utf8mb4 COLLATE=utf8mb4_unicode_ci;
/*!40101 SET character_set_client = @saved_cs_client */;

--
-- Dumping data for table `backup_sys_menu_perms_before_normalize`
--

LOCK TABLES `backup_sys_menu_perms_before_normalize` WRITE;
/*!40000 ALTER TABLE `backup_sys_menu_perms_before_normalize` DISABLE KEYS */;
INSERT INTO `backup_sys_menu_perms_before_normalize` VALUES (20010,'文章查询',2001,1,'','','','',1,0,'F','1','1','blog:article:query','#','admin','2025-11-12 09:54:08','',NULL,''),(20011,'文章新增',2001,2,'','','','',1,0,'F','1','1','blog:article:add','#','admin','2025-11-12 09:54:08','',NULL,''),(20012,'文章修改',2001,3,'','','','',1,0,'F','1','1','blog:article:edit','#','admin','2025-11-12 09:54:08','',NULL,''),(20013,'文章删除',2001,4,'','','','',1,0,'F','1','1','blog:article:remove','#','admin','2025-11-12 09:54:08','',NULL,''),(20020,'分类查询',2002,1,'','','','',1,0,'F','1','1','blog:category:query','#','admin','2025-11-12 09:54:08','',NULL,''),(20021,'分类新增',2002,2,'','','','',1,0,'F','1','1','blog:category:add','#','admin','2025-11-12 09:54:08','',NULL,''),(20022,'分类修改',2002,3,'','','','',1,0,'F','1','1','blog:category:edit','#','admin','2025-11-12 09:54:08','',NULL,''),(20023,'分类删除',2002,4,'','','','',1,0,'F','1','1','blog:category:remove','#','admin','2025-11-12 09:54:08','',NULL,''),(20030,'标签查询',2003,1,'','','','',1,0,'F','1','1','blog:tag:query','#','admin','2025-11-12 09:54:08','',NULL,''),(20031,'标签新增',2003,2,'','','','',1,0,'F','1','1','blog:tag:add','#','admin','2025-11-12 09:54:08','',NULL,''),(20032,'标签修改',2003,3,'','','','',1,0,'F','1','1','blog:tag:edit','#','admin','2025-11-12 09:54:08','',NULL,''),(20033,'标签删除',2003,4,'','','','',1,0,'F','1','1','blog:tag:remove','#','admin','2025-11-12 09:54:08','',NULL,''),(20034,'标签导出',2003,5,'','','','',1,0,'F','1','1','blog:tag:export','#','admin','2025-11-12 09:54:08','',NULL,''),(20040,'评论查询',2004,1,'','','','',1,0,'F','1','1','blog:comment:query','#','admin','2025-11-12 09:54:08','',NULL,''),(20041,'评论审核',2004,2,'','','','',1,0,'F','1','1','blog:comment:approve','#','admin','2025-11-12 09:54:08','',NULL,''),(20042,'评论删除',2004,3,'','','','',1,0,'F','1','1','blog:comment:remove','#','admin','2025-11-12 09:54:08','',NULL,''),(20050,'设置查询',2005,1,'','','','',1,0,'F','1','1','blog:setting:query','#','admin','2025-11-12 09:54:08','',NULL,''),(20051,'设置修改',2005,2,'','','','',1,0,'F','1','1','blog:setting:edit','#','admin','2025-11-12 09:54:08','',NULL,''),(20060,'友链查询',2006,1,'','','','',1,0,'F','1','1','blog:friendLink:query','#','admin','2025-11-12 09:54:08','',NULL,''),(20061,'友链新增',2006,2,'','','','',1,0,'F','1','1','blog:friendLink:add','#','admin','2025-11-12 09:54:08','',NULL,''),(20062,'友链修改',2006,3,'','','','',1,0,'F','1','1','blog:friendLink:edit','#','admin','2025-11-12 09:54:08','',NULL,''),(20063,'友链删除',2006,4,'','','','',1,0,'F','1','1','blog:friendLink:remove','#','admin','2025-11-12 09:54:08','',NULL,'');
/*!40000 ALTER TABLE `backup_sys_menu_perms_before_normalize` ENABLE KEYS */;
UNLOCK TABLES;

--
-- Table structure for table `backup_sys_menu_perms_blog_prefix_before_normalize`
--

DROP TABLE IF EXISTS `backup_sys_menu_perms_blog_prefix_before_normalize`;
/*!40101 SET @saved_cs_client     = @@character_set_client */;
/*!50503 SET character_set_client = utf8mb4 */;
CREATE TABLE `backup_sys_menu_perms_blog_prefix_before_normalize` (
  `menu_id` bigint NOT NULL DEFAULT '0' COMMENT '菜单ID',
  `menu_name` varchar(50) CHARACTER SET utf8mb4 COLLATE utf8mb4_unicode_ci NOT NULL COMMENT '菜单名称',
  `parent_id` bigint DEFAULT '0' COMMENT '父菜单ID',
  `order_num` int DEFAULT '0' COMMENT '显示顺序',
  `path` varchar(200) CHARACTER SET utf8mb4 COLLATE utf8mb4_unicode_ci DEFAULT '' COMMENT '路由地址',
  `component` varchar(255) CHARACTER SET utf8mb4 COLLATE utf8mb4_unicode_ci DEFAULT NULL COMMENT '组件路径',
  `query` varchar(255) CHARACTER SET utf8mb4 COLLATE utf8mb4_unicode_ci DEFAULT NULL COMMENT '路由参数',
  `route_name` varchar(50) CHARACTER SET utf8mb4 COLLATE utf8mb4_unicode_ci DEFAULT '' COMMENT '路由名称',
  `is_frame` int DEFAULT '1' COMMENT '是否为外链（0是 1否）',
  `is_cache` int DEFAULT '0' COMMENT '是否缓存（0缓存 1不缓存）',
  `menu_type` char(1) CHARACTER SET utf8mb4 COLLATE utf8mb4_unicode_ci DEFAULT '' COMMENT '菜单类型（M目录 C菜单 F按钮）',
  `visible` char(1) CHARACTER SET utf8mb4 COLLATE utf8mb4_unicode_ci DEFAULT '0' COMMENT '菜单状态（0显示 1隐藏）',
  `status` char(1) CHARACTER SET utf8mb4 COLLATE utf8mb4_unicode_ci DEFAULT '0' COMMENT '菜单状态（0正常 1停用）',
  `perms` varchar(100) CHARACTER SET utf8mb4 COLLATE utf8mb4_unicode_ci DEFAULT NULL COMMENT '权限标识',
  `icon` varchar(100) CHARACTER SET utf8mb4 COLLATE utf8mb4_unicode_ci DEFAULT '#' COMMENT '菜单图标',
  `create_by` varchar(64) CHARACTER SET utf8mb4 COLLATE utf8mb4_unicode_ci DEFAULT '' COMMENT '创建者',
  `create_time` datetime DEFAULT NULL COMMENT '创建时间',
  `update_by` varchar(64) CHARACTER SET utf8mb4 COLLATE utf8mb4_unicode_ci DEFAULT '' COMMENT '更新者',
  `update_time` datetime DEFAULT NULL COMMENT '更新时间',
  `remark` varchar(500) CHARACTER SET utf8mb4 COLLATE utf8mb4_unicode_ci DEFAULT '' COMMENT '备注'
) ENGINE=InnoDB DEFAULT CHARSET=utf8mb4 COLLATE=utf8mb4_unicode_ci;
/*!40101 SET character_set_client = @saved_cs_client */;

--
-- Dumping data for table `backup_sys_menu_perms_blog_prefix_before_normalize`
--

LOCK TABLES `backup_sys_menu_perms_blog_prefix_before_normalize` WRITE;
/*!40000 ALTER TABLE `backup_sys_menu_perms_blog_prefix_before_normalize` DISABLE KEYS */;
/*!40000 ALTER TABLE `backup_sys_menu_perms_blog_prefix_before_normalize` ENABLE KEYS */;
UNLOCK TABLES;

--
-- Table structure for table `backup_sys_menu_perms_friendlink_before_normalize`
--

DROP TABLE IF EXISTS `backup_sys_menu_perms_friendlink_before_normalize`;
/*!40101 SET @saved_cs_client     = @@character_set_client */;
/*!50503 SET character_set_client = utf8mb4 */;
CREATE TABLE `backup_sys_menu_perms_friendlink_before_normalize` (
  `menu_id` bigint NOT NULL DEFAULT '0' COMMENT '菜单ID',
  `menu_name` varchar(50) CHARACTER SET utf8mb4 COLLATE utf8mb4_unicode_ci NOT NULL COMMENT '菜单名称',
  `parent_id` bigint DEFAULT '0' COMMENT '父菜单ID',
  `order_num` int DEFAULT '0' COMMENT '显示顺序',
  `path` varchar(200) CHARACTER SET utf8mb4 COLLATE utf8mb4_unicode_ci DEFAULT '' COMMENT '路由地址',
  `component` varchar(255) CHARACTER SET utf8mb4 COLLATE utf8mb4_unicode_ci DEFAULT NULL COMMENT '组件路径',
  `query` varchar(255) CHARACTER SET utf8mb4 COLLATE utf8mb4_unicode_ci DEFAULT NULL COMMENT '路由参数',
  `route_name` varchar(50) CHARACTER SET utf8mb4 COLLATE utf8mb4_unicode_ci DEFAULT '' COMMENT '路由名称',
  `is_frame` int DEFAULT '1' COMMENT '是否为外链（0是 1否）',
  `is_cache` int DEFAULT '0' COMMENT '是否缓存（0缓存 1不缓存）',
  `menu_type` char(1) CHARACTER SET utf8mb4 COLLATE utf8mb4_unicode_ci DEFAULT '' COMMENT '菜单类型（M目录 C菜单 F按钮）',
  `visible` char(1) CHARACTER SET utf8mb4 COLLATE utf8mb4_unicode_ci DEFAULT '0' COMMENT '菜单状态（0显示 1隐藏）',
  `status` char(1) CHARACTER SET utf8mb4 COLLATE utf8mb4_unicode_ci DEFAULT '0' COMMENT '菜单状态（0正常 1停用）',
  `perms` varchar(100) CHARACTER SET utf8mb4 COLLATE utf8mb4_unicode_ci DEFAULT NULL COMMENT '权限标识',
  `icon` varchar(100) CHARACTER SET utf8mb4 COLLATE utf8mb4_unicode_ci DEFAULT '#' COMMENT '菜单图标',
  `create_by` varchar(64) CHARACTER SET utf8mb4 COLLATE utf8mb4_unicode_ci DEFAULT '' COMMENT '创建者',
  `create_time` datetime DEFAULT NULL COMMENT '创建时间',
  `update_by` varchar(64) CHARACTER SET utf8mb4 COLLATE utf8mb4_unicode_ci DEFAULT '' COMMENT '更新者',
  `update_time` datetime DEFAULT NULL COMMENT '更新时间',
  `remark` varchar(500) CHARACTER SET utf8mb4 COLLATE utf8mb4_unicode_ci DEFAULT '' COMMENT '备注'
) ENGINE=InnoDB DEFAULT CHARSET=utf8mb4 COLLATE=utf8mb4_unicode_ci;
/*!40101 SET character_set_client = @saved_cs_client */;

--
-- Dumping data for table `backup_sys_menu_perms_friendlink_before_normalize`
--

LOCK TABLES `backup_sys_menu_perms_friendlink_before_normalize` WRITE;
/*!40000 ALTER TABLE `backup_sys_menu_perms_friendlink_before_normalize` DISABLE KEYS */;
/*!40000 ALTER TABLE `backup_sys_menu_perms_friendlink_before_normalize` ENABLE KEYS */;
UNLOCK TABLES;

--
-- Table structure for table `backup_sys_role_menu_before_assign`
--

DROP TABLE IF EXISTS `backup_sys_role_menu_before_assign`;
/*!40101 SET @saved_cs_client     = @@character_set_client */;
/*!50503 SET character_set_client = utf8mb4 */;
CREATE TABLE `backup_sys_role_menu_before_assign` (
  `role_id` bigint NOT NULL COMMENT '角色ID',
  `menu_id` bigint NOT NULL COMMENT '菜单ID'
) ENGINE=InnoDB DEFAULT CHARSET=utf8mb4 COLLATE=utf8mb4_unicode_ci;
/*!40101 SET character_set_client = @saved_cs_client */;

--
-- Dumping data for table `backup_sys_role_menu_before_assign`
--

LOCK TABLES `backup_sys_role_menu_before_assign` WRITE;
/*!40000 ALTER TABLE `backup_sys_role_menu_before_assign` DISABLE KEYS */;
INSERT INTO `backup_sys_role_menu_before_assign` VALUES (1,2000),(1,2001),(1,2002),(1,2003),(1,2004),(1,2005),(1,2006),(1,20010),(1,20011),(1,20012),(1,20013),(1,20020),(1,20021),(1,20022),(1,20023),(1,20030),(1,20031),(1,20032),(1,20033),(1,20034),(1,20040),(1,20041),(1,20042),(1,20050),(1,20051),(1,20060),(1,20061),(1,20062),(1,20063);
/*!40000 ALTER TABLE `backup_sys_role_menu_before_assign` ENABLE KEYS */;
UNLOCK TABLES;

--
-- Table structure for table `blog_article`
--

DROP TABLE IF EXISTS `blog_article`;
/*!40101 SET @saved_cs_client     = @@character_set_client */;
/*!50503 SET character_set_client = utf8mb4 */;
CREATE TABLE `blog_article` (
  `id` bigint NOT NULL AUTO_INCREMENT COMMENT '文章ID',
  `title` varchar(200) NOT NULL COMMENT '文章标题',
  `summary` varchar(500) DEFAULT NULL COMMENT '文章摘要',
  `content` longtext NOT NULL COMMENT '文章内容',
  `cover_url` varchar(255) DEFAULT NULL COMMENT '封面图片URL',
  `category_id` bigint DEFAULT NULL COMMENT '分类ID',
  `author_id` bigint DEFAULT NULL COMMENT '作者ID',
  `author_name` varchar(50) DEFAULT NULL COMMENT '作者名称',
  `is_top` tinyint DEFAULT '0' COMMENT '是否置顶：0否 1是',
  `is_recommend` tinyint DEFAULT '0' COMMENT '是否推荐：0否 1是',
  `status` tinyint DEFAULT '0' COMMENT '文章状态：0草稿 1已发布',
  `view_count` int DEFAULT '0' COMMENT '浏览量',
  `like_count` int DEFAULT '0' COMMENT '点赞数',
  `comment_count` int DEFAULT '0' COMMENT '评论数',
  `del_flag` char(1) DEFAULT '0' COMMENT '删除标志：0正常 1删除',
  `create_by` varchar(64) DEFAULT '' COMMENT '创建者',
  `create_time` datetime DEFAULT CURRENT_TIMESTAMP COMMENT '创建时间',
  `update_by` varchar(64) DEFAULT '' COMMENT '更新者',
  `update_time` datetime DEFAULT CURRENT_TIMESTAMP ON UPDATE CURRENT_TIMESTAMP COMMENT '更新时间',
  PRIMARY KEY (`id`),
  KEY `idx_category_id` (`category_id`),
  KEY `idx_author_id` (`author_id`),
  KEY `idx_status` (`status`),
  KEY `idx_is_top` (`is_top`),
  KEY `idx_create_time` (`create_time`)
) ENGINE=InnoDB AUTO_INCREMENT=63 DEFAULT CHARSET=utf8mb4 COLLATE=utf8mb4_0900_ai_ci COMMENT='博客文章表';
/*!40101 SET character_set_client = @saved_cs_client */;

--
-- Dumping data for table `blog_article`
--

LOCK TABLES `blog_article` WRITE;
/*!40000 ALTER TABLE `blog_article` DISABLE KEYS */;
INSERT INTO `blog_article` VALUES (1,'欢迎使用博客系统','这是第一篇测试文章，欢迎使用博客系统！','<h1>欢迎使用博客系统</h1><p>这是第一篇测试文章，欢迎使用博客系统！</p>','',1,1,'admin',0,0,1,0,0,0,'0','','2025-11-12 09:24:54','','2025-11-14 16:15:21'),(2,'博客系统功能介绍','介绍博客系统的主要功能和特点','<h1>博客系统功能介绍</h1><p>本系统提供文章管理、分类管理、标签管理等功能。</p>',NULL,1,1,'admin',0,0,1,0,0,0,'0','','2025-11-12 09:24:54','','2025-11-12 09:24:54'),(3,'缅甸正强拆KK电诈园区148栋建筑：竟然有埋尸区、活埋区','','<p><span style=\"background-color: rgb(255, 255, 255); color: rgb(51, 51, 51);\">据媒体报道，</span><strong style=\"background-color: rgb(255, 255, 255); color: rgb(51, 51, 51);\">缅甸政府宣布，正在拆除臭名昭著的电诈源头KK园区内的所有建筑，共计多达148栋，目前已经拆了101栋。</strong></p><p><span style=\"background-color: rgb(255, 255, 255); color: rgb(51, 51, 51);\">这些建筑有一些专门用于从事电信诈骗活动，还有配套的生活设施建筑，包括六层酒店、两层SPA会所、两层KTV、楼医院、健身房、食堂、公园、超市、足球/篮球体育场等等。</span></p><p><span style=\"background-color: rgb(255, 255, 255); color: rgb(51, 51, 51);\">令人不寒而栗的是，园区内疑似存在器官移植中心、埋尸区、活埋区。</span></p><p><span style=\"background-color: rgb(255, 255, 255); color: rgb(51, 51, 51);\">缅甸政府还特别强调，</span><strong style=\"background-color: rgb(255, 255, 255); color: rgb(51, 51, 51);\">在通过边境非法进入KK园区从事招聘活动的外国人中，超过90％都来自泰国。</strong></p><p class=\"ql-align-center\"><u style=\"background-color: rgb(255, 255, 255); color: rgb(0, 153, 255);\"><a href=\"https://img1.mydrivers.com/img/20251110/afe96e75-1964-4aee-9dea-d7b4ad72378b.jpg\" rel=\"noopener noreferrer\" target=\"_blank\"><img src=\"https://img1.mydrivers.com/img/20251110/Safe96e75-1964-4aee-9dea-d7b4ad72378b.jpg\" alt=\"缅甸正强拆KK电诈园区148栋建筑：竟然有埋尸区、活埋区\"></a></u></p><p class=\"ql-align-center\"><u style=\"background-color: rgb(255, 255, 255); color: rgb(0, 153, 255);\"><a href=\"https://img1.mydrivers.com/img/20251110/3a48038d-ace5-4468-8ed9-8b3ccbd04241.png\" rel=\"noopener noreferrer\" target=\"_blank\"><img src=\"https://img1.mydrivers.com/img/20251110/S3a48038d-ace5-4468-8ed9-8b3ccbd04241.png\" alt=\"缅甸正强拆KK电诈园区148栋建筑：竟然有埋尸区、活埋区\"></a></u></p><p><span style=\"background-color: rgb(255, 255, 255); color: rgb(51, 51, 51);\">根据缅甸政府公布的数据，</span><strong style=\"background-color: rgb(255, 255, 255); color: rgb(255, 0, 0);\">2025年1月30日至11月5日期间，缅甸境内共查获并拘留非法移民10762人。</strong></p><p><span style=\"background-color: rgb(255, 255, 255); color: rgb(51, 51, 51);\">其中，9403人已通过泰国遣返原籍国，1359人目前均处于拘留状态，等待遣返。</span></p><p><span style=\"background-color: rgb(255, 255, 255); color: rgb(51, 51, 51);\">今年10月，缅甸国防军突袭了KK园区，抓获了2198名涉诈涉赌人员，另有1500人逃往泰国，还查获了30套星链接收器及配件。</span></p><p><strong style=\"background-color: rgb(255, 255, 255); color: rgb(51, 51, 51);\">SpaceX随后表示，已在当地识别出超过2500台星链设备，并全部封禁。</strong></p><p class=\"ql-align-center\"><span style=\"background-color: rgb(255, 255, 255); color: rgb(51, 51, 51);\"><img src=\"https://img1.mydrivers.com/img/20251110/97f821cc-bf94-4b42-81d6-1ab2cd23248b.png\" alt=\"缅甸正强拆KK电诈园区148栋建筑：竟然有埋尸区、活埋区\"></span></p><p><span style=\"background-color: rgb(255, 255, 255); color: rgb(51, 51, 51);\">KK园区位于缅甸东部的克伦邦妙瓦底，是一座位于泰缅边境的小城，与泰国仅隔一条莫埃河，2020年左右以来大批所谓“园区”在这里迅速崛起，成为电信诈骗的重灾区。</span></p><p><span style=\"background-color: rgb(255, 255, 255); color: rgb(51, 51, 51);\">卫星图显示，截止到2023年8-9月期间，</span><u style=\"background-color: rgb(255, 255, 255); color: rgb(0, 153, 255);\"><a href=\"https://news.mydrivers.com/1/1084/1084369.htm\" rel=\"noopener noreferrer\" target=\"_blank\">短短不到2年的时间，KK园区的规模就扩大了3倍。</a></u></p><p><span style=\"background-color: rgb(255, 255, 255); color: rgb(51, 51, 51);\">即便是今年2月，泰国政府就已经切断了泰缅边境5个园区点位的电力、燃油供应和互联网连接，KK园区的规模却不减反增，已知有楼房在建，还有武装人员把手围挡和岗哨。</span></p><p class=\"ql-align-center\"><span style=\"background-color: rgb(255, 255, 255); color: rgb(51, 51, 51);\"><img src=\"https://img1.mydrivers.com/img/20251110/4baa0dc3-004b-46f0-8295-4c0fdadff7b2.jpg\" alt=\"缅甸正强拆KK电诈园区148栋建筑：竟然有埋尸区、活埋区\"></span></p><p class=\"ql-align-center\"><span style=\"background-color: rgb(255, 255, 255); color: rgb(51, 51, 51);\"><img src=\"https://img1.mydrivers.com/img/20251110/21906287-9e1e-495a-86b7-62bf79992a5d.jpg\" alt=\"缅甸正强拆KK电诈园区148栋建筑：竟然有埋尸区、活埋区\"></span></p><p><br></p>','',6,1,NULL,0,0,1,0,0,0,'0','','2025-11-12 09:57:19','',NULL),(4,'今天是腾讯27岁生日！官方晒腾讯第一间办公室','','<p><strong style=\"background-color: rgb(255, 255, 255); color: rgb(51, 51, 51);\">腾讯成立于1998年11月11日，由马化腾、张志东等五位创始人共同创立，如今已是中国最强互联网公司。</strong></p><p class=\"ql-align-center\"><u style=\"background-color: rgb(255, 255, 255); color: rgb(0, 153, 255);\"><a href=\"https://img1.mydrivers.com/img/20251111/7a00b34f-3d3d-4891-99ee-96040bef4651.png\" rel=\"noopener noreferrer\" target=\"_blank\"><img src=\"https://img1.mydrivers.com/img/20251111/S7a00b34f-3d3d-4891-99ee-96040bef4651.png\" alt=\"今天是腾讯27岁生日！官方晒腾讯第一间办公室\"></a></u></p><p><span style=\"background-color: rgb(255, 255, 255); color: rgb(51, 51, 51);\">据腾讯“鹅厂黑板报”介绍，来自腾讯集团行政部的花菲菲，司龄25年，工号000038，带领员工参观了位于深圳市福田区华强北的赛格科技园二栋东B402腾讯起点。</span></p><p><strong style=\"background-color: rgb(255, 255, 255); color: rgb(51, 51, 51);\">这里是腾讯第一间办公室，位于四楼，QQ的第一个版本于1999年2月在这诞生。</strong></p><p><span style=\"background-color: rgb(255, 255, 255); color: rgb(51, 51, 51);\">这片地区物流繁忙，是手机、电子元器件的交易旺市，也是深圳的创业旺地，直到今天仍有不少年轻人在这里拼搏奋斗。</span></p><p class=\"ql-align-center\"><u style=\"background-color: rgb(255, 255, 255); color: rgb(0, 153, 255);\"><a href=\"https://img1.mydrivers.com/img/20251111/243247fd-b78f-4139-bfe2-94ea62f28aa7.jpg\" rel=\"noopener noreferrer\" target=\"_blank\"><img src=\"https://img1.mydrivers.com/img/20251111/S243247fd-b78f-4139-bfe2-94ea62f28aa7.jpg\" alt=\"今天是腾讯27岁生日！官方晒腾讯第一间办公室\"></a></u></p><p><strong style=\"background-color: rgb(255, 255, 255); color: rgb(255, 0, 0);\">据悉，腾讯当年创立时，包含马化腾在内也只有5人，而如今已经扩展到11万。</strong></p><p><span style=\"background-color: rgb(255, 255, 255); color: rgb(51, 51, 51);\">根据腾讯控股2025年第二季度财报披露，截至2025年6月30日，集团有111,221名雇员。</span></p><p class=\"ql-align-center\"><u style=\"background-color: rgb(255, 255, 255); color: rgb(0, 153, 255);\"><a href=\"https://img1.mydrivers.com/img/20251111/7f1814c8-3ed3-4486-9204-33619857ba46.jpg\" rel=\"noopener noreferrer\" target=\"_blank\"><img src=\"https://img1.mydrivers.com/img/20251111/S7f1814c8-3ed3-4486-9204-33619857ba46.jpg\" alt=\"今天是腾讯27岁生日！官方晒腾讯第一间办公室\"></a></u></p><p class=\"ql-align-center\"><u style=\"background-color: rgb(255, 255, 255); color: rgb(0, 153, 255);\"><a href=\"https://img1.mydrivers.com/img/20251111/d7bff797-9701-4186-b46c-1731482b5354.jpg\" rel=\"noopener noreferrer\" target=\"_blank\"><img src=\"https://img1.mydrivers.com/img/20251111/Sd7bff797-9701-4186-b46c-1731482b5354.jpg\" alt=\"今天是腾讯27岁生日！官方晒腾讯第一间办公室\"></a></u></p><p><span style=\"background-color: rgb(255, 255, 255); color: rgb(51, 51, 51);\">此外，腾讯的产品阵容相较于当年也有翻天覆地的变化，</span><strong style=\"background-color: rgb(255, 255, 255); color: rgb(51, 51, 51);\">发家产品QQ月活仅剩5.32亿。</strong></p><p><strong style=\"background-color: rgb(255, 255, 255); color: rgb(255, 0, 0);\">作为对比，后来者的微信及WeChat合并月活账户数达14.11亿，是国内用户规模最大的社交平台。</strong></p><p><br></p>','',6,1,NULL,0,0,1,0,0,0,'0','','2025-11-12 11:50:30','',NULL),(5,'工业和信息化部办公厅关于常态化组织开展大企业“发榜”中小企业“揭榜”工作的通知','','<p class=\"ql-align-center\">	<span style=\"background-color: rgb(255, 255, 255); color: rgb(51, 51, 51);\">工信厅企业函〔2025〕386号</span></p><p class=\"ql-align-justify\">	<span style=\"background-color: rgb(255, 255, 255); color: rgb(51, 51, 51);\">&nbsp;</span></p><p class=\"ql-align-justify\">	<span style=\"background-color: rgb(255, 255, 255); color: rgb(51, 51, 51);\">各省、自治区、直辖市及计划单列市、新疆生产建设兵团中小企业主管部门：</span></p><p>	<span style=\"background-color: rgb(255, 255, 255); color: rgb(51, 51, 51);\">为深入贯彻落实党中央、国务院关于促进大中小企业融通创新的决策部署，按照《工业和信息化部等十一部门关于开展“携手行动” 促进大中小企业融通创新（2022—2025年）的通知》（工信部联企业〔2022〕54号）要求，在总结前两年工作经验基础上，拟自2025年起常态化开展大企业“发榜”中小企业“揭榜”工作。有关事项通知如下：</span></p><p>	<span style=\"background-color: rgb(255, 255, 255); color: rgb(51, 51, 51);\">一、总体要求</span></p><p>	<span style=\"background-color: rgb(255, 255, 255); color: rgb(51, 51, 51);\">聚焦制造强国、网络强国重点领域，通过龙头企业发布产业技术创新和配套需求，中小企业“揭榜”攻关，由大企业与中小企业自愿基于市场原则进行合作，助力大企业精准对接更多未进入供应商体系的协同创新伙伴，助力更多中小企业融入大企业产业链供应链，实现创新需求由市场提出、创新主体由市场选择、创新成果由市场验证，攻克一批产业技术难题，形成一批融通创新成果，推动科技创新和产业创新融合发展，助力发展新质生产力，提升产业链供应链韧性和安全水平。</span></p><p>	<span style=\"background-color: rgb(255, 255, 255); color: rgb(51, 51, 51);\">二、组织方式</span></p><p>	<span style=\"background-color: rgb(255, 255, 255); color: rgb(51, 51, 51);\">（一）征集大企业需求。各省、自治区、直辖市及计划单列市、新疆生产建设兵团中小企业主管部门（以下统称省级中小企业主管部门）、工业和信息化部相关司局组织动员本地区、本行业有一定带动作用的大企业，结合自身发展实际，重点围绕三方面“发榜”：一是能够为中小企业新技术、新产品提供应用场景验证机会；二是对中小企业产品服务有采购需求，为中小企业融入供应链创新链提供机会；三是愿同中小企业开展联合技术创新攻关。有“发榜”意愿的大企业，可于每季度首月15日前在优质中小企业梯度培育平台（以下简称平台）（https://zjtx.miit.gov.cn/）中供需对接——大企业“发榜”中小企业“揭榜”模块，根据“发榜”类型填写《大企业需求表》（附件1、2、3，可选择是否公开企业名称）。平台将结合需求可行性等情况，筛选形成大企业需求目录，并于每季度首月20日前向社会公开发布。</span></p><p>	<span style=\"background-color: rgb(255, 255, 255); color: rgb(51, 51, 51);\">（二）组织中小企业“揭榜”。围绕大企业需求信息，平台将从专精特新中小企业库中遴选出有“揭榜”潜力的专精特新中小企业，于每季度首月30日前定向推送信息，并同步通知省级中小企业主管部门。有“揭榜”意愿的中小企业应于每季度次月30日前，在平台中供需对接——大企业“发榜”中小企业“揭榜”模块，填写《中小企业“揭榜”对接表》（附件4）。对接表将推送至“发榜”大企业。</span></p><p>	<span style=\"background-color: rgb(255, 255, 255); color: rgb(51, 51, 51);\">（三）确定“揭榜”企业名单。“发榜”大企业根据“揭榜”中小企业的团队水平、研发能力、技术方案、与需求匹配度等组织遴选，选出拟“揭榜”中小企业并在平台反馈。平台将适时发布“揭榜”结果（“揭榜”中小企业不得是“发榜”大企业的子公司、控股公司、供应商等关联企业）。项目完成后由大企业自主安排验收，确定“揭榜”中小企业是否进入应用场景验证清单、供应商目录或继续深化合作关系，协同推进技术攻关和创新。</span></p><p>	<span style=\"background-color: rgb(255, 255, 255); color: rgb(51, 51, 51);\">（四）做好服务支撑。省级中小企业主管部门要利用好对接平台，充分发挥中小企业服务体系作用，动员中小企业服务机构、平台性企业、高校、科研院所、金融机构等加强服务支持，为大企业与中小企业协同攻关提供中试验证、知识产权申报和管理、融资促进、市场开拓等服务，为大中小企业融通创新营造良好环境。</span></p><p>	<span style=\"background-color: rgb(255, 255, 255); color: rgb(51, 51, 51);\">三、工作要求</span></p><p>	<span style=\"background-color: rgb(255, 255, 255); color: rgb(51, 51, 51);\">（一）加强组织指导。省级中小企业主管部门要充分发挥牵头作用，加大宣传动员力度，组织本地区大企业和优质中小企业积极参与，加强后续跟踪服务，及时帮助企业对接协调解决面临的困难和问题，确保工作取得实效。按照工业和信息化部办公厅印发的《中小企业专精特新发展评价指标体系（试行）》，成功“发榜”和“揭榜”的企业数量，将作为推动大中小企业融通情况纳入区域评估分数。</span></p><p>	<span style=\"background-color: rgb(255, 255, 255); color: rgb(51, 51, 51);\">（二）强化政策支持。各地对入选“揭榜”名单的国家级专精特新“小巨人”企业，在中央财政支持专精特新中小企业高质量发展工作中予以适度倾斜；对入选“揭榜”名单的省级专精特新中小企业、科技型中小企业和创新型中小企业，要结合当地实际，通过中小企业发展专项资金现有项目，采取适当方式予以倾斜支持。</span></p><p>	<span style=\"background-color: rgb(255, 255, 255); color: rgb(51, 51, 51);\">（三）注重工作协同。省级中小企业主管部门要以开展“揭榜”“发榜”工作为契机，与“百场万企”融通对接、“一月一链”融资促进、“一起益企”、“中小企业服务月”等活动相互协同，通过线上线下相结合的方式丰富对接形式，提升对接效率，推动大中小企业融通创新工作进一步提质扩面，构建大中小企业相互依存、相互促进的融通创新生态。</span></p><p>	<span style=\"background-color: rgb(255, 255, 255); color: rgb(51, 51, 51);\">&nbsp;</span></p><p>	<span style=\"background-color: rgb(255, 255, 255); color: rgb(51, 51, 51);\">附件：1.</span><a href=\"https://www.miit.gov.cn/cms_files/filemanager/1226211233/attach/20246/4bf2e56586854686a7f8aacee3a5e10f.wps\" rel=\"noopener noreferrer\" target=\"_blank\" style=\"background-color: rgb(255, 255, 255); color: rgb(51, 51, 51);\">大企业需求表</a><span style=\"background-color: rgb(255, 255, 255); color: rgb(51, 51, 51);\">（场景验证类）</span></p><p>	<span style=\"background-color: rgb(255, 255, 255); color: rgb(51, 51, 51);\">&nbsp;&nbsp;&nbsp;&nbsp;&nbsp;&nbsp;2.</span><a href=\"https://www.miit.gov.cn/cms_files/filemanager/1226211233/attach/20246/4bf2e56586854686a7f8aacee3a5e10f.wps\" rel=\"noopener noreferrer\" target=\"_blank\" style=\"background-color: rgb(255, 255, 255); color: rgb(51, 51, 51);\">大企业需求表</a><span style=\"background-color: rgb(255, 255, 255); color: rgb(51, 51, 51);\">（采购需求类）</span></p><p>	<span style=\"background-color: rgb(255, 255, 255); color: rgb(51, 51, 51);\">&nbsp;&nbsp;&nbsp;&nbsp;&nbsp;&nbsp;3.</span><a href=\"https://www.miit.gov.cn/cms_files/filemanager/1226211233/attach/20246/4bf2e56586854686a7f8aacee3a5e10f.wps\" rel=\"noopener noreferrer\" target=\"_blank\" style=\"background-color: rgb(255, 255, 255); color: rgb(51, 51, 51);\">大企业需求表</a><span style=\"background-color: rgb(255, 255, 255); color: rgb(51, 51, 51);\">（技术攻关类）</span></p><p>	<span style=\"background-color: rgb(255, 255, 255); color: rgb(51, 51, 51);\">&nbsp;&nbsp;&nbsp;&nbsp;&nbsp;4.</span><a href=\"https://www.miit.gov.cn/cms_files/filemanager/1226211233/attach/20244/5fd3f1c3d6ee4a3996ea6fe631cbff91.wps\" rel=\"noopener noreferrer\" target=\"_blank\" style=\"background-color: rgb(255, 255, 255); color: rgb(51, 51, 51);\">中小企业“揭榜”对接表</a></p><p>	<span style=\"background-color: rgb(255, 255, 255); color: rgb(51, 51, 51);\">&nbsp;</span></p><p>	<span style=\"background-color: rgb(255, 255, 255); color: rgb(51, 51, 51);\">&nbsp;</span></p><p>	<span style=\"background-color: rgb(255, 255, 255); color: rgb(51, 51, 51);\">&nbsp;</span></p><p class=\"ql-align-right\">	<span style=\"background-color: rgb(255, 255, 255); color: rgb(51, 51, 51);\">工业和信息化部办公厅</span></p><p class=\"ql-align-right\">	<span style=\"background-color: rgb(255, 255, 255); color: rgb(51, 51, 51);\">2025年9月25日</span></p><p><br></p>','',NULL,1,NULL,0,0,1,0,0,0,'0','','2025-11-12 11:53:11','',NULL),(6,'腾讯又招人了 最新员工数量已超11.5万','','<p><span style=\"background-color: rgb(255, 255, 255); color: rgb(51, 51, 51);\">快科技11月13日消息，腾讯今天公布了2025年第三季度财报，营收1928.7亿元 同比增15%。净利润631.3亿元，同比增长19%。</span></p><p><span style=\"background-color: rgb(255, 255, 255); color: rgb(51, 51, 51);\">这一成绩在当前复杂多变的市场环境下，彰显了腾讯强大的业务实力和市场竞争力。</span></p><p><strong style=\"background-color: rgb(255, 255, 255); color: rgb(255, 0, 0);\">截至年9月30日，腾讯的员工数量继续增加，共有115076名员工。</strong><span style=\"background-color: rgb(255, 255, 255); color: rgb(51, 51, 51);\">而今年Q1是10.9万名员工，今年Q2是11.12万名员工。</span></p><p><span style=\"background-color: rgb(255, 255, 255); color: rgb(51, 51, 51);\">在薪酬方面，</span><strong style=\"background-color: rgb(255, 255, 255); color: rgb(51, 51, 51);\">2025年第三季度，腾讯集团三个月的总酬金成本高达人民币324亿元。</strong><span style=\"background-color: rgb(255, 255, 255); color: rgb(51, 51, 51);\">与同比去年同期的296亿元相比，涨幅9.5%。</span></p><p><span style=\"background-color: rgb(255, 255, 255); color: rgb(51, 51, 51);\">腾讯表示，集团聘用的员工数目会依据实际业务需要不时进行调整，而员工薪酬则是根据业内惯例来厘定。</span></p><p class=\"ql-align-center\"><u style=\"background-color: rgb(255, 255, 255); color: rgb(0, 153, 255);\"><a href=\"https://img1.mydrivers.com/img/20251113/039cfb8d6e3641a98f0d8c28d8e70103.jpg\" rel=\"noopener noreferrer\" target=\"_blank\"><img src=\"https://img1.mydrivers.com/img/20251113/s_039cfb8d6e3641a98f0d8c28d8e70103.jpg\" alt=\"腾讯又招人了 最新员工人数量已超11.5万\"></a></u></p><p><br></p>','',6,1,NULL,0,0,1,0,0,0,'0','','2025-11-13 17:40:09','','2025-11-14 15:30:09'),(7,'华为Mate 80 Pro包装盒亮相：麒麟9030、麒麟9030 Pro双芯片','','<p><span style=\"background-color: rgb(255, 255, 255); color: rgb(51, 51, 51);\">快科技11月18日消息，华为Mate 80系列已经定档11月25日，这次有Mate 80/Pro/Pro Max/RS四款新机。</span></p><p><strong style=\"background-color: rgb(255, 255, 255); color: rgb(255, 0, 0);\">博主“熠熠玩数码”曝光了Mate 80 Pro的包装盒，其中显示该机共有两种芯片版本，分别搭载麒麟9030、麒麟9030 Pro。</strong></p><p class=\"ql-align-center\"><u style=\"background-color: rgb(255, 255, 255); color: rgb(0, 153, 255);\"><a href=\"https://img1.mydrivers.com/img/20251117/0ca07010-e650-49a7-b907-dba49aa251a5.png\" rel=\"noopener noreferrer\" target=\"_blank\"><img src=\"https://img1.mydrivers.com/img/20251117/S0ca07010-e650-49a7-b907-dba49aa251a5.png\" alt=\"华为Mate 80 Pro包装盒亮相：麒麟9030、麒麟9030 Pro双芯片\"></a></u></p><p><strong style=\"background-color: rgb(255, 255, 255); color: rgb(51, 51, 51);\">从对应的内存版本来看，推测12+256GB、12+512GB是麒麟9030，16+512GB、16GB+1TB是麒麟9030 Pro。</strong></p><p><span style=\"background-color: rgb(255, 255, 255); color: rgb(51, 51, 51);\">据悉，去年发布的华为Mate 70系列搭载了麒麟9020芯片，其CPU由1 x 2.5GHz大核+3×2.15GHz中核+4×1.6GHz小核组成，集成Maleoon 920 840MHz GPU。</span></p><p><span style=\"background-color: rgb(255, 255, 255); color: rgb(51, 51, 51);\">根据爆料，这次麒麟9030系列工艺制程依然不变，但是核心架构进一步升级，性能方面会有不小的提升。</span></p><p class=\"ql-align-center\"><span style=\"background-color: rgb(255, 255, 255); color: rgb(51, 51, 51);\"><img src=\"https://img1.mydrivers.com/img/20251117/14ca8369-0faf-4534-81f8-c6ad9fdb9473.png\" alt=\"华为Mate 80 Pro包装盒亮相：麒麟9030、麒麟9030 Pro双芯片\"></span></p><p><span style=\"background-color: rgb(255, 255, 255); color: rgb(51, 51, 51);\">值得注意的是，此前9月份的华为Mate XTs 非凡大师发布会开始公开介绍麒麟9020芯片，</span><strong style=\"background-color: rgb(255, 255, 255); color: rgb(51, 51, 51);\">预计这次麒麟9030系列也会在发布会上亮相，甚至介绍一些详细规格，非常值得期待。</strong></p><p><span style=\"background-color: rgb(255, 255, 255); color: rgb(51, 51, 51);\">自美国制裁华为之后，麒麟芯片一度断供，此后华为在发布会上从未公开处理器具体型号，甚至5G信号都一度不再显示。</span></p><p class=\"ql-align-center\"><span style=\"background-color: rgb(255, 255, 255); color: rgb(51, 51, 51);\"><img src=\"https://img1.mydrivers.com/img/20251117/0492971c-fb91-4341-8b95-4c40d9139b45.png\" alt=\"华为Mate 80 Pro包装盒亮相：麒麟9030、麒麟9030 Pro双芯片\"></span></p><p><br></p>',NULL,2,1,NULL,0,0,0,NULL,NULL,NULL,'0','','2025-11-18 19:41:18','',NULL),(8,'内存、闪存价格坐火箭 但厂商就是不增产！害怕AI泡沫破裂','','<p><span style=\"background-color: rgb(255, 255, 255); color: rgb(51, 51, 51);\">快科技11月18日消息，近期，DRAM内存、NAND闪存的价格都疯了，难受的不止有消费者，OEM厂商们也很痛苦，毕竟利润会被严重挤压。</span></p><p><strong style=\"background-color: rgb(255, 255, 255); color: rgb(51, 51, 51);\">模式士丹利的最新报告中，当前形势下，即便是大型制造商和集成商也受到了极大的冲击，为此下调了部分企业的股票持仓建议评级。</strong></p><p class=\"ql-align-center\"><u style=\"background-color: rgb(255, 255, 255); color: rgb(0, 153, 255);\"><a href=\"https://img1.mydrivers.com/img/20251118/b9d684fbf678427d9298eb1a872758d4.jpg\" rel=\"noopener noreferrer\" target=\"_blank\"><img src=\"https://img1.mydrivers.com/img/20251118/s_b9d684fbf678427d9298eb1a872758d4.jpg\" alt=\"内存、闪存价格坐火箭 但厂商就是不增产！害怕AI泡沫破裂\"></a></u></p><p><span style=\"background-color: rgb(255, 255, 255); color: rgb(51, 51, 51);\">摩根士丹利对股票表现预测有三个等级：看好的OW(增持)、中性的EW(持有)、看衰的UW(减持)。</span></p><p><span style=\"background-color: rgb(255, 255, 255); color: rgb(51, 51, 51);\">比如，</span><strong style=\"background-color: rgb(255, 255, 255); color: rgb(51, 51, 51);\">戴尔的评级从OW直接下调至UW，预期股价从144美元降至110美元，是最不被看好的，主要是因为其服务器销量巨大，需要海量内存。</strong></p><p><span style=\"background-color: rgb(255, 255, 255); color: rgb(51, 51, 51);\">惠普：EW→UW，26美元→14美元</span></p><p><span style=\"background-color: rgb(255, 255, 255); color: rgb(51, 51, 51);\">慧与：OW→EW，28美元→25美元。</span></p><p><span style=\"background-color: rgb(255, 255, 255); color: rgb(51, 51, 51);\">联想：OW→EW，毛利率下调30-50个百分点，每股收益下调10％</span></p><p><span style=\"background-color: rgb(255, 255, 255); color: rgb(51, 51, 51);\">华硕：EW→UW，每股收益下调13％</span></p><p><span style=\"background-color: rgb(255, 255, 255); color: rgb(51, 51, 51);\">宏碁：维持UW，每股收益下调37％</span></p><p><span style=\"background-color: rgb(255, 255, 255); color: rgb(51, 51, 51);\">技嘉：OW→EW，每股收益下调11％</span></p><p><span style=\"background-color: rgb(255, 255, 255); color: rgb(51, 51, 51);\">和硕：EW→UW，每股收益下调17％</span></p><p><span style=\"background-color: rgb(255, 255, 255); color: rgb(51, 51, 51);\">仁宝：维持UW，每股收益下调24％</span></p><p><span style=\"background-color: rgb(255, 255, 255); color: rgb(51, 51, 51);\">即便如此，摩根士丹利依然认为，</span><strong style=\"background-color: rgb(255, 255, 255); color: rgb(255, 0, 0);\">多数OEM/ODM厂商都会自行承担内存成本，不惜降低利润率，至少先保住客户和市场再说，这或许最能说明当前危机的严重程度。</strong></p><p><span style=\"background-color: rgb(255, 255, 255); color: rgb(51, 51, 51);\">报告还特别提到了苹果，认为其在危机爆发前就囤积了大量内存，而且与铠侠签订了长期的闪存供应协议，预计受影响很小，产品最多小涨价。</span></p><p><span style=\"background-color: rgb(255, 255, 255); color: rgb(51, 51, 51);\">摩根士丹利还指出，在一台高端服务器中，内存就占总物料成本的40％，普通型服务器也要30％，而标准PC、AI PC分别为20％、15％。</span></p><p><span style=\"background-color: rgb(255, 255, 255); color: rgb(51, 51, 51);\">所以，内存价格的哪怕轻微波动，都会对服务器市场产生严重冲击。</span></p><p class=\"ql-align-center\"><u style=\"background-color: rgb(255, 255, 255); color: rgb(0, 153, 255);\"><a href=\"https://img1.mydrivers.com/img/20251118/bed02064103f4f2fb9af89d4f9a720f1.jpg\" rel=\"noopener noreferrer\" target=\"_blank\"><img src=\"https://img1.mydrivers.com/img/20251118/s_bed02064103f4f2fb9af89d4f9a720f1.jpg\" alt=\"内存、闪存价格坐火箭 但厂商就是不增产！害怕AI泡沫破裂\"></a></u></p><p><span style=\"background-color: rgb(255, 255, 255); color: rgb(51, 51, 51);\">于是很多人就有一个疑问：增加产能不就解决了吗？</span></p><p><span style=\"background-color: rgb(255, 255, 255); color: rgb(51, 51, 51);\">但事实上，</span><strong style=\"background-color: rgb(255, 255, 255); color: rgb(51, 51, 51);\">三星、SK海力士、美光三大原厂都不会在近期显著提升内存产能，相关资本支出有限，预计将投入540亿美元，但主要用于生产HBM内存，而非消费级DDR内存、GDDR显存。</strong></p><p><span style=\"background-color: rgb(255, 255, 255); color: rgb(51, 51, 51);\">这其中有多方面的原因，一是即便有意建设新的工厂和生产线，也需要</span><strong style=\"background-color: rgb(255, 255, 255); color: rgb(51, 51, 51);\">海量的投资和漫长的时间</strong><span style=\"background-color: rgb(255, 255, 255); color: rgb(51, 51, 51);\">，远水解不了近渴。</span></p><p><span style=\"background-color: rgb(255, 255, 255); color: rgb(51, 51, 51);\">二是</span><strong style=\"background-color: rgb(255, 255, 255); color: rgb(51, 51, 51);\">半导体行业固有的周期波动性</strong><span style=\"background-color: rgb(255, 255, 255); color: rgb(51, 51, 51);\">，等产能上来了，价格可能又暴跌了，厂商从不愿意轻易冒险。</span></p><p><strong style=\"background-color: rgb(255, 255, 255); color: rgb(255, 0, 0);\">第三也是最关键的，当下AI热潮正盛，但谁也不知道会持续到什么时候，甚至很多声音认为我们正处在一个巨大的AI泡沫中，随时可能破裂，谁也不愿意成为那个倒霉鬼。</strong></p><p><span style=\"background-color: rgb(255, 255, 255); color: rgb(51, 51, 51);\">至于长鑫、长江为何不抓紧抢夺市场……他们倒是想啊，但即便不考虑上述因素，设备也都被制裁了。</span></p><p class=\"ql-align-center\"><a href=\"https://img1.mydrivers.com/img/20251118/6fa9fe3a0a2244228574dab25da1575e.jpg\" rel=\"noopener noreferrer\" target=\"_blank\" style=\"background-color: rgb(255, 255, 255); color: rgb(242, 53, 53);\"><img src=\"https://img1.mydrivers.com/img/20251118/s_6fa9fe3a0a2244228574dab25da1575e.jpg\" alt=\"内存、闪存价格坐火箭 但厂商就是不增产！害怕AI泡沫破裂\"></a></p><p><br></p>',NULL,7,1,NULL,0,0,0,NULL,NULL,NULL,'0','','2025-11-18 21:45:25','',NULL),(9,'测试文章API','这是通过API创建的测试文章','# 测试内容\n\n这是一篇测试文章的内容。',NULL,1,1,NULL,0,0,1,NULL,NULL,NULL,'0','','2025-11-21 11:43:25','',NULL),(10,'API测试文章_$(date +%s)','这是通过API创建的测试文章','# 测试内容\n\n这是一篇测试文章的内容。',NULL,1,1,NULL,0,0,1,NULL,NULL,NULL,'0','','2025-11-21 11:47:12','',NULL),(11,'API测试文章_2024','这是通过API创建的测试文章','# 测试内容\n\n这是一篇测试文章的内容。',NULL,1,1,NULL,0,0,1,NULL,NULL,NULL,'0','','2025-11-21 11:49:06','',NULL),(12,'性能测试文章_1763697218_7598','这是一篇用于性能测试的文章','# 性能测试文章\n\n创建时间: 2025-11-21 11:53:38\n\n测试内容...',NULL,4,1,NULL,0,1,1,NULL,NULL,NULL,'0','','2025-11-21 11:53:39','',NULL),(13,'性能测试文章_1763697218_5396','这是一篇用于性能测试的文章','# 性能测试文章\n\n创建时间: 2025-11-21 11:53:38\n\n测试内容...',NULL,2,1,NULL,0,1,1,NULL,NULL,NULL,'0','','2025-11-21 11:53:39','',NULL),(14,'性能测试文章_1763697218_7550','这是一篇用于性能测试的文章','# 性能测试文章\n\n创建时间: 2025-11-21 11:53:38\n\n测试内容...',NULL,1,1,NULL,0,0,1,NULL,NULL,NULL,'0','','2025-11-21 11:53:39','',NULL),(15,'性能测试文章_1763697218_8338','这是一篇用于性能测试的文章','# 性能测试文章\n\n创建时间: 2025-11-21 11:53:38\n\n测试内容...',NULL,2,1,NULL,0,0,1,NULL,NULL,NULL,'0','','2025-11-21 11:53:39','',NULL),(16,'性能测试文章_1763697218_9656','这是一篇用于性能测试的文章','# 性能测试文章\n\n创建时间: 2025-11-21 11:53:38\n\n测试内容...',NULL,2,1,NULL,0,0,1,NULL,NULL,NULL,'0','','2025-11-21 11:53:39','',NULL),(17,'性能测试文章_1763697218_3243','这是一篇用于性能测试的文章','# 性能测试文章\n\n创建时间: 2025-11-21 11:53:38\n\n测试内容...',NULL,2,1,NULL,0,0,1,NULL,NULL,NULL,'0','','2025-11-21 11:53:39','',NULL),(18,'性能测试文章_1763697218_8286','这是一篇用于性能测试的文章','# 性能测试文章\n\n创建时间: 2025-11-21 11:53:38\n\n测试内容...',NULL,5,1,NULL,0,0,1,NULL,NULL,NULL,'0','','2025-11-21 11:53:39','',NULL),(19,'性能测试文章_1763697218_3658','这是一篇用于性能测试的文章','# 性能测试文章\n\n创建时间: 2025-11-21 11:53:38\n\n测试内容...',NULL,3,1,NULL,0,0,1,NULL,NULL,NULL,'0','','2025-11-21 11:53:39','',NULL),(20,'性能测试文章_1763697218_4266','这是一篇用于性能测试的文章','# 性能测试文章\n\n创建时间: 2025-11-21 11:53:38\n\n测试内容...',NULL,1,1,NULL,0,0,1,NULL,NULL,NULL,'0','','2025-11-21 11:53:39','',NULL),(21,'性能测试文章_1763697218_4095','这是一篇用于性能测试的文章','# 性能测试文章\n\n创建时间: 2025-11-21 11:53:38\n\n测试内容...',NULL,3,1,NULL,0,1,1,NULL,NULL,NULL,'0','','2025-11-21 11:53:39','',NULL),(22,'性能测试文章_1763697218_9447','这是一篇用于性能测试的文章','# 性能测试文章\n\n创建时间: 2025-11-21 11:53:38\n\n测试内容...',NULL,1,1,NULL,0,0,1,NULL,NULL,NULL,'0','','2025-11-21 11:53:39','',NULL),(23,'性能测试文章_1763697218_9267','这是一篇用于性能测试的文章','# 性能测试文章\n\n创建时间: 2025-11-21 11:53:38\n\n测试内容...',NULL,5,1,NULL,0,1,1,NULL,NULL,NULL,'0','','2025-11-21 11:53:39','',NULL),(24,'性能测试文章_1763697218_8139','这是一篇用于性能测试的文章','# 性能测试文章\n\n创建时间: 2025-11-21 11:53:38\n\n测试内容...',NULL,1,1,NULL,0,1,1,NULL,NULL,NULL,'0','','2025-11-21 11:53:39','',NULL),(25,'性能测试文章_1763697218_3467','这是一篇用于性能测试的文章','# 性能测试文章\n\n创建时间: 2025-11-21 11:53:38\n\n测试内容...',NULL,5,1,NULL,0,1,1,NULL,NULL,NULL,'0','','2025-11-21 11:53:39','',NULL),(26,'性能测试文章_1763697218_1904','这是一篇用于性能测试的文章','# 性能测试文章\n\n创建时间: 2025-11-21 11:53:38\n\n测试内容...',NULL,1,1,NULL,0,1,1,NULL,NULL,NULL,'0','','2025-11-21 11:53:39','',NULL),(27,'性能测试文章_1763697218_7683','这是一篇用于性能测试的文章','# 性能测试文章\n\n创建时间: 2025-11-21 11:53:38\n\n测试内容...',NULL,1,1,NULL,0,0,1,NULL,NULL,NULL,'0','','2025-11-21 11:53:39','',NULL),(28,'性能测试文章_1763697218_6552','这是一篇用于性能测试的文章','# 性能测试文章\n\n创建时间: 2025-11-21 11:53:38\n\n测试内容...',NULL,5,1,NULL,0,1,1,NULL,NULL,NULL,'0','','2025-11-21 11:53:39','',NULL),(29,'性能测试文章_1763697218_8653','这是一篇用于性能测试的文章','# 性能测试文章\n\n创建时间: 2025-11-21 11:53:38\n\n测试内容...',NULL,3,1,NULL,0,0,1,NULL,NULL,NULL,'0','','2025-11-21 11:53:39','',NULL),(30,'性能测试文章_1763697218_5602','这是一篇用于性能测试的文章','# 性能测试文章\n\n创建时间: 2025-11-21 11:53:38\n\n测试内容...',NULL,2,1,NULL,0,1,1,NULL,NULL,NULL,'0','','2025-11-21 11:53:39','',NULL),(31,'性能测试文章_1763697218_5323','这是一篇用于性能测试的文章','# 性能测试文章\n\n创建时间: 2025-11-21 11:53:38\n\n测试内容...',NULL,2,1,NULL,0,1,1,NULL,NULL,NULL,'0','','2025-11-21 11:53:39','',NULL),(32,'性能测试文章_1763697218_9926','这是一篇用于性能测试的文章','# 性能测试文章\n\n创建时间: 2025-11-21 11:53:38\n\n测试内容...',NULL,2,1,NULL,0,1,1,NULL,NULL,NULL,'0','','2025-11-21 11:53:39','',NULL),(33,'性能测试文章_1763697218_5299','这是一篇用于性能测试的文章','# 性能测试文章\n\n创建时间: 2025-11-21 11:53:38\n\n测试内容...',NULL,4,1,NULL,0,0,1,NULL,NULL,NULL,'0','','2025-11-21 11:53:39','',NULL),(34,'性能测试文章_1763697218_4551','这是一篇用于性能测试的文章','# 性能测试文章\n\n创建时间: 2025-11-21 11:53:38\n\n测试内容...',NULL,3,1,NULL,0,0,1,NULL,NULL,NULL,'0','','2025-11-21 11:53:39','',NULL),(35,'性能测试文章_1763697218_9930','这是一篇用于性能测试的文章','# 性能测试文章\n\n创建时间: 2025-11-21 11:53:38\n\n测试内容...',NULL,2,1,NULL,0,1,1,NULL,NULL,NULL,'0','','2025-11-21 11:53:39','',NULL),(36,'性能测试文章_1763697218_4655','这是一篇用于性能测试的文章','# 性能测试文章\n\n创建时间: 2025-11-21 11:53:38\n\n测试内容...',NULL,1,1,NULL,0,1,1,NULL,NULL,NULL,'0','','2025-11-21 11:53:39','',NULL),(37,'性能测试文章_1763697218_7292','这是一篇用于性能测试的文章','# 性能测试文章\n\n创建时间: 2025-11-21 11:53:38\n\n测试内容...',NULL,5,1,NULL,0,0,1,NULL,NULL,NULL,'0','','2025-11-21 11:53:39','',NULL),(38,'性能测试文章_1763697218_8726','这是一篇用于性能测试的文章','# 性能测试文章\n\n创建时间: 2025-11-21 11:53:38\n\n测试内容...',NULL,3,1,NULL,0,1,1,NULL,NULL,NULL,'0','','2025-11-21 11:53:39','',NULL),(39,'性能测试文章_1763697218_8433','这是一篇用于性能测试的文章','# 性能测试文章\n\n创建时间: 2025-11-21 11:53:38\n\n测试内容...',NULL,4,1,NULL,0,1,1,NULL,NULL,NULL,'0','','2025-11-21 11:53:39','',NULL),(40,'性能测试文章_1763697218_3292','这是一篇用于性能测试的文章','# 性能测试文章\n\n创建时间: 2025-11-21 11:53:38\n\n测试内容...',NULL,4,1,NULL,0,0,1,NULL,NULL,NULL,'0','','2025-11-21 11:53:39','',NULL),(41,'性能测试文章_1763697218_3324','这是一篇用于性能测试的文章','# 性能测试文章\n\n创建时间: 2025-11-21 11:53:38\n\n测试内容...',NULL,1,1,NULL,0,0,1,NULL,NULL,NULL,'0','','2025-11-21 11:53:39','',NULL),(42,'性能测试文章_1763697219_4807','这是一篇用于性能测试的文章','# 性能测试文章\n\n创建时间: 2025-11-21 11:53:38\n\n测试内容...',NULL,1,1,NULL,0,1,1,NULL,NULL,NULL,'0','','2025-11-21 11:53:39','',NULL),(43,'性能测试文章_1763697219_3577','这是一篇用于性能测试的文章','# 性能测试文章\n\n创建时间: 2025-11-21 11:53:38\n\n测试内容...',NULL,4,1,NULL,0,1,1,NULL,NULL,NULL,'0','','2025-11-21 11:53:39','',NULL),(44,'性能测试文章_1763697219_9795','这是一篇用于性能测试的文章','# 性能测试文章\n\n创建时间: 2025-11-21 11:53:39\n\n测试内容...',NULL,2,1,NULL,0,1,1,NULL,NULL,NULL,'0','','2025-11-21 11:53:39','',NULL),(45,'性能测试文章_1763697219_7630','这是一篇用于性能测试的文章','# 性能测试文章\n\n创建时间: 2025-11-21 11:53:39\n\n测试内容...',NULL,5,1,NULL,0,0,1,NULL,NULL,NULL,'0','','2025-11-21 11:53:39','',NULL),(46,'性能测试文章_1763697219_7677','这是一篇用于性能测试的文章','# 性能测试文章\n\n创建时间: 2025-11-21 11:53:39\n\n测试内容...',NULL,2,1,NULL,0,1,1,NULL,NULL,NULL,'0','','2025-11-21 11:53:39','',NULL),(47,'性能测试文章_1763697219_8108','这是一篇用于性能测试的文章','# 性能测试文章\n\n创建时间: 2025-11-21 11:53:39\n\n测试内容...',NULL,3,1,NULL,0,1,1,NULL,NULL,NULL,'0','','2025-11-21 11:53:39','',NULL),(48,'性能测试文章_1763697219_2972','这是一篇用于性能测试的文章','# 性能测试文章\n\n创建时间: 2025-11-21 11:53:39\n\n测试内容...',NULL,1,1,NULL,0,0,1,NULL,NULL,NULL,'0','','2025-11-21 11:53:39','',NULL),(49,'性能测试文章_1763697219_6750','这是一篇用于性能测试的文章','# 性能测试文章\n\n创建时间: 2025-11-21 11:53:39\n\n测试内容...',NULL,4,1,NULL,0,1,1,NULL,NULL,NULL,'0','','2025-11-21 11:53:39','',NULL),(50,'性能测试文章_1763697219_6006','这是一篇用于性能测试的文章','# 性能测试文章\n\n创建时间: 2025-11-21 11:53:39\n\n测试内容...',NULL,2,1,NULL,0,1,1,NULL,NULL,NULL,'0','','2025-11-21 11:53:39','',NULL),(51,'性能测试文章_1763697219_4076','这是一篇用于性能测试的文章','# 性能测试文章\n\n创建时间: 2025-11-21 11:53:39\n\n测试内容...',NULL,2,1,NULL,0,0,1,NULL,NULL,NULL,'0','','2025-11-21 11:53:39','',NULL),(52,'性能测试文章_1763697219_4103','这是一篇用于性能测试的文章','# 性能测试文章\n\n创建时间: 2025-11-21 11:53:39\n\n测试内容...',NULL,3,1,NULL,0,0,1,NULL,NULL,NULL,'0','','2025-11-21 11:53:39','',NULL),(53,'性能测试文章_1763697219_5117','这是一篇用于性能测试的文章','# 性能测试文章\n\n创建时间: 2025-11-21 11:53:39\n\n测试内容...',NULL,2,1,NULL,0,1,1,NULL,NULL,NULL,'0','','2025-11-21 11:53:39','',NULL),(54,'性能测试文章_1763697218_3620','这是一篇用于性能测试的文章','# 性能测试文章\n\n创建时间: 2025-11-21 11:53:38\n\n测试内容...',NULL,3,1,NULL,0,1,1,NULL,NULL,NULL,'0','','2025-11-21 11:53:39','',NULL),(55,'性能测试文章_1763697219_2918','这是一篇用于性能测试的文章','# 性能测试文章\n\n创建时间: 2025-11-21 11:53:39\n\n测试内容...',NULL,4,1,NULL,0,1,1,NULL,NULL,NULL,'0','','2025-11-21 11:53:39','',NULL),(56,'性能测试文章_1763697219_4961','这是一篇用于性能测试的文章','# 性能测试文章\n\n创建时间: 2025-11-21 11:53:39\n\n测试内容...',NULL,3,1,NULL,0,1,1,NULL,NULL,NULL,'0','','2025-11-21 11:53:39','',NULL),(57,'性能测试文章_1763697219_2871','这是一篇用于性能测试的文章','# 性能测试文章\n\n创建时间: 2025-11-21 11:53:39\n\n测试内容...',NULL,2,1,NULL,0,1,1,NULL,NULL,NULL,'0','','2025-11-21 11:53:39','',NULL),(58,'性能测试文章_1763697219_9722','这是一篇用于性能测试的文章','# 性能测试文章\n\n创建时间: 2025-11-21 11:53:39\n\n测试内容...',NULL,3,1,NULL,0,1,1,NULL,NULL,NULL,'0','','2025-11-21 11:53:39','',NULL),(59,'性能测试文章_1763697219_9294','这是一篇用于性能测试的文章','# 性能测试文章\n\n创建时间: 2025-11-21 11:53:39\n\n测试内容...',NULL,2,1,NULL,0,1,1,NULL,NULL,NULL,'0','','2025-11-21 11:53:39','',NULL),(60,'性能测试文章_1763697219_3674','这是一篇用于性能测试的文章','# 性能测试文章\n\n创建时间: 2025-11-21 11:53:39\n\n测试内容...',NULL,1,1,NULL,0,0,1,NULL,NULL,NULL,'0','','2025-11-21 11:53:39','',NULL),(61,'性能测试文章_1763697219_7907','这是一篇用于性能测试的文章','# 性能测试文章\n\n创建时间: 2025-11-21 11:53:39\n\n测试内容...',NULL,4,1,NULL,0,0,1,NULL,NULL,NULL,'0','','2025-11-21 11:53:39','',NULL),(62,'性能测试文章_1763697219_6663','这是一篇用于性能测试的文章','# 性能测试文章\n\n创建时间: 2025-11-21 11:53:39\n\n测试内容...',NULL,4,1,NULL,0,0,1,NULL,NULL,NULL,'0','','2025-11-21 11:53:39','',NULL);
/*!40000 ALTER TABLE `blog_article` ENABLE KEYS */;
UNLOCK TABLES;

--
-- Table structure for table `blog_article_tag`
--

DROP TABLE IF EXISTS `blog_article_tag`;
/*!40101 SET @saved_cs_client     = @@character_set_client */;
/*!50503 SET character_set_client = utf8mb4 */;
CREATE TABLE `blog_article_tag` (
  `id` bigint NOT NULL AUTO_INCREMENT COMMENT '主键ID',
  `article_id` bigint NOT NULL COMMENT '文章ID',
  `tag_id` bigint NOT NULL COMMENT '标签ID',
  PRIMARY KEY (`id`),
  UNIQUE KEY `uk_article_tag` (`article_id`,`tag_id`)
) ENGINE=InnoDB AUTO_INCREMENT=56 DEFAULT CHARSET=utf8mb4 COLLATE=utf8mb4_0900_ai_ci COMMENT='文章标签关联表';
/*!40101 SET character_set_client = @saved_cs_client */;

--
-- Dumping data for table `blog_article_tag`
--

LOCK TABLES `blog_article_tag` WRITE;
/*!40000 ALTER TABLE `blog_article_tag` DISABLE KEYS */;
INSERT INTO `blog_article_tag` VALUES (1,3,1),(2,6,6),(3,11,1),(4,11,2),(5,12,6),(10,13,1),(6,14,9),(8,15,1),(9,16,2),(7,17,4),(11,18,10),(12,19,6),(14,20,5),(13,21,7),(15,22,10),(16,23,4),(17,24,4),(18,25,8),(19,26,9),(22,27,6),(21,28,6),(20,29,9),(23,30,6),(25,31,10),(24,32,6),(26,33,6),(41,34,3),(27,35,7),(28,36,7),(30,37,7),(33,38,6),(32,39,2),(29,40,6),(31,41,8),(36,42,9),(35,43,5),(34,44,9),(37,45,7),(38,46,7),(40,47,9),(39,48,5),(45,49,10),(42,50,2),(43,51,2),(44,52,1),(46,53,2),(47,54,6),(48,55,3),(49,56,10),(50,57,4),(51,58,8),(52,59,6),(54,60,9),(53,61,5),(55,62,4);
/*!40000 ALTER TABLE `blog_article_tag` ENABLE KEYS */;
UNLOCK TABLES;

--
-- Table structure for table `blog_category`
--

DROP TABLE IF EXISTS `blog_category`;
/*!40101 SET @saved_cs_client     = @@character_set_client */;
/*!50503 SET character_set_client = utf8mb4 */;
CREATE TABLE `blog_category` (
  `id` bigint NOT NULL AUTO_INCREMENT COMMENT '分类ID',
  `name` varchar(100) NOT NULL COMMENT '分类名称',
  `alias` varchar(100) DEFAULT NULL COMMENT '分类别名',
  `description` varchar(255) DEFAULT NULL COMMENT '分类描述',
  `parent_id` bigint DEFAULT '0' COMMENT '父分类ID，0表示顶级分类',
  `sort_order` int DEFAULT '0' COMMENT '排序序号',
  `article_count` int DEFAULT '0' COMMENT '文章数量',
  `status` tinyint DEFAULT '1' COMMENT '状态：0禁用 1启用',
  `del_flag` char(1) DEFAULT '0' COMMENT '删除标志：0正常 1删除',
  `create_by` varchar(64) DEFAULT '' COMMENT '创建者',
  `create_time` datetime DEFAULT CURRENT_TIMESTAMP COMMENT '创建时间',
  `update_by` varchar(64) DEFAULT '' COMMENT '更新者',
  `update_time` datetime DEFAULT CURRENT_TIMESTAMP ON UPDATE CURRENT_TIMESTAMP COMMENT '更新时间',
  `sort` int DEFAULT '0' COMMENT '排序',
  PRIMARY KEY (`id`),
  KEY `idx_parent_id` (`parent_id`),
  KEY `idx_status` (`status`),
  KEY `idx_sort_order` (`sort_order`)
) ENGINE=InnoDB AUTO_INCREMENT=9 DEFAULT CHARSET=utf8mb4 COLLATE=utf8mb4_0900_ai_ci COMMENT='博客分类表';
/*!40101 SET character_set_client = @saved_cs_client */;

--
-- Dumping data for table `blog_category`
--

LOCK TABLES `blog_category` WRITE;
/*!40000 ALTER TABLE `blog_category` DISABLE KEYS */;
INSERT INTO `blog_category` VALUES (1,'技术博客','tech','技术相关文章分类',0,1,2,1,'0','','2025-11-12 09:30:05','','2025-11-12 09:33:22',1),(2,'生活随笔','life','生活感悟和随笔',0,2,0,1,'0','','2025-11-12 09:30:05','','2025-11-12 09:33:22',2),(3,'前端开发','frontend','前端技术相关内容',1,1,0,1,'0','','2025-11-12 09:30:05','','2025-11-12 09:33:22',1),(4,'后端开发','backend','后端技术相关内容',1,2,0,1,'0','','2025-11-12 09:30:05','','2025-11-12 09:33:22',2),(6,'阅读分享','reading','读书笔记和好书推荐',2,1,3,1,'0','','2025-11-12 09:30:05','','2025-11-14 16:45:44',1),(7,'日常生活',NULL,NULL,0,0,0,1,'0','','2025-11-18 19:39:57','','2025-11-18 19:39:57',0),(8,'技术分享',NULL,NULL,0,0,0,1,'0','','2025-11-21 11:49:22','','2025-11-21 11:49:22',1);
/*!40000 ALTER TABLE `blog_category` ENABLE KEYS */;
UNLOCK TABLES;

--
-- Table structure for table `blog_comment`
--

DROP TABLE IF EXISTS `blog_comment`;
/*!40101 SET @saved_cs_client     = @@character_set_client */;
/*!50503 SET character_set_client = utf8mb4 */;
CREATE TABLE `blog_comment` (
  `id` bigint NOT NULL AUTO_INCREMENT COMMENT '主键ID',
  `article_id` bigint NOT NULL COMMENT '文章ID',
  `user_id` bigint DEFAULT NULL COMMENT '用户ID（可为空，匿名评论）',
  `nickname` varchar(64) DEFAULT NULL COMMENT '昵称（匿名评论用）',
  `email` varchar(128) DEFAULT NULL COMMENT '邮箱（匿名评论用）',
  `content` text NOT NULL COMMENT '评论内容',
  `parent_id` bigint DEFAULT '0' COMMENT '父评论ID',
  `status` tinyint DEFAULT '1' COMMENT '状态 0待审核 1正常 2已删除',
  `create_time` datetime DEFAULT CURRENT_TIMESTAMP COMMENT '创建时间',
  `ip` varchar(64) DEFAULT NULL COMMENT '评论IP',
  PRIMARY KEY (`id`)
) ENGINE=InnoDB AUTO_INCREMENT=2 DEFAULT CHARSET=utf8mb4 COLLATE=utf8mb4_0900_ai_ci COMMENT='博客评论表';
/*!40101 SET character_set_client = @saved_cs_client */;

--
-- Dumping data for table `blog_comment`
--

LOCK TABLES `blog_comment` WRITE;
/*!40000 ALTER TABLE `blog_comment` DISABLE KEYS */;
INSERT INTO `blog_comment` VALUES (1,4,NULL,NULL,NULL,'hello',0,1,'2025-11-12 11:54:00',NULL);
/*!40000 ALTER TABLE `blog_comment` ENABLE KEYS */;
UNLOCK TABLES;

--
-- Table structure for table `blog_friend_link`
--

DROP TABLE IF EXISTS `blog_friend_link`;
/*!40101 SET @saved_cs_client     = @@character_set_client */;
/*!50503 SET character_set_client = utf8mb4 */;
CREATE TABLE `blog_friend_link` (
  `id` bigint NOT NULL AUTO_INCREMENT COMMENT '主键ID',
  `name` varchar(64) NOT NULL COMMENT '友链名称',
  `url` varchar(255) NOT NULL COMMENT '友链地址',
  `logo` varchar(255) DEFAULT NULL COMMENT '友链Logo',
  `description` varchar(255) DEFAULT NULL COMMENT '描述',
  `status` tinyint DEFAULT '1' COMMENT '状态 0禁用 1启用',
  `create_time` datetime DEFAULT CURRENT_TIMESTAMP COMMENT '创建时间',
  `del_flag` tinyint DEFAULT '0' COMMENT '删除标志（0代表存在 1代表删除）',
  `update_time` datetime DEFAULT CURRENT_TIMESTAMP ON UPDATE CURRENT_TIMESTAMP COMMENT '更新时间',
  `sort` int DEFAULT '0' COMMENT '排序',
  `create_by` varchar(64) DEFAULT '' COMMENT '创建者',
  `update_by` varchar(64) DEFAULT '' COMMENT '更新者',
  PRIMARY KEY (`id`)
) ENGINE=InnoDB AUTO_INCREMENT=6 DEFAULT CHARSET=utf8mb4 COLLATE=utf8mb4_0900_ai_ci COMMENT='博客友链表';
/*!40101 SET character_set_client = @saved_cs_client */;

--
-- Dumping data for table `blog_friend_link`
--

LOCK TABLES `blog_friend_link` WRITE;
/*!40000 ALTER TABLE `blog_friend_link` DISABLE KEYS */;
INSERT INTO `blog_friend_link` VALUES (1,'Spring官网','https://spring.io/',NULL,'Spring框架官方网站',1,'2025-11-10 15:53:17',0,'2025-11-21 11:50:54',0,'',''),(2,'Vue.js官网','https://vuejs.org/',NULL,'Vue.js框架官方网站',1,'2025-11-10 15:53:17',0,'2025-11-21 11:50:54',0,'',''),(3,'Element Plus','https://element-plus.org/',NULL,'Vue 3组件库',1,'2025-11-10 15:53:17',0,'2025-11-21 11:50:54',0,'',''),(4,'GitHub','https://github.com/',NULL,'全球最大的代码托管平台',1,'2025-11-10 15:53:17',0,'2025-11-21 11:50:54',0,'',''),(5,'MDN Web Docs','https://developer.mozilla.org/',NULL,'Web开发者资源',1,'2025-11-10 15:53:17',0,'2025-11-21 11:50:54',0,'','');
/*!40000 ALTER TABLE `blog_friend_link` ENABLE KEYS */;
UNLOCK TABLES;

--
-- Table structure for table `blog_setting`
--

DROP TABLE IF EXISTS `blog_setting`;
/*!40101 SET @saved_cs_client     = @@character_set_client */;
/*!50503 SET character_set_client = utf8mb4 */;
CREATE TABLE `blog_setting` (
  `id` bigint NOT NULL AUTO_INCREMENT COMMENT '主键ID',
  `config_key` varchar(64) NOT NULL COMMENT '配置项Key',
  `config_value` longtext COMMENT '配置项Value',
  `description` varchar(255) DEFAULT NULL COMMENT '描述',
  `create_time` datetime DEFAULT CURRENT_TIMESTAMP COMMENT '创建时间',
  `update_time` datetime DEFAULT CURRENT_TIMESTAMP ON UPDATE CURRENT_TIMESTAMP COMMENT '更新时间',
  PRIMARY KEY (`id`),
  UNIQUE KEY `uk_config_key` (`config_key`)
) ENGINE=InnoDB AUTO_INCREMENT=43 DEFAULT CHARSET=utf8mb4 COLLATE=utf8mb4_0900_ai_ci COMMENT='博客系统设置表';
/*!40101 SET character_set_client = @saved_cs_client */;

--
-- Dumping data for table `blog_setting`
--

LOCK TABLES `blog_setting` WRITE;
/*!40000 ALTER TABLE `blog_setting` DISABLE KEYS */;
INSERT INTO `blog_setting` VALUES (1,'blog_name','我的博客 - 记录技术与生活','博客名称','2025-11-10 15:53:17','2025-11-12 13:37:57'),(2,'blog_desc','分享技术经验，记录生活点滴，成为更好的自己','博客描述','2025-11-10 15:53:17','2025-11-12 13:37:57'),(3,'blog_author','Nevell','博客作者','2025-11-10 15:53:17','2025-11-10 15:53:17'),(4,'blog_keywords','前端开发,后端开发,全栈开发,Spring Boot,Vue.js,MySQL,算法,面试','博客关键词','2025-11-10 15:53:17','2025-11-12 13:37:57'),(5,'blog_copyright','Copyright © 2025 我的技术博客. All rights reserved.','版权信息','2025-11-10 15:53:17','2025-11-10 15:53:17'),(6,'blog_beian','ICP备123456号','备案信息','2025-11-10 15:53:17','2025-11-14 16:09:10'),(7,'blog_comment_enable','1','是否开启评论功能','2025-11-10 15:53:17','2025-11-10 15:53:17'),(8,'blog_comment_audit','1','评论是否需要审核','2025-11-10 15:53:17','2025-11-10 15:53:17'),(9,'blog_email','nevell@foxmail.com','博客联系邮箱','2025-11-12 13:37:57','2025-11-17 19:30:10'),(10,'blog_url','http://localhost:3000','博客访问地址','2025-11-12 13:37:57','2025-11-12 13:37:57'),(11,'blog_start_time','2025-01-01','博客创建时间','2025-11-12 13:37:57','2025-11-12 13:37:57'),(12,'blog_avatar','data:image/png;base64,iVBORw0KGgoAAAANSUhEUgAAAMgAAADICAYAAACtWK6eAAAAAXNSR0IArs4c6QAAEKJJREFUeF7tnb+PHUkRx+f5kEAX+AxICOkwqyNaEqQjsiXQ2ZAQWiQOIEDkSOvsJII7B0jOdiXyEwGJk5P/AvAJJDvCEslthhYTIR3nI+CH4Hi4Zqff9Zs3P/pXVVdV10iWd/f19MxU1+d9q6p7ZjadbWgW2G63t7zO4ee3Zg7mt/ObPJ5o/4H3t8ebzWaqDdo1tdbxprULxrjeAQTn5A6COafHOAXo04HiADJ4CljaAEkw4gDEO8Ou1CDEnjGA00Oz2Wzejd259fYGyIoHeGGSFCBCfPq+ARNipq4zQCbsNIKCu0KEjfR8q15hTF2mDWSADHZpDIo5XAyWkWWaBsSgWBQfgwXytlx9lri/l2RrD59KDU+zOUtTgBgY2bw0B0oTgBgY2WBMdXC/hcReNSDb7Rbq/q48i+Il1mmnGhSVgBgYVbBVCYoqQKSEUk+fPt15sP/zkydPJj375s2be3+/ceNG/7v7vwoO8wdVBYoKQLiCAc4P/5zj+zCUdGoAxUF0cnJSsuvUviCZV7EWTDwgXMIpKhhCPfbevXt908rAiFcTsYDUBsOpwenpaa8SnDenMBVhEQuKOEBqhlMAggQglmCtqCwwMw+giLp/RRQgNVRDAxRzwAAsFVRFlJqIAWS73f72ZeJHsjREMxRTsFQARQwk7AGhDKnOzs76ihP3nAIr36kAym3uIRdrQChCqtbUIgQuYlBYqwlbQLBDKgNjHRVCUNhCwg6QIaSCfANtu3v3brNhVKxRARIoExPN2rMLuVgBgh1SQY4BZVrb4i3QqpqwAQQTDgun4oGoXO1iE3KxAAQTDlONMnD4vRCpCQtIqgOCBYepRnkwWoSkKiBYcJhq4MLheofE/eHDh9gHq6ok1QDBKuMaHNj+etg/QIJc5YKl87fpr6zSU02w4LDybQ0XujwmQV5SBRJyBTE46jkx9pE1QkIKCFbOYcqB7frh/RNAQpqTkAFicIQ7mfSWmiAhAcTgkO7y8eevBRJ0QLDgsGpVvNNS76EBElRADA5ql+R3POmQoAGCtSoXZsghKbdNjgUIIEFbBYwJyBZjCI+OjjC6tT6RLYANyeblg4IxLgGlUwutMIZKfp/IM+4oE4nFATE45Dsy1hUQrN0qPkdSFBCsvAMGzKpWWG5L2y92qPXyfYtF85HSgKDkHQYHrRNjH01SqFUMEKzQCgbLEnNsl6XvXwokRQDBhMPUg955KY4oJR/JBgQz72hRPe799Ie9f56+9z6Fn1Y9BrKKwLVl5yMlAEF7JGhr6gFwnAyAHH3nx1Wdl+LgBCqSXfrNAgQztGqxcnXx+1/v/PLsvfdNRcpQmlX6zQUEpWrl7NJScu6rx+76TUWKIJIzy54MiKlHkbHbdeKrh/vj3Z/9onv67MOyB2LYG0EukqwiSYBgJ+athVdT6gE2ADgAEu0bQS6SnLCnAoL+/vGWwqsp9TAVKf61kJSwRwOCHVr135wNLWmfUw/nHqYiRUGJLvumAIKamLcWXi2pR2sqcnFxUZSGic6iVSQKEAr1aAmQNfVoTUUIknUwaVTCHgsIunrAFbSQf9x485vdw1/+PPgbs4WKFlGy3sWUfYMBoVKPVgABOACS0K2FXIQKkBgViQGERD1aSNBDQ6sxPC2oCFGYFawiQYBQqof29VepcLQyL0IFSOhCxlBASNSjhQQ9pGq1FHZpVxHCMCuoorUKCKV6gGNofs5ubN4xBYr2XIQQkKDZdQMkNEvObJcTWo0PrX2lL8F8iDPpqoosAkKtHlorWCXhcCOr+X4RwjxkVUUMkExlWNsdAw7tCTsxIIsqsgYIWXK++2ZU9ORELDicrbSGWgSPBhp/r82u0ZoFpEZ4pWkOBBsOzeu0iBP1xTBrCRC0e83nwhItgFDBoRWSCoDMhllLgJCHVxoAoYZDIyQVAJlVkUlAaoRXfeIp/D6QWnBoy0kkAEIeXkmeRYdFhwBHzOLDtepX6udaEnfCuZDFOZE5BSEPryQCwgkMbZOJFQCZDLMOAKkVXkkChDMYU6A8efahuKejcAakSnhFAUhKCHRzuGfD7ZvSR2q4VHI/WMMF/6TAUgmQg2rWlIJUCa9KAuKc2D3nVqpTlwRkSlngbyWBcXZ2Xyo5zxeuBMhBmLUHSM3wKhcQSWEPpuPn9u2UZqmf8RfO3BdQTsHAAJkYgdibpQyKXBzw90+5f6VSmXeymjVWkGrhVayC1J5zwHctPUeIXXlsgMyMfYiCmGrIAyf2Jq/KgOzdr75TkNr5R4iCmGrIg8OdcUw+UmE179iwu9W9YgAxOOTC4c48NB9hAMiu3OsDUm3+Y/ctc3bWnZ6eHniCwSEfDriC0FCL+IapKeNOAlI1QZ8LsWKfQKjDlfReRUioxQCQXR7SKwjF+z5ChnxqNW+JJ4GEHNva0FlgLdSqOAfiG6HPQxwg6O/7CDH/GBALrUKsJrPNXOm3dgXLs2b/kGvWgOQ+ZE2m67Rx1nP5CIME3Q3AHiDVE/Q+ifNumDL10A/KVD7CCJA+UXcKwg4QUw/9gMAVjvMRJvkHnNoeINUrWM4d4N0gph5twDFV+mUESF/JcgpigLTjk+yu1IVajMIrZ6PbGy4lXl9BLLxi58PoJwSh1s1bP+hOTk7QjxVxgB4QFiVed9JnD97tTn70/YhrsKYqLPDaUddd/Tq3S+EHCFSybrz+H26GsvPBtsBXvtV1n38N+yix/d9npyA9IN94tev+/UnsxVh7yRa4/l2OZ/8YAGFR4t2zDsDx1z9yNJidE4YFeIZXl6VeloDAqT3/HcZQWJ8cLWCAJIyKqUiC0YTuwjP/YK4gcHoQZlkuItTrI06bZ/4hABALtSK8TGhTvuHVDhA2s+iTQ2yhllDPDzxtvurRXwAk6bwBgbP8+5+77pOLQItbMzEW4Jt77EwoAxALtcT4fPCJ8g6tBAJioVaw77FvKAQOOSGWG3GrarH3/aATZJ53+NcgJ8SCszYVCfI/1o0EqYdTEH5LTZZG2BJ21v6/eHLC4OC91GTJ0hZqyYREUGg1GJjxWqwlF7BQSx4g8tQDbCwUEDh1UxE5kMB9HjDnIW8TDIipiBx3k6kewhXEVEQGIHLhAPvyu6MwatRNRaLMVaWxAkBudV0HpV6Zm91YxXvc5FWufHv2CiIbEEvW+QIiWz3ArvyeixU92hZmRZuMbAfZ6sHzyYpJg2cqkmQ21J3klnZ3ZvEfPSprucl4ZA0QVF9P6lx+eMXv6e5JAwE7WZiVbDq0HYWHV+Onu7N6/GjSoJmKJJkNZSf56nE5B8LtDVNZg2UqkmW+ojsrBER2qdeNrqlIUT9P6kwHHJclXvcST/hNxMMb1kbMVGTNQrifK6hcOQO5d+f0L9AZAJFdyXIXYpDgQjDXuyI4XIIOl6oPELgqu+uQHhIBj/CJMEqfoI8B0ZGHOCsYJBH+kNEUlAPyDn7v9si4qMsK1h4gavIQ3ywGSY6TrO+rK6zaXa/LP6YA0ZGHGCTrzp3bQk+16sASbQFiIVcuCvv76wyp/GvchVdTCqIrDxm7hoVcebAoVg3PMA0DYmqSBoh+1ZjMPw4UZEjU9eUhc25hirIMTENgDIboV/D6RtnNg7g/ir/DMOU7EkCBzV6xcFmu1Ve2DfWKvfBqTkF05yEhpnLA/OuF/lfAufmLdqGYDa8mAWkuzAoBxr0n0X9fIsDjb/5nzumw368Ix1k7xngC7wvXPpvU0zW5FzKSS20OwqslQExFcs0N+yPmOOf/vNp1V4+6469eK3Gm1sdw/8fYEAc5yKAgBkiky5y/uHyT3fnH2879DL8fX3ne3fnS88je5psDGI8+ut71gIy24y9uuuNrl0Pq/1zs4Io78icH/cucBMTCrHVPAAgcDPD/2nbny3/JAmUJjKVjO1DuvHFl7RRb/nwyvJoNsUxFFr7BX2y7R3/6Xw9HygagwBajKo/+dr179NHXUg63t4+DxGA5MOVB9cq1WFIQC7MGK4Fa5EAx5dkhoJQCY/L4b1zpDJRLy8yFV4sKYmHWpfEADPiHuY3Dr9RwKuUcAZLGQZlVjxBAmlURDNVYc2AA5fwfVycT8LV9cz6HPOXtN1/J6ULyvumAtKoiFKrB0aMaVJNFOFYVZACkKRVpFQ4HbGOQ5APSkoo8ePZpcnWKoyKknlMrkCwl56tVLN+4LSxgNDj2cXr726/sJh1TQWO+36p6BIVY7iJVPDdrZsRaD6vmHPlX3/sccx9PP70Q9YgFRP7zeyfsaXDMO5ni6laQekQBMuQiadPH6aCj7/mT3/wX/RiSD6Ax1ApVjxRAVKmIqcc6ugpVJFg9ogHRVNEyONbhcC00qUiMeqQComJexAAJB0SRikSpRxIgGlTE4AiHQ5GKRMORA4hoFTFAmgSkf99H7JXPLndf62i73YpN2K1ytTa6h58LD7OS1CNZQZz5JE4emnrEw+H2kDpxGJuY+xZKVpAhFxGnIgZIOiBCq1nJ6pGtIBITdguvmgJk9l7zUCtkKcgAiKiE3QAJdY3DdgJX+SYl5sVCLC8XERFqWXiVDgfsKSxRzwqtnKWyFcSDhP1Drw2QZgApAkeRHMQ3+Xa7ZQ2JAZIHCOwtoZKVU7UaW6iYgkjIR+ymqCYAyc47iucgIxVhm49Ygp4PCPNSb7HQqngOIiHUMkBUA1IcjuI5yAgSVjdXwXOuHvzh03wPabwHrgpSMu9ADbG8qhar+REDpAzZTOdCiuYdJIAMSTubfMQAUQsISmiFmoNwTNoNEJWAoMKBmoNwg8QAUQcIOhxkgHAItwwQVYCQwEEKSG1IDBA1gJDBQQ7IAEmV5SgGiApAspevx1qh6FKT0IPXWLNlgISOznK7imVecjiqKIg3T0KqJAaIaECqwFEVEOqcxAARCwhpzjG2UpUQq0YJ2AARCUhVOKoriBdukcy422LFfEgIc5DqcLABhCrcMkDEAMICDlaAUEBiN0yJAIQNHOwAGSBBWwVsgLAHBG1VbuqVV0/S504c49Gmdk96qpt8th/S/SDVyrhrFmELCEbIZZWsNXdY/xwBEFYhFbsy79qQlHzDrgGyZu31zwsCAk9aBziin7i+fpblWrBWEIz5Eqtk5TlPocf+sA2pxClIaUgsUa8OCOuQSjQgXpXrna7roNoVvVmiHm2yvR0yFERESCUeEHcBOVUuU5E0SDKezStKNXzriMlBSpaDLVknA0QsGM5C4gHxwi4IuSD0Ct5MSYJN1TeMqGCJDKemrKECkJywy3KSdUgiQis1YKhSkPEQx+YnBsk0JAAGrN49vhb0PSo+nFKvIAbKuhqstQAoAAj3/1r7YbIPbldQuQV9NUi/clOU5REEGGCLUAt1odSchZoAZJSjwK9ByTxUu84/3nYQgmnbEpQCTNAMGKpzkDVnHhQlGBRo6CCRCksiEM6UzYHRNCA+QAMsb8XOzDtQnMqsQUn1uQuXXB4Bxw1Mssen2EMBf+S+oBDTtk2FWGuGTIUF+h2DAr+7DcK0UpsDwPVXAAT/1AyK0UAZIDOemwNLCAw+QEvtE7/9Q05hL3xqXSnmDGaABLhSSs4S0G2tJu7+i+bDp5ABMEBCrDRq4wETnbskHC53lx0QLecSqUY0QFIt5+033PXolt8DNLAlLcfPOB0HwgdDH3BTEuu79TKulWxXAwTZ1CN44GgOIP/IczDNOThAsPvMQMAbxP8DxysUNBUvFsgAAAAASUVORK5CYII=','博主头像','2025-11-12 13:37:57','2025-11-17 19:30:57'),(13,'blog_signature','Stay hungry, Stay foolish','博主签名','2025-11-12 13:37:57','2025-11-12 13:37:57'),(14,'seo_title','我的博客 - 分享技术与生活','SEO标题','2025-11-12 13:37:57','2025-11-12 13:37:57'),(15,'seo_description','专注于前后端技术分享，包含Spring Boot、Vue.js、MySQL等技术内容','SEO描述','2025-11-12 13:37:57','2025-11-12 13:37:57'),(16,'seo_canonical_url','http://localhost:3000','规范URL','2025-11-12 13:37:57','2025-11-12 13:37:57'),(17,'seo_robots','index,follow','Robots规则','2025-11-12 13:37:57','2025-11-12 13:37:57'),(18,'seo_favicon','/favicon.ico','网站图标','2025-11-12 13:37:57','2025-11-12 13:37:57'),(19,'theme_color','#409EFF','主题颜色','2025-11-12 13:37:57','2025-11-12 13:37:57'),(20,'header_background','#ffffff','头部背景色','2025-11-12 13:37:57','2025-11-12 13:37:57'),(21,'sidebar_style','dark','侧边栏样式','2025-11-12 13:37:57','2025-11-12 13:37:57'),(22,'footer_enabled','true','是否显示底部','2025-11-12 13:37:57','2025-11-12 13:37:57'),(23,'copyright_enabled','true','是否显示版权信息','2025-11-12 13:37:57','2025-11-12 13:37:57'),(24,'comment_enabled','true','是否启用评论功能','2025-11-12 13:37:57','2025-11-12 13:37:57'),(25,'comment_review','true','评论是否需要审核','2025-11-12 13:37:57','2025-11-12 13:37:57'),(26,'like_enabled','true','是否启用点赞功能','2025-11-12 13:37:57','2025-11-12 13:37:57'),(27,'view_count_enabled','true','是否统计浏览量','2025-11-12 13:37:57','2025-11-12 13:37:57'),(28,'share_enabled','true','是否启用分享功能','2025-11-12 13:37:57','2025-11-12 13:37:57'),(29,'search_enabled','true','是否启用搜索功能','2025-11-12 13:37:57','2025-11-12 13:37:57'),(30,'page_size','10','每页显示文章数量','2025-11-12 13:37:57','2025-11-12 13:37:57'),(31,'hot_article_count','5','热门文章显示数量','2025-11-12 13:37:57','2025-11-12 13:37:57'),(32,'recent_comment_count','5','最新评论显示数量','2025-11-12 13:37:57','2025-11-12 13:37:57'),(33,'sidebar_enabled','true','是否显示侧边栏','2025-11-12 13:37:57','2025-11-12 13:37:57'),(34,'about_content','hello','关于页面内容','2025-11-12 13:37:57','2025-11-14 15:03:54'),(35,'greeting_message','欢迎来到我的博客！','欢迎信息','2025-11-12 13:37:57','2025-11-12 13:37:57');
/*!40000 ALTER TABLE `blog_setting` ENABLE KEYS */;
UNLOCK TABLES;

--
-- Table structure for table `blog_tag`
--

DROP TABLE IF EXISTS `blog_tag`;
/*!40101 SET @saved_cs_client     = @@character_set_client */;
/*!50503 SET character_set_client = utf8mb4 */;
CREATE TABLE `blog_tag` (
  `id` bigint NOT NULL AUTO_INCREMENT COMMENT '主键ID',
  `name` varchar(64) NOT NULL COMMENT '标签名称',
  `description` varchar(255) DEFAULT NULL COMMENT '标签描述',
  `color` varchar(20) DEFAULT '#409EFF' COMMENT '标签颜色',
  `icon` varchar(100) DEFAULT NULL COMMENT '标签图标',
  `create_time` datetime DEFAULT CURRENT_TIMESTAMP COMMENT '创建时间',
  `update_time` datetime DEFAULT CURRENT_TIMESTAMP ON UPDATE CURRENT_TIMESTAMP COMMENT '更新时间',
  `del_flag` tinyint DEFAULT '0' COMMENT '删除标志 0正常 1删除',
  `article_count` int DEFAULT '0' COMMENT '文章数量',
  PRIMARY KEY (`id`)
) ENGINE=InnoDB AUTO_INCREMENT=11 DEFAULT CHARSET=utf8mb4 COLLATE=utf8mb4_0900_ai_ci COMMENT='博客标签表';
/*!40101 SET character_set_client = @saved_cs_client */;

--
-- Dumping data for table `blog_tag`
--

LOCK TABLES `blog_tag` WRITE;
/*!40000 ALTER TABLE `blog_tag` DISABLE KEYS */;
INSERT INTO `blog_tag` VALUES (1,'Java','Java编程语言相关','#FF6B6B','el-icon-coffee-cup','2025-11-10 15:53:17','2025-11-14 16:46:50',0,1),(2,'Spring Boot','Spring Boot框架相关','#4ECDC4','el-icon-leaf','2025-11-10 15:53:17','2025-11-10 15:53:17',0,0),(3,'Vue.js','Vue.js前端框架相关','#45B7D1','el-icon-monitor','2025-11-10 15:53:17','2025-11-10 15:53:17',0,0),(4,'MySQL','MySQL数据库相关','#96CEB4','el-icon-data-board','2025-11-10 15:53:17','2025-11-10 15:53:17',0,0),(5,'Redis','Redis缓存相关','#FECA57','el-icon-cloudy','2025-11-10 15:53:17','2025-11-10 15:53:17',0,0),(6,'前端开发','前端开发技术','#FF9FF3','el-icon-brush','2025-11-10 15:53:17','2025-11-14 16:46:50',0,1),(7,'后端开发','后端开发技术','#54A0FF','el-icon-cpu','2025-11-10 15:53:17','2025-11-10 15:53:17',0,0),(8,'数据库','数据库相关技术','#5F27CD','el-icon-database','2025-11-10 15:53:17','2025-11-10 15:53:17',0,0),(9,'框架学习','各种框架学习','#00D2D3','el-icon-reading','2025-11-10 15:53:17','2025-11-10 15:53:17',0,0),(10,'项目经验','项目开发经验','#FF9F43','el-icon-trophy','2025-11-10 15:53:17','2025-11-10 15:53:17',0,0);
/*!40000 ALTER TABLE `blog_tag` ENABLE KEYS */;
UNLOCK TABLES;

--
-- Table structure for table `gen_table`
--

DROP TABLE IF EXISTS `gen_table`;
/*!40101 SET @saved_cs_client     = @@character_set_client */;
/*!50503 SET character_set_client = utf8mb4 */;
CREATE TABLE `gen_table` (
  `table_id` bigint NOT NULL AUTO_INCREMENT COMMENT '编号',
  `table_name` varchar(200) DEFAULT '' COMMENT '表名称',
  `table_comment` varchar(500) DEFAULT '' COMMENT '表描述',
  `sub_table_name` varchar(64) DEFAULT NULL COMMENT '关联子表的表名',
  `sub_table_fk_name` varchar(64) DEFAULT NULL COMMENT '子表关联的外键名',
  `class_name` varchar(100) DEFAULT '' COMMENT '实体类名称',
  `tpl_category` varchar(200) DEFAULT 'crud' COMMENT '使用的模板（crud单表操作 tree树表操作）',
  `tpl_web_type` varchar(30) DEFAULT '' COMMENT '前端模板类型（element-ui模版 element-plus模版）',
  `package_name` varchar(100) DEFAULT NULL COMMENT '生成包路径',
  `module_name` varchar(30) DEFAULT NULL COMMENT '生成模块名',
  `business_name` varchar(30) DEFAULT NULL COMMENT '生成业务名',
  `function_name` varchar(50) DEFAULT NULL COMMENT '生成功能名',
  `function_author` varchar(50) DEFAULT NULL COMMENT '生成功能作者',
  `gen_type` char(1) DEFAULT '0' COMMENT '生成代码方式（0zip压缩包 1自定义路径）',
  `gen_path` varchar(200) DEFAULT '/' COMMENT '生成路径（不填默认项目路径）',
  `options` varchar(1000) DEFAULT NULL COMMENT '其它生成选项',
  `create_by` varchar(64) DEFAULT '' COMMENT '创建者',
  `create_time` datetime DEFAULT NULL COMMENT '创建时间',
  `update_by` varchar(64) DEFAULT '' COMMENT '更新者',
  `update_time` datetime DEFAULT NULL COMMENT '更新时间',
  `remark` varchar(500) DEFAULT NULL COMMENT '备注',
  PRIMARY KEY (`table_id`)
) ENGINE=InnoDB AUTO_INCREMENT=8 DEFAULT CHARSET=utf8mb4 COLLATE=utf8mb4_0900_ai_ci COMMENT='代码生成业务表';
/*!40101 SET character_set_client = @saved_cs_client */;

--
-- Dumping data for table `gen_table`
--

LOCK TABLES `gen_table` WRITE;
/*!40000 ALTER TABLE `gen_table` DISABLE KEYS */;
/*!40000 ALTER TABLE `gen_table` ENABLE KEYS */;
UNLOCK TABLES;

--
-- Table structure for table `gen_table_column`
--

DROP TABLE IF EXISTS `gen_table_column`;
/*!40101 SET @saved_cs_client     = @@character_set_client */;
/*!50503 SET character_set_client = utf8mb4 */;
CREATE TABLE `gen_table_column` (
  `column_id` bigint NOT NULL AUTO_INCREMENT COMMENT '编号',
  `table_id` bigint DEFAULT NULL COMMENT '归属表编号',
  `column_name` varchar(200) DEFAULT NULL COMMENT '列名称',
  `column_comment` varchar(500) DEFAULT NULL COMMENT '列描述',
  `column_type` varchar(100) DEFAULT NULL COMMENT '列类型',
  `java_type` varchar(500) DEFAULT NULL COMMENT 'JAVA类型',
  `java_field` varchar(200) DEFAULT NULL COMMENT 'JAVA字段名',
  `is_pk` char(1) DEFAULT NULL COMMENT '是否主键（1是）',
  `is_increment` char(1) DEFAULT NULL COMMENT '是否自增（1是）',
  `is_required` char(1) DEFAULT NULL COMMENT '是否必填（1是）',
  `is_insert` char(1) DEFAULT NULL COMMENT '是否为插入字段（1是）',
  `is_edit` char(1) DEFAULT NULL COMMENT '是否编辑字段（1是）',
  `is_list` char(1) DEFAULT NULL COMMENT '是否列表字段（1是）',
  `is_query` char(1) DEFAULT NULL COMMENT '是否查询字段（1是）',
  `query_type` varchar(200) DEFAULT 'EQ' COMMENT '查询方式（等于、不等于、大于、小于、范围）',
  `html_type` varchar(200) DEFAULT NULL COMMENT '显示类型（文本框、文本域、下拉框、复选框、单选框、日期控件）',
  `dict_type` varchar(200) DEFAULT '' COMMENT '字典类型',
  `sort` int DEFAULT NULL COMMENT '排序',
  `create_by` varchar(64) DEFAULT '' COMMENT '创建者',
  `create_time` datetime DEFAULT NULL COMMENT '创建时间',
  `update_by` varchar(64) DEFAULT '' COMMENT '更新者',
  `update_time` datetime DEFAULT NULL COMMENT '更新时间',
  PRIMARY KEY (`column_id`)
) ENGINE=InnoDB AUTO_INCREMENT=54 DEFAULT CHARSET=utf8mb4 COLLATE=utf8mb4_0900_ai_ci COMMENT='代码生成业务表字段';
/*!40101 SET character_set_client = @saved_cs_client */;

--
-- Dumping data for table `gen_table_column`
--

LOCK TABLES `gen_table_column` WRITE;
/*!40000 ALTER TABLE `gen_table_column` DISABLE KEYS */;
/*!40000 ALTER TABLE `gen_table_column` ENABLE KEYS */;
UNLOCK TABLES;

--
-- Table structure for table `sys_config`
--

DROP TABLE IF EXISTS `sys_config`;
/*!40101 SET @saved_cs_client     = @@character_set_client */;
/*!50503 SET character_set_client = utf8mb4 */;
CREATE TABLE `sys_config` (
  `config_id` int NOT NULL AUTO_INCREMENT COMMENT '参数主键',
  `config_name` varchar(100) DEFAULT '' COMMENT '参数名称',
  `config_key` varchar(100) DEFAULT '' COMMENT '参数键名',
  `config_value` varchar(500) DEFAULT '' COMMENT '参数键值',
  `config_type` char(1) DEFAULT 'N' COMMENT '系统内置（Y是 N否）',
  `create_by` varchar(64) DEFAULT '' COMMENT '创建者',
  `create_time` datetime DEFAULT NULL COMMENT '创建时间',
  `update_by` varchar(64) DEFAULT '' COMMENT '更新者',
  `update_time` datetime DEFAULT NULL COMMENT '更新时间',
  `remark` varchar(500) DEFAULT NULL COMMENT '备注',
  PRIMARY KEY (`config_id`)
) ENGINE=InnoDB AUTO_INCREMENT=100 DEFAULT CHARSET=utf8mb4 COLLATE=utf8mb4_0900_ai_ci COMMENT='参数配置表';
/*!40101 SET character_set_client = @saved_cs_client */;

--
-- Dumping data for table `sys_config`
--

LOCK TABLES `sys_config` WRITE;
/*!40000 ALTER TABLE `sys_config` DISABLE KEYS */;
INSERT INTO `sys_config` VALUES (1,'主框架页-默认皮肤样式名称','sys.index.skinName','skin-blue','Y','admin','2025-07-18 18:58:46','',NULL,'蓝色 skin-blue、绿色 skin-green、紫色 skin-purple、红色 skin-red、黄色 skin-yellow'),(2,'用户管理-账号初始密码','sys.user.initPassword','123456','Y','admin','2025-07-18 18:58:46','',NULL,'初始化密码 123456'),(3,'主框架页-侧边栏主题','sys.index.sideTheme','theme-dark','Y','admin','2025-07-18 18:58:46','',NULL,'深色主题theme-dark，浅色主题theme-light'),(4,'账号自助-验证码开关','sys.account.captchaEnabled','false','Y','admin','2025-07-18 18:58:46','',NULL,'是否开启验证码功能（true开启，false关闭）'),(5,'账号自助-是否开启用户注册功能','sys.account.registerUser','false','Y','admin','2025-07-18 18:58:46','',NULL,'是否开启注册用户功能（true开启，false关闭）'),(6,'用户登录-黑名单列表','sys.login.blackIPList','','Y','admin','2025-07-18 18:58:46','',NULL,'设置登录IP黑名单限制，多个匹配项以;分隔，支持匹配（*通配、网段）'),(7,'用户管理-初始密码修改策略','sys.account.initPasswordModify','1','Y','admin','2025-07-18 18:58:46','',NULL,'0：初始密码修改策略关闭，没有任何提示，1：提醒用户，如果未修改初始密码，则在登录时就会提醒修改密码对话框'),(8,'用户管理-账号密码更新周期','sys.account.passwordValidateDays','0','Y','admin','2025-07-18 18:58:46','',NULL,'密码更新周期（填写数字，数据初始化值为0不限制，若修改必须为大于0小于365的正整数），如果超过这个周期登录系统时，则在登录时就会提醒修改密码对话框');
/*!40000 ALTER TABLE `sys_config` ENABLE KEYS */;
UNLOCK TABLES;

--
-- Table structure for table `sys_dept`
--

DROP TABLE IF EXISTS `sys_dept`;
/*!40101 SET @saved_cs_client     = @@character_set_client */;
/*!50503 SET character_set_client = utf8mb4 */;
CREATE TABLE `sys_dept` (
  `dept_id` bigint NOT NULL AUTO_INCREMENT COMMENT '部门id',
  `parent_id` bigint DEFAULT '0' COMMENT '父部门id',
  `ancestors` varchar(50) CHARACTER SET utf8mb4 COLLATE utf8mb4_unicode_ci DEFAULT '' COMMENT '祖级列表',
  `dept_name` varchar(30) CHARACTER SET utf8mb4 COLLATE utf8mb4_unicode_ci DEFAULT '' COMMENT '部门名称',
  `order_num` int DEFAULT '0' COMMENT '显示顺序',
  `leader` varchar(20) CHARACTER SET utf8mb4 COLLATE utf8mb4_unicode_ci DEFAULT NULL COMMENT '负责人',
  `phone` varchar(11) CHARACTER SET utf8mb4 COLLATE utf8mb4_unicode_ci DEFAULT NULL COMMENT '联系电话',
  `email` varchar(50) CHARACTER SET utf8mb4 COLLATE utf8mb4_unicode_ci DEFAULT NULL COMMENT '邮箱',
  `status` char(1) CHARACTER SET utf8mb4 COLLATE utf8mb4_unicode_ci DEFAULT '0' COMMENT '部门状态（0正常 1停用）',
  `del_flag` char(1) CHARACTER SET utf8mb4 COLLATE utf8mb4_unicode_ci DEFAULT '0' COMMENT '删除标志（0代表存在 2代表删除）',
  `create_by` varchar(64) CHARACTER SET utf8mb4 COLLATE utf8mb4_unicode_ci DEFAULT '' COMMENT '创建者',
  `create_time` datetime DEFAULT NULL COMMENT '创建时间',
  `update_by` varchar(64) CHARACTER SET utf8mb4 COLLATE utf8mb4_unicode_ci DEFAULT '' COMMENT '更新者',
  `update_time` datetime DEFAULT NULL COMMENT '更新时间',
  PRIMARY KEY (`dept_id`)
) ENGINE=InnoDB AUTO_INCREMENT=200 DEFAULT CHARSET=utf8mb4 COLLATE=utf8mb4_unicode_ci COMMENT='部门表';
/*!40101 SET character_set_client = @saved_cs_client */;

--
-- Dumping data for table `sys_dept`
--

LOCK TABLES `sys_dept` WRITE;
/*!40000 ALTER TABLE `sys_dept` DISABLE KEYS */;
INSERT INTO `sys_dept` VALUES (100,0,'0','若依科技',0,'若依','15888888888','ry@qq.com','0','0','admin','2025-11-10 15:53:16','',NULL),(101,100,'0,100','深圳总公司',1,'若依','15888888888','ry@qq.com','0','0','admin','2025-11-10 15:53:16','',NULL),(102,100,'0,100','长沙分公司',2,'若依','15888888888','ry@qq.com','0','0','admin','2025-11-10 15:53:16','',NULL),(103,101,'0,100,101','研发部门',1,'若依','15888888888','ry@qq.com','0','0','admin','2025-11-10 15:53:16','',NULL),(104,101,'0,100,101','市场部门',2,'若依','15888888888','ry@qq.com','0','0','admin','2025-11-10 15:53:16','',NULL),(105,101,'0,100,101','测试部门',3,'若依','15888888888','ry@qq.com','0','0','admin','2025-11-10 15:53:16','',NULL),(106,101,'0,100,101','财务部门',4,'若依','15888888888','ry@qq.com','0','0','admin','2025-11-10 15:53:16','',NULL),(107,101,'0,100,101','运维部门',5,'若依','15888888888','ry@qq.com','0','0','admin','2025-11-10 15:53:16','',NULL),(108,102,'0,100,102','市场部门',1,'若依','15888888888','ry@qq.com','0','0','admin','2025-11-10 15:53:16','',NULL),(109,102,'0,100,102','财务部门',2,'若依','15888888888','ry@qq.com','0','0','admin','2025-11-10 15:53:16','',NULL);
/*!40000 ALTER TABLE `sys_dept` ENABLE KEYS */;
UNLOCK TABLES;

--
-- Table structure for table `sys_dict_data`
--

DROP TABLE IF EXISTS `sys_dict_data`;
/*!40101 SET @saved_cs_client     = @@character_set_client */;
/*!50503 SET character_set_client = utf8mb4 */;
CREATE TABLE `sys_dict_data` (
  `dict_code` bigint NOT NULL AUTO_INCREMENT COMMENT '字典编码',
  `dict_sort` int DEFAULT '0' COMMENT '字典排序',
  `dict_label` varchar(100) DEFAULT '' COMMENT '字典标签',
  `dict_value` varchar(100) DEFAULT '' COMMENT '字典键值',
  `dict_type` varchar(100) DEFAULT '' COMMENT '字典类型',
  `css_class` varchar(100) DEFAULT NULL COMMENT '样式属性（其他样式扩展）',
  `list_class` varchar(100) DEFAULT NULL COMMENT '表格回显样式',
  `is_default` char(1) DEFAULT 'N' COMMENT '是否默认（Y是 N否）',
  `status` char(1) DEFAULT '0' COMMENT '状态（0正常 1停用）',
  `create_by` varchar(64) DEFAULT '' COMMENT '创建者',
  `create_time` datetime DEFAULT NULL COMMENT '创建时间',
  `update_by` varchar(64) DEFAULT '' COMMENT '更新者',
  `update_time` datetime DEFAULT NULL COMMENT '更新时间',
  `remark` varchar(500) DEFAULT NULL COMMENT '备注',
  PRIMARY KEY (`dict_code`)
) ENGINE=InnoDB AUTO_INCREMENT=100 DEFAULT CHARSET=utf8mb4 COLLATE=utf8mb4_0900_ai_ci COMMENT='字典数据表';
/*!40101 SET character_set_client = @saved_cs_client */;

--
-- Dumping data for table `sys_dict_data`
--

LOCK TABLES `sys_dict_data` WRITE;
/*!40000 ALTER TABLE `sys_dict_data` DISABLE KEYS */;
INSERT INTO `sys_dict_data` VALUES (1,1,'男','0','sys_user_sex','','','Y','0','admin','2025-07-18 18:58:46','',NULL,'性别男'),(2,2,'女','1','sys_user_sex','','','N','0','admin','2025-07-18 18:58:46','',NULL,'性别女'),(3,3,'未知','2','sys_user_sex','','','N','0','admin','2025-07-18 18:58:46','',NULL,'性别未知'),(4,1,'显示','0','sys_show_hide','','primary','Y','0','admin','2025-07-18 18:58:46','',NULL,'显示菜单'),(5,2,'隐藏','1','sys_show_hide','','danger','N','0','admin','2025-07-18 18:58:46','',NULL,'隐藏菜单'),(6,1,'正常','0','sys_normal_disable','','primary','Y','0','admin','2025-07-18 18:58:46','',NULL,'正常状态'),(7,2,'停用','1','sys_normal_disable','','danger','N','0','admin','2025-07-18 18:58:46','',NULL,'停用状态'),(8,1,'正常','0','sys_job_status','','primary','Y','0','admin','2025-07-18 18:58:46','',NULL,'正常状态'),(9,2,'暂停','1','sys_job_status','','danger','N','0','admin','2025-07-18 18:58:46','',NULL,'停用状态'),(10,1,'默认','DEFAULT','sys_job_group','','','Y','0','admin','2025-07-18 18:58:46','',NULL,'默认分组'),(11,2,'系统','SYSTEM','sys_job_group','','','N','0','admin','2025-07-18 18:58:46','',NULL,'系统分组'),(12,1,'是','Y','sys_yes_no','','primary','Y','0','admin','2025-07-18 18:58:46','',NULL,'系统默认是'),(13,2,'否','N','sys_yes_no','','danger','N','0','admin','2025-07-18 18:58:46','',NULL,'系统默认否'),(14,1,'通知','1','sys_notice_type','','warning','Y','0','admin','2025-07-18 18:58:46','',NULL,'通知'),(15,2,'公告','2','sys_notice_type','','success','N','0','admin','2025-07-18 18:58:46','',NULL,'公告'),(16,1,'正常','0','sys_notice_status','','primary','Y','0','admin','2025-07-18 18:58:46','',NULL,'正常状态'),(17,2,'关闭','1','sys_notice_status','','danger','N','0','admin','2025-07-18 18:58:46','',NULL,'关闭状态'),(18,99,'其他','0','sys_oper_type','','info','N','0','admin','2025-07-18 18:58:46','',NULL,'其他操作'),(19,1,'新增','1','sys_oper_type','','info','N','0','admin','2025-07-18 18:58:46','',NULL,'新增操作'),(20,2,'修改','2','sys_oper_type','','info','N','0','admin','2025-07-18 18:58:46','',NULL,'修改操作'),(21,3,'删除','3','sys_oper_type','','danger','N','0','admin','2025-07-18 18:58:46','',NULL,'删除操作'),(22,4,'授权','4','sys_oper_type','','primary','N','0','admin','2025-07-18 18:58:46','',NULL,'授权操作'),(23,5,'导出','5','sys_oper_type','','warning','N','0','admin','2025-07-18 18:58:46','',NULL,'导出操作'),(24,6,'导入','6','sys_oper_type','','warning','N','0','admin','2025-07-18 18:58:46','',NULL,'导入操作'),(25,7,'强退','7','sys_oper_type','','danger','N','0','admin','2025-07-18 18:58:46','',NULL,'强退操作'),(26,8,'生成代码','8','sys_oper_type','','warning','N','0','admin','2025-07-18 18:58:46','',NULL,'生成操作'),(27,9,'清空数据','9','sys_oper_type','','danger','N','0','admin','2025-07-18 18:58:46','',NULL,'清空操作'),(28,1,'成功','0','sys_common_status','','primary','N','0','admin','2025-07-18 18:58:46','',NULL,'正常状态'),(29,2,'失败','1','sys_common_status','','danger','N','0','admin','2025-07-18 18:58:46','',NULL,'停用状态');
/*!40000 ALTER TABLE `sys_dict_data` ENABLE KEYS */;
UNLOCK TABLES;

--
-- Table structure for table `sys_dict_type`
--

DROP TABLE IF EXISTS `sys_dict_type`;
/*!40101 SET @saved_cs_client     = @@character_set_client */;
/*!50503 SET character_set_client = utf8mb4 */;
CREATE TABLE `sys_dict_type` (
  `dict_id` bigint NOT NULL AUTO_INCREMENT COMMENT '字典主键',
  `dict_name` varchar(100) DEFAULT '' COMMENT '字典名称',
  `dict_type` varchar(100) DEFAULT '' COMMENT '字典类型',
  `status` char(1) DEFAULT '0' COMMENT '状态（0正常 1停用）',
  `create_by` varchar(64) DEFAULT '' COMMENT '创建者',
  `create_time` datetime DEFAULT NULL COMMENT '创建时间',
  `update_by` varchar(64) DEFAULT '' COMMENT '更新者',
  `update_time` datetime DEFAULT NULL COMMENT '更新时间',
  `remark` varchar(500) DEFAULT NULL COMMENT '备注',
  PRIMARY KEY (`dict_id`),
  UNIQUE KEY `dict_type` (`dict_type`)
) ENGINE=InnoDB AUTO_INCREMENT=100 DEFAULT CHARSET=utf8mb4 COLLATE=utf8mb4_0900_ai_ci COMMENT='字典类型表';
/*!40101 SET character_set_client = @saved_cs_client */;

--
-- Dumping data for table `sys_dict_type`
--

LOCK TABLES `sys_dict_type` WRITE;
/*!40000 ALTER TABLE `sys_dict_type` DISABLE KEYS */;
INSERT INTO `sys_dict_type` VALUES (1,'用户性别','sys_user_sex','0','admin','2025-07-18 18:58:46','',NULL,'用户性别列表'),(2,'菜单状态','sys_show_hide','0','admin','2025-07-18 18:58:46','',NULL,'菜单状态列表'),(3,'系统开关','sys_normal_disable','0','admin','2025-07-18 18:58:46','',NULL,'系统开关列表'),(4,'任务状态','sys_job_status','0','admin','2025-07-18 18:58:46','',NULL,'任务状态列表'),(5,'任务分组','sys_job_group','0','admin','2025-07-18 18:58:46','',NULL,'任务分组列表'),(6,'系统是否','sys_yes_no','0','admin','2025-07-18 18:58:46','',NULL,'系统是否列表'),(7,'通知类型','sys_notice_type','0','admin','2025-07-18 18:58:46','',NULL,'通知类型列表'),(8,'通知状态','sys_notice_status','0','admin','2025-07-18 18:58:46','',NULL,'通知状态列表'),(9,'操作类型','sys_oper_type','0','admin','2025-07-18 18:58:46','',NULL,'操作类型列表'),(10,'系统状态','sys_common_status','0','admin','2025-07-18 18:58:46','',NULL,'登录状态列表');
/*!40000 ALTER TABLE `sys_dict_type` ENABLE KEYS */;
UNLOCK TABLES;

--
-- Table structure for table `sys_job`
--

DROP TABLE IF EXISTS `sys_job`;
/*!40101 SET @saved_cs_client     = @@character_set_client */;
/*!50503 SET character_set_client = utf8mb4 */;
CREATE TABLE `sys_job` (
  `job_id` bigint NOT NULL AUTO_INCREMENT COMMENT '任务ID',
  `job_name` varchar(64) NOT NULL DEFAULT '' COMMENT '任务名称',
  `job_group` varchar(64) NOT NULL DEFAULT 'DEFAULT' COMMENT '任务组名',
  `invoke_target` varchar(500) NOT NULL COMMENT '调用目标字符串',
  `cron_expression` varchar(255) DEFAULT '' COMMENT 'cron执行表达式',
  `misfire_policy` varchar(20) DEFAULT '3' COMMENT '计划执行错误策略（1立即执行 2执行一次 3放弃执行）',
  `concurrent` char(1) DEFAULT '1' COMMENT '是否并发执行（0允许 1禁止）',
  `status` char(1) DEFAULT '0' COMMENT '状态（0正常 1暂停）',
  `create_by` varchar(64) DEFAULT '' COMMENT '创建者',
  `create_time` datetime DEFAULT NULL COMMENT '创建时间',
  `update_by` varchar(64) DEFAULT '' COMMENT '更新者',
  `update_time` datetime DEFAULT NULL COMMENT '更新时间',
  `remark` varchar(500) DEFAULT '' COMMENT '备注信息',
  PRIMARY KEY (`job_id`,`job_name`,`job_group`)
) ENGINE=InnoDB AUTO_INCREMENT=100 DEFAULT CHARSET=utf8mb4 COLLATE=utf8mb4_0900_ai_ci COMMENT='定时任务调度表';
/*!40101 SET character_set_client = @saved_cs_client */;

--
-- Dumping data for table `sys_job`
--

LOCK TABLES `sys_job` WRITE;
/*!40000 ALTER TABLE `sys_job` DISABLE KEYS */;
INSERT INTO `sys_job` VALUES (1,'系统默认（无参）','DEFAULT','ryTask.ryNoParams','0/10 * * * * ?','3','1','1','admin','2025-07-18 18:58:46','',NULL,''),(2,'系统默认（有参）','DEFAULT','ryTask.ryParams(\'ry\')','0/15 * * * * ?','3','1','1','admin','2025-07-18 18:58:46','',NULL,''),(3,'系统默认（多参）','DEFAULT','ryTask.ryMultipleParams(\'ry\', true, 2000L, 316.50D, 100)','0/20 * * * * ?','3','1','1','admin','2025-07-18 18:58:46','',NULL,'');
/*!40000 ALTER TABLE `sys_job` ENABLE KEYS */;
UNLOCK TABLES;

--
-- Table structure for table `sys_job_log`
--

DROP TABLE IF EXISTS `sys_job_log`;
/*!40101 SET @saved_cs_client     = @@character_set_client */;
/*!50503 SET character_set_client = utf8mb4 */;
CREATE TABLE `sys_job_log` (
  `job_log_id` bigint NOT NULL AUTO_INCREMENT COMMENT '任务日志ID',
  `job_name` varchar(64) NOT NULL COMMENT '任务名称',
  `job_group` varchar(64) NOT NULL COMMENT '任务组名',
  `invoke_target` varchar(500) NOT NULL COMMENT '调用目标字符串',
  `job_message` varchar(500) DEFAULT NULL COMMENT '日志信息',
  `status` char(1) DEFAULT '0' COMMENT '执行状态（0正常 1失败）',
  `exception_info` varchar(2000) DEFAULT '' COMMENT '异常信息',
  `create_time` datetime DEFAULT NULL COMMENT '创建时间',
  PRIMARY KEY (`job_log_id`)
) ENGINE=InnoDB DEFAULT CHARSET=utf8mb4 COLLATE=utf8mb4_0900_ai_ci COMMENT='定时任务调度日志表';
/*!40101 SET character_set_client = @saved_cs_client */;

--
-- Dumping data for table `sys_job_log`
--

LOCK TABLES `sys_job_log` WRITE;
/*!40000 ALTER TABLE `sys_job_log` DISABLE KEYS */;
/*!40000 ALTER TABLE `sys_job_log` ENABLE KEYS */;
UNLOCK TABLES;

--
-- Table structure for table `sys_logininfor`
--

DROP TABLE IF EXISTS `sys_logininfor`;
/*!40101 SET @saved_cs_client     = @@character_set_client */;
/*!50503 SET character_set_client = utf8mb4 */;
CREATE TABLE `sys_logininfor` (
  `info_id` bigint NOT NULL AUTO_INCREMENT COMMENT '访问ID',
  `user_name` varchar(50) DEFAULT '' COMMENT '用户账号',
  `ipaddr` varchar(128) DEFAULT '' COMMENT '登录IP地址',
  `login_location` varchar(255) DEFAULT '' COMMENT '登录地点',
  `browser` varchar(50) DEFAULT '' COMMENT '浏览器类型',
  `os` varchar(50) DEFAULT '' COMMENT '操作系统',
  `status` char(1) DEFAULT '0' COMMENT '登录状态（0成功 1失败）',
  `msg` varchar(255) DEFAULT '' COMMENT '提示消息',
  `login_time` datetime DEFAULT NULL COMMENT '访问时间',
  PRIMARY KEY (`info_id`),
  KEY `idx_sys_logininfor_s` (`status`),
  KEY `idx_sys_logininfor_lt` (`login_time`)
) ENGINE=InnoDB AUTO_INCREMENT=467 DEFAULT CHARSET=utf8mb4 COLLATE=utf8mb4_0900_ai_ci COMMENT='系统访问记录';
/*!40101 SET character_set_client = @saved_cs_client */;

--
-- Dumping data for table `sys_logininfor`
--

LOCK TABLES `sys_logininfor` WRITE;
/*!40000 ALTER TABLE `sys_logininfor` DISABLE KEYS */;
INSERT INTO `sys_logininfor` VALUES (100,'admin','127.0.0.1','内网IP','Chrome 13','Mac OS X','0','登录成功','2025-07-18 19:46:48'),(101,'admin','127.0.0.1','内网IP','Chrome 13','Mac OS X','0','登录成功','2025-07-18 20:02:30'),(102,'admin','127.0.0.1','内网IP','Chrome 13','Mac OS X','0','登录成功','2025-07-18 20:12:31'),(103,'admin','127.0.0.1','内网IP','Chrome 13','Mac OS X','0','登录成功','2025-07-18 20:16:59'),(104,'admin','127.0.0.1','内网IP','Chrome 13','Mac OS X','0','登录成功','2025-07-18 20:21:13'),(105,'admin','127.0.0.1','内网IP','Chrome 13','Mac OS X','0','退出成功','2025-07-18 20:25:16'),(106,'ry','127.0.0.1','内网IP','Chrome 13','Mac OS X','0','登录成功','2025-07-18 20:25:30'),(107,'ry','127.0.0.1','内网IP','Chrome 13','Mac OS X','0','退出成功','2025-07-18 20:26:01'),(108,'admin','127.0.0.1','内网IP','Chrome 13','Mac OS X','0','登录成功','2025-07-18 20:26:07'),(109,'admin','127.0.0.1','内网IP','Chrome 13','Mac OS X','0','登录成功','2025-07-18 20:36:46'),(110,'admin','127.0.0.1','内网IP','Chrome 13','Mac OS X','0','退出成功','2025-07-18 20:39:24'),(111,'admin','127.0.0.1','内网IP','Chrome 13','Mac OS X','0','登录成功','2025-07-18 20:39:30'),(112,'admin','127.0.0.1','内网IP','Chrome 13','Mac OS X','0','登录成功','2025-07-18 20:43:53'),(113,'admin','127.0.0.1','内网IP','Chrome 13','Mac OS X','0','登录成功','2025-07-18 20:58:05'),(114,'admin','127.0.0.1','内网IP','Chrome 13','Mac OS X','0','退出成功','2025-07-18 21:56:41'),(115,'admin','127.0.0.1','内网IP','Chrome 13','Mac OS X','0','登录成功','2025-07-18 21:56:49'),(116,'admin','127.0.0.1','内网IP','Chrome 13','Mac OS X','0','登录成功','2025-07-18 22:56:04'),(117,'admin','127.0.0.1','内网IP','Chrome 13','Windows 10','0','登录成功','2025-07-24 09:54:22'),(118,'admin','127.0.0.1','内网IP','Chrome 13','Windows 10','0','登录成功','2025-07-24 09:55:52'),(119,'admin','127.0.0.1','内网IP','Chrome 13','Windows 10','1','验证码错误','2025-07-24 10:44:21'),(120,'admin','127.0.0.1','内网IP','Chrome 13','Windows 10','0','登录成功','2025-07-24 10:44:25'),(121,'admin','127.0.0.1','内网IP','Chrome 13','Windows 10','1','验证码错误','2025-07-28 15:29:56'),(122,'admin','127.0.0.1','内网IP','Chrome 13','Windows 10','0','登录成功','2025-07-28 15:30:00'),(123,'admin','127.0.0.1','内网IP','Chrome 13','Windows 10','0','登录成功','2025-07-28 16:48:58'),(124,'admin','127.0.0.1','内网IP','Chrome 13','Windows 10','0','登录成功','2025-07-28 17:03:35'),(125,'admin','127.0.0.1','内网IP','Chrome 13','Windows 10','0','登录成功','2025-07-29 09:09:03'),(126,'admin','127.0.0.1','内网IP','Chrome 13','Windows 10','0','登录成功','2025-08-12 09:41:29'),(127,'admin','127.0.0.1','内网IP','Chrome 13','Windows 10','0','登录成功','2025-08-12 10:17:38'),(128,'admin','127.0.0.1','内网IP','Chrome 13','Windows 10','0','登录成功','2025-08-13 15:27:28'),(129,'admin','127.0.0.1','内网IP','Chrome 13','Windows 10','0','登录成功','2025-08-13 15:42:11'),(130,'admin','127.0.0.1','内网IP','Chrome 13','Windows 10','0','登录成功','2025-08-13 15:46:18'),(131,'admin','127.0.0.1','内网IP','Chrome 13','Windows 10','0','退出成功','2025-08-13 16:00:08'),(132,'admin','127.0.0.1','内网IP','Chrome 13','Windows 10','0','登录成功','2025-08-13 16:00:16'),(133,'admin','127.0.0.1','内网IP','Chrome 13','Windows 10','0','退出成功','2025-08-13 16:01:22'),(134,'admin','127.0.0.1','内网IP','Chrome 13','Windows 10','0','登录成功','2025-08-13 16:01:28'),(135,'admin','127.0.0.1','内网IP','Chrome 13','Windows 10','0','登录成功','2025-08-13 16:05:26'),(136,'admin','127.0.0.1','内网IP','Chrome 13','Windows 10','1','验证码错误','2025-08-13 16:05:59'),(137,'admin','127.0.0.1','内网IP','Chrome 13','Windows 10','0','登录成功','2025-08-13 16:06:05'),(138,'admin','127.0.0.1','内网IP','Chrome 13','Windows 10','0','登录成功','2025-08-14 16:14:28'),(139,'admin','127.0.0.1','内网IP','Chrome 13','Windows 10','1','验证码错误','2025-08-15 16:56:09'),(140,'admin','127.0.0.1','内网IP','Chrome 13','Windows 10','0','登录成功','2025-08-15 16:56:14'),(141,'admin','127.0.0.1','内网IP','Chrome 13','Windows 10','0','登录成功','2025-08-26 15:19:57'),(142,'admin','127.0.0.1','内网IP','Chrome 13','Windows 10','0','登录成功','2025-08-26 16:13:17'),(143,'admin','127.0.0.1','内网IP','Chrome 13','Windows 10','0','登录成功','2025-08-26 16:28:57'),(144,'admin','127.0.0.1','内网IP','Chrome 13','Windows 10','0','登录成功','2025-08-26 17:04:16'),(145,'admin','127.0.0.1','内网IP','Chrome 13','Windows 10','1','验证码错误','2025-08-26 17:31:20'),(146,'admin','127.0.0.1','内网IP','Chrome 13','Windows 10','0','登录成功','2025-08-26 17:31:24'),(147,'admin','127.0.0.1','内网IP','Chrome 13','Windows 10','0','登录成功','2025-08-26 17:32:36'),(148,'admin','127.0.0.1','内网IP','Chrome 13','Windows 10','0','登录成功','2025-08-26 17:36:50'),(149,'admin','127.0.0.1','内网IP','Chrome 13','Windows 10','1','验证码错误','2025-08-26 17:45:15'),(150,'admin','127.0.0.1','内网IP','Chrome 13','Windows 10','0','登录成功','2025-08-26 17:45:21'),(151,'admin','127.0.0.1','内网IP','Chrome 13','Windows 10','0','登录成功','2025-08-26 18:08:39'),(152,'admin','127.0.0.1','内网IP','Chrome 13','Windows 10','0','登录成功','2025-08-26 18:14:39'),(153,'admin','127.0.0.1','内网IP','Chrome 13','Windows 10','0','登录成功','2025-08-26 18:35:30'),(154,'admin','127.0.0.1','内网IP','Chrome 13','Windows 10','0','登录成功','2025-08-26 18:40:29'),(155,'admin','127.0.0.1','内网IP','Chrome 13','Windows 10','0','登录成功','2025-08-28 15:56:35'),(156,'admin','127.0.0.1','内网IP','Chrome 13','Windows 10','0','登录成功','2025-08-28 16:37:25'),(157,'admin','127.0.0.1','内网IP','Chrome 14','Windows 10','0','登录成功','2025-09-09 14:03:39'),(158,'admin','127.0.0.1','内网IP','Chrome 14','Windows 10','0','登录成功','2025-09-10 08:44:41'),(159,'admin','127.0.0.1','内网IP','Chrome 14','Windows 10','0','登录成功','2025-09-15 14:21:19'),(160,'admin','127.0.0.1','内网IP','Chrome 14','Windows 10','0','登录成功','2025-09-15 15:18:11'),(161,'admin','127.0.0.1','内网IP','Chrome 14','Windows 10','0','退出成功','2025-09-15 15:20:52'),(162,'admin','127.0.0.1','内网IP','Chrome 14','Windows 10','0','登录成功','2025-09-15 15:20:56'),(163,'admin','127.0.0.1','内网IP','Chrome 14','Windows 10','0','登录成功','2025-09-15 15:21:48'),(164,'admin','127.0.0.1','内网IP','Chrome 14','Windows 10','0','登录成功','2025-09-15 17:21:40'),(165,'admin','127.0.0.1','内网IP','Chrome 14','Windows 10','0','登录成功','2025-09-17 11:48:08'),(166,'admin','127.0.0.1','内网IP','Chrome 14','Windows 10','0','登录成功','2025-09-17 12:32:54'),(167,'admin','127.0.0.1','内网IP','Chrome 13','Windows 10','0','登录成功','2025-09-17 12:58:22'),(168,'admin','127.0.0.1','内网IP','Chrome 14','Windows 10','0','退出成功','2025-09-17 12:58:39'),(169,'admin','127.0.0.1','内网IP','Chrome 14','Windows 10','0','登录成功','2025-09-17 12:58:43'),(170,'admin','127.0.0.1','内网IP','Chrome 13','Windows 10','0','登录成功','2025-09-17 13:18:28'),(171,'admin','127.0.0.1','内网IP','Chrome 14','Windows 10','1','验证码错误','2025-09-17 13:45:44'),(172,'admin','127.0.0.1','内网IP','Chrome 14','Windows 10','0','登录成功','2025-09-17 13:45:49'),(173,'admin','127.0.0.1','内网IP','Chrome 14','Windows 10','0','登录成功','2025-10-11 11:33:50'),(174,'admin','127.0.0.1','内网IP','Chrome 14','Windows 10','0','登录成功','2025-10-11 13:57:59'),(175,'admin','127.0.0.1','内网IP','Chrome 14','Windows 10','0','退出成功','2025-10-11 14:45:15'),(176,'admin','127.0.0.1','内网IP','Chrome 14','Windows 10','0','登录成功','2025-10-11 14:45:18'),(177,'admin','127.0.0.1','内网IP','Chrome 14','Windows 10','0','退出成功','2025-10-11 14:49:56'),(178,'admin','127.0.0.1','内网IP','Chrome 14','Windows 10','0','登录成功','2025-10-11 14:49:59'),(179,'admin','127.0.0.1','内网IP','Chrome 14','Windows 10','0','登录成功','2025-10-11 14:50:44'),(180,'admin','127.0.0.1','内网IP','Downloading Tool','Unknown','1','验证码已失效','2025-10-11 14:51:48'),(181,'admin','127.0.0.1','内网IP','Chrome 14','Windows 10','0','登录成功','2025-10-11 14:54:45'),(182,'admin','127.0.0.1','内网IP','Chrome 14','Windows 10','0','退出成功','2025-10-11 14:54:59'),(183,'admin','127.0.0.1','内网IP','Chrome 14','Windows 10','0','登录成功','2025-10-11 14:55:03'),(184,'admin','127.0.0.1','内网IP','Chrome 14','Windows 10','0','登录成功','2025-10-11 14:55:18'),(185,'admin','127.0.0.1','内网IP','Downloading Tool','Unknown','1','验证码已失效','2025-10-11 14:56:11'),(186,'admin','127.0.0.1','内网IP','Downloading Tool','Unknown','1','验证码错误','2025-10-11 14:56:48'),(187,'admin','127.0.0.1','内网IP','Downloading Tool','Unknown','1','验证码错误','2025-10-11 14:57:53'),(188,'admin','127.0.0.1','内网IP','Downloading Tool','Unknown','1','验证码错误','2025-10-11 14:58:16'),(189,'admin','127.0.0.1','内网IP','Downloading Tool','Unknown','1','验证码已失效','2025-10-11 14:58:40'),(190,'admin','127.0.0.1','内网IP','Downloading Tool','Unknown','1','验证码已失效','2025-10-11 14:59:45'),(191,'admin','127.0.0.1','内网IP','Downloading Tool','Unknown','0','登录成功','2025-10-11 15:02:31'),(192,'admin','127.0.0.1','内网IP','Downloading Tool','Unknown','0','登录成功','2025-10-11 15:02:39'),(193,'admin','127.0.0.1','内网IP','Downloading Tool','Unknown','0','登录成功','2025-10-11 15:04:06'),(194,'admin','127.0.0.1','内网IP','Chrome 14','Windows 10','0','退出成功','2025-10-11 15:06:11'),(195,'admin','127.0.0.1','内网IP','Chrome 14','Windows 10','0','登录成功','2025-10-11 15:06:13'),(196,'admin','127.0.0.1','内网IP','Chrome 14','Windows 10','0','登录成功','2025-10-11 15:06:28'),(197,'admin','127.0.0.1','内网IP','Downloading Tool','Unknown','0','登录成功','2025-10-11 15:08:06'),(198,'admin','127.0.0.1','内网IP','Chrome 14','Windows 10','0','登录成功','2025-10-11 15:10:43'),(199,'admin','127.0.0.1','内网IP','Downloading Tool','Unknown','0','登录成功','2025-10-11 15:24:57'),(200,'admin','127.0.0.1','内网IP','Chrome 14','Windows 10','0','退出成功','2025-10-11 15:26:32'),(201,'admin','127.0.0.1','内网IP','Chrome 14','Windows 10','0','登录成功','2025-10-11 15:26:34'),(202,'admin','127.0.0.1','内网IP','Downloading Tool','Unknown','0','登录成功','2025-10-11 15:30:34'),(203,'admin','127.0.0.1','内网IP','Downloading Tool','Unknown','0','登录成功','2025-10-11 15:35:43'),(204,'admin','127.0.0.1','内网IP','Downloading Tool','Unknown','0','登录成功','2025-10-11 15:35:57'),(205,'admin','127.0.0.1','内网IP','Downloading Tool','Unknown','0','登录成功','2025-10-11 15:36:32'),(206,'admin','127.0.0.1','内网IP','Downloading Tool','Unknown','0','登录成功','2025-10-11 15:36:51'),(207,'admin','127.0.0.1','内网IP','Downloading Tool','Unknown','0','登录成功','2025-10-11 15:37:07'),(208,'admin','127.0.0.1','内网IP','Chrome 14','Windows 10','0','退出成功','2025-10-11 15:37:39'),(209,'admin','127.0.0.1','内网IP','Chrome 14','Windows 10','0','登录成功','2025-10-11 15:37:41'),(210,'admin','127.0.0.1','内网IP','Downloading Tool','Unknown','0','登录成功','2025-10-11 15:38:18'),(211,'admin','127.0.0.1','内网IP','Chrome 14','Windows 10','0','登录成功','2025-10-11 15:44:24'),(212,'admin','127.0.0.1','内网IP','Chrome 14','Windows 10','0','退出成功','2025-10-11 15:48:24'),(213,'admin','127.0.0.1','内网IP','Chrome 14','Windows 10','0','登录成功','2025-10-11 15:48:25'),(214,'admin','127.0.0.1','内网IP','Chrome 14','Windows 10','0','登录成功','2025-10-11 15:49:18'),(215,'admin','127.0.0.1','内网IP','Chrome 14','Windows 10','0','登录成功','2025-10-11 15:49:43'),(216,'admin','127.0.0.1','内网IP','Chrome 14','Windows 10','0','登录成功','2025-10-11 16:00:55'),(217,'admin','127.0.0.1','内网IP','Chrome 14','Windows 10','0','登录成功','2025-10-11 16:04:01'),(218,'admin','127.0.0.1','内网IP','Chrome 14','Windows 10','0','退出成功','2025-10-11 16:09:18'),(219,'admin','127.0.0.1','内网IP','Chrome 14','Windows 10','0','登录成功','2025-10-11 16:09:20'),(220,'admin','127.0.0.1','内网IP','Chrome 14','Windows 10','0','登录成功','2025-10-11 16:18:00'),(221,'admin','127.0.0.1','内网IP','Chrome 14','Windows 10','0','登录成功','2025-10-11 17:10:23'),(222,'admin','127.0.0.1','内网IP','Chrome 14','Windows 10','0','登录成功','2025-10-11 17:16:56'),(223,'admin','127.0.0.1','内网IP','Downloading Tool','Unknown','0','登录成功','2025-10-11 17:22:11'),(224,'admin','127.0.0.1','内网IP','Downloading Tool','Unknown','0','登录成功','2025-10-11 17:22:24'),(225,'admin','127.0.0.1','内网IP','Downloading Tool','Unknown','0','登录成功','2025-10-11 17:32:34'),(226,'admin','127.0.0.1','内网IP','Chrome 14','Windows 10','0','登录成功','2025-10-11 17:49:24'),(227,'admin','127.0.0.1','内网IP','Chrome 14','Windows 10','0','登录成功','2025-10-13 08:55:25'),(228,'admin','127.0.0.1','内网IP','Chrome 14','Windows 10','0','登录成功','2025-10-13 09:38:49'),(229,'admin','127.0.0.1','内网IP','Downloading Tool','Unknown','0','登录成功','2025-10-13 10:10:40'),(230,'admin','127.0.0.1','内网IP','Chrome 14','Windows 10','0','登录成功','2025-10-13 10:18:21'),(231,'admin','127.0.0.1','内网IP','Chrome 14','Windows 10','0','登录成功','2025-10-13 10:58:55'),(232,'admin','127.0.0.1','内网IP','Chrome 14','Windows 10','0','登录成功','2025-10-13 11:17:13'),(233,'admin','127.0.0.1','内网IP','Chrome 14','Windows 10','0','退出成功','2025-10-13 11:22:29'),(234,'admin','127.0.0.1','内网IP','Chrome 14','Windows 10','0','登录成功','2025-10-13 11:22:31'),(235,'admin','127.0.0.1','内网IP','Chrome 14','Windows 10','0','登录成功','2025-10-14 08:50:18'),(236,'admin','127.0.0.1','内网IP','Chrome 14','Windows 10','0','登录成功','2025-10-14 10:02:59'),(237,'admin','127.0.0.1','内网IP','Chrome 14','Windows 10','0','登录成功','2025-10-14 11:47:13'),(238,'admin','127.0.0.1','内网IP','Chrome 14','Windows 10','0','登录成功','2025-10-14 14:07:56'),(239,'admin','127.0.0.1','内网IP','Downloading Tool','Unknown','1','用户已封禁，请联系管理员','2025-10-14 14:10:50'),(240,'admin','127.0.0.1','内网IP','Downloading Tool','Unknown','0','登录成功','2025-10-14 14:12:06'),(241,'admin','127.0.0.1','内网IP','Chrome 14','Windows 10','0','登录成功','2025-10-14 14:38:42'),(242,'admin','127.0.0.1','内网IP','Chrome 14','Windows 10','0','登录成功','2025-10-14 15:27:21'),(243,'admin','127.0.0.1','内网IP','Chrome 14','Windows 10','0','登录成功','2025-10-14 16:29:19'),(244,'admin','127.0.0.1','内网IP','Downloading Tool','Unknown','0','登录成功','2025-10-14 17:21:35'),(245,'admin','127.0.0.1','内网IP','Downloading Tool','Unknown','0','登录成功','2025-10-14 17:22:07'),(246,'admin','127.0.0.1','内网IP','Downloading Tool','Unknown','0','登录成功','2025-10-14 17:22:32'),(247,'admin','127.0.0.1','内网IP','Downloading Tool','Unknown','0','登录成功','2025-10-14 17:22:51'),(248,'admin','127.0.0.1','内网IP','Chrome 14','Windows 10','0','登录成功','2025-10-15 14:07:18'),(249,'admin','127.0.0.1','内网IP','Chrome 14','Windows 10','0','登录成功','2025-10-16 11:27:49'),(250,'admin','127.0.0.1','内网IP','Chrome 14','Windows 10','0','登录成功','2025-10-16 14:08:22'),(251,'admin','127.0.0.1','内网IP','Chrome 14','Windows 10','0','登录成功','2025-10-16 14:55:42'),(252,'admin','127.0.0.1','内网IP','Chrome 14','Windows 10','0','登录成功','2025-10-16 15:12:18'),(253,'admin','127.0.0.1','内网IP','Chrome 14','Windows 10','0','登录成功','2025-10-16 16:11:15'),(254,'admin','127.0.0.1','内网IP','Chrome 14','Windows 10','0','登录成功','2025-10-16 16:11:40'),(255,'admin','127.0.0.1','内网IP','Chrome 14','Windows 10','0','登录成功','2025-10-16 16:23:11'),(256,'admin','127.0.0.1','内网IP','Chrome 14','Windows 10','0','退出成功','2025-10-16 16:23:33'),(257,'admin','127.0.0.1','内网IP','Chrome 14','Windows 10','0','登录成功','2025-10-16 16:32:36'),(258,'admin','127.0.0.1','内网IP','Chrome 14','Windows 10','0','退出成功','2025-10-16 16:32:51'),(259,'admin','127.0.0.1','内网IP','Chrome 14','Windows 10','0','登录成功','2025-10-16 16:34:10'),(260,'admin','127.0.0.1','内网IP','Chrome 14','Windows 10','0','登录成功','2025-10-16 16:40:22'),(261,'admin','127.0.0.1','内网IP','Chrome 14','Windows 10','0','退出成功','2025-10-16 16:40:45'),(262,'admin','127.0.0.1','内网IP','Chrome 14','Windows 10','0','登录成功','2025-10-16 16:40:48'),(263,'admin','127.0.0.1','内网IP','Chrome 14','Windows 10','0','登录成功','2025-10-20 14:04:46'),(264,'admin','127.0.0.1','内网IP','Chrome 14','Windows 10','0','退出成功','2025-10-20 14:05:29'),(265,'admin','127.0.0.1','内网IP','Chrome 14','Windows 10','0','登录成功','2025-10-20 14:05:45'),(266,'admin','127.0.0.1','内网IP','Chrome 14','Windows 10','0','登录成功','2025-10-20 16:01:59'),(267,'admin','127.0.0.1','内网IP','Chrome 14','Windows 10','0','登录成功','2025-10-20 17:20:48'),(268,'admin','127.0.0.1','内网IP','Chrome 14','Windows 10','0','登录成功','2025-10-21 09:32:22'),(269,'admin','127.0.0.1','内网IP','Chrome 14','Windows 10','0','登录成功','2025-10-22 15:37:06'),(270,'admin','127.0.0.1','内网IP','Chrome 14','Windows 10','0','登录成功','2025-10-24 09:01:14'),(271,'admin','127.0.0.1','内网IP','Chrome 14','Windows 10','0','登录成功','2025-10-24 10:12:40'),(272,'admin','127.0.0.1','内网IP','Chrome 14','Windows 10','0','登录成功','2025-10-24 14:42:38'),(273,'admin','127.0.0.1','内网IP','Chrome 14','Windows 10','0','退出成功','2025-10-24 15:10:55'),(274,'admin','127.0.0.1','内网IP','Chrome 14','Windows 10','0','登录成功','2025-10-24 15:10:59'),(275,'admin','127.0.0.1','内网IP','Chrome 14','Windows 10','0','退出成功','2025-10-24 15:15:33'),(276,'admin','127.0.0.1','内网IP','Chrome 14','Windows 10','0','登录成功','2025-10-24 15:15:39'),(277,'admin','127.0.0.1','内网IP','Chrome 14','Windows 10','0','登录成功','2025-10-24 16:22:52'),(278,'admin','127.0.0.1','内网IP','Chrome 14','Windows 10','0','退出成功','2025-10-24 16:24:09'),(279,'admin','127.0.0.1','内网IP','Chrome 14','Windows 10','0','登录成功','2025-10-24 16:24:14'),(280,'admin','127.0.0.1','内网IP','Chrome 14','Windows 10','0','退出成功','2025-10-24 16:34:14'),(281,'admin','127.0.0.1','内网IP','Chrome 14','Windows 10','0','登录成功','2025-10-24 16:34:31'),(282,'admin','127.0.0.1','内网IP','Chrome 14','Windows 10','0','登录成功','2025-10-27 09:34:49'),(283,'admin','127.0.0.1','内网IP','Chrome 14','Windows 10','0','登录成功','2025-10-27 09:56:21'),(284,'admin','127.0.0.1','内网IP','Chrome 14','Windows 10','0','退出成功','2025-10-27 10:17:26'),(285,'admin','127.0.0.1','内网IP','Chrome 14','Windows 10','0','登录成功','2025-10-27 10:17:31'),(286,'admin','127.0.0.1','内网IP','Chrome 14','Windows 10','0','退出成功','2025-10-27 10:31:54'),(287,'admin','127.0.0.1','内网IP','Chrome 14','Windows 10','0','登录成功','2025-10-27 10:32:00'),(288,'admin','127.0.0.1','内网IP','Chrome 14','Windows 10','0','登录成功','2025-10-27 15:19:19'),(289,'admin','127.0.0.1','内网IP','Chrome 14','Windows 10','0','退出成功','2025-10-27 16:27:17'),(290,'admin','127.0.0.1','内网IP','Chrome 14','Windows 10','0','登录成功','2025-10-27 16:27:29'),(291,'admin','127.0.0.1','内网IP','Chrome 14','Windows 10','0','登录成功','2025-10-29 10:43:39'),(292,'admin','127.0.0.1','内网IP','Chrome 14','Windows 10','0','退出成功','2025-10-29 10:48:36'),(293,'admin','127.0.0.1','内网IP','Chrome 14','Windows 10','0','登录成功','2025-10-29 10:48:41'),(294,'admin','127.0.0.1','内网IP','Chrome 14','Windows 10','0','登录成功','2025-10-29 11:04:35'),(295,'admin','127.0.0.1','内网IP','Chrome 14','Windows 10','0','登录成功','2025-10-29 11:08:05'),(296,'admin','127.0.0.1','内网IP','Chrome 14','Windows 10','0','登录成功','2025-10-29 11:16:39'),(297,'admin','127.0.0.1','内网IP','Chrome 14','Windows 10','0','退出成功','2025-10-29 11:48:06'),(298,'admin','127.0.0.1','内网IP','Chrome 14','Windows 10','0','登录成功','2025-10-29 11:48:13'),(299,'admin','127.0.0.1','内网IP','Chrome 14','Windows 10','0','登录成功','2025-10-29 11:50:53'),(300,'admin','127.0.0.1','内网IP','Chrome 14','Windows 10','0','登录成功','2025-10-29 11:58:19'),(301,'admin','127.0.0.1','内网IP','Chrome 14','Windows 10','0','退出成功','2025-10-29 12:18:58'),(302,'admin','127.0.0.1','内网IP','Chrome 14','Windows 10','0','登录成功','2025-10-29 12:19:16'),(303,'admin','127.0.0.1','内网IP','Chrome 14','Windows 10','0','登录成功','2025-10-30 13:56:21'),(304,'admin','127.0.0.1','内网IP','Chrome 14','Windows 10','0','登录成功','2025-10-30 14:00:12'),(305,'admin','127.0.0.1','内网IP','Chrome 14','Windows 10','0','登录成功','2025-10-30 14:01:40'),(306,'admin','127.0.0.1','内网IP','Chrome 14','Windows 10','0','登录成功','2025-10-30 14:38:54'),(307,'admin','127.0.0.1','内网IP','Chrome 14','Windows 10','0','登录成功','2025-10-30 14:48:21'),(308,'admin','127.0.0.1','内网IP','Chrome 14','Windows 10','0','退出成功','2025-10-30 14:54:58'),(309,'admin','127.0.0.1','内网IP','Chrome 14','Windows 10','0','登录成功','2025-10-30 14:55:05'),(310,'admin','127.0.0.1','内网IP','Chrome 14','Windows 10','0','登录成功','2025-10-30 14:59:06'),(311,'admin','127.0.0.1','内网IP','Chrome 14','Windows 10','0','登录成功','2025-10-30 15:03:33'),(312,'admin','127.0.0.1','内网IP','Chrome 14','Windows 10','0','退出成功','2025-10-30 15:04:40'),(313,'admin','127.0.0.1','内网IP','Chrome 14','Windows 10','0','登录成功','2025-10-30 15:04:45'),(314,'admin','127.0.0.1','内网IP','Chrome 14','Windows 10','0','退出成功','2025-10-30 15:07:45'),(315,'admin','127.0.0.1','内网IP','Chrome 14','Windows 10','1','验证码错误','2025-10-30 15:07:52'),(316,'admin','127.0.0.1','内网IP','Chrome 14','Windows 10','0','登录成功','2025-10-30 15:08:18'),(317,'admin','127.0.0.1','内网IP','Chrome 14','Windows 10','1','验证码错误','2025-10-30 15:08:33'),(318,'admin','127.0.0.1','内网IP','Chrome 14','Windows 10','0','登录成功','2025-10-30 15:08:39'),(319,'admin','127.0.0.1','内网IP','Chrome 14','Windows 10','0','退出成功','2025-10-30 15:08:43'),(320,'admin','127.0.0.1','内网IP','Chrome 14','Windows 10','0','登录成功','2025-10-30 15:09:13'),(321,'admin','127.0.0.1','内网IP','Chrome 14','Windows 10','0','登录成功','2025-10-30 15:13:37'),(322,'admin','127.0.0.1','内网IP','Chrome 14','Windows 10','0','退出成功','2025-10-30 15:13:56'),(323,'admin','127.0.0.1','内网IP','Chrome 14','Windows 10','0','登录成功','2025-10-30 15:14:01'),(324,'admin','127.0.0.1','内网IP','Chrome 14','Windows 10','0','登录成功','2025-10-30 15:20:20'),(325,'admin','127.0.0.1','内网IP','Chrome 14','Windows 10','0','登录成功','2025-10-30 15:21:19'),(326,'admin','127.0.0.1','内网IP','Downloading Tool','Unknown','1','验证码已失效','2025-10-30 15:22:24'),(327,'admin','127.0.0.1','内网IP','Downloading Tool','Unknown','1','验证码已失效','2025-10-30 15:22:26'),(328,'admin','127.0.0.1','内网IP','Chrome 14','Windows 10','0','登录成功','2025-10-30 15:32:34'),(329,'admin','127.0.0.1','内网IP','Chrome 14','Windows 10','0','登录成功','2025-10-30 15:33:22'),(330,'admin','127.0.0.1','内网IP','Chrome 14','Windows 10','0','登录成功','2025-10-30 15:35:51'),(331,'admin','127.0.0.1','内网IP','Downloading Tool','Unknown','1','验证码已失效','2025-10-30 15:37:31'),(332,'admin','127.0.0.1','内网IP','Downloading Tool','Unknown','1','验证码已失效','2025-10-30 15:37:33'),(333,'admin','127.0.0.1','内网IP','Chrome 14','Windows 10','0','登录成功','2025-10-30 15:38:35'),(334,'admin','127.0.0.1','内网IP','Chrome 14','Windows 10','0','退出成功','2025-10-30 15:50:37'),(335,'admin','127.0.0.1','内网IP','Chrome 14','Windows 10','0','登录成功','2025-10-30 15:50:44'),(336,'admin','127.0.0.1','内网IP','Chrome 14','Windows 10','0','退出成功','2025-10-30 15:53:49'),(337,'admin','127.0.0.1','内网IP','Chrome 14','Windows 10','0','登录成功','2025-10-30 15:53:54'),(338,'admin','127.0.0.1','内网IP','Chrome 14','Windows 10','0','登录成功','2025-10-30 16:04:39'),(339,'admin','127.0.0.1','内网IP','Chrome 14','Windows 10','0','登录成功','2025-10-30 16:16:18'),(340,'admin','127.0.0.1','内网IP','Chrome 14','Windows 10','0','登录成功','2025-10-30 16:50:33'),(341,'admin','127.0.0.1','内网IP','Chrome 14','Windows 10','1','验证码错误','2025-10-31 16:52:32'),(342,'admin','127.0.0.1','内网IP','Chrome 14','Windows 10','0','登录成功','2025-10-31 16:52:36'),(343,'admin','127.0.0.1','内网IP','Chrome 14','Windows 10','0','退出成功','2025-10-31 17:03:56'),(344,'admin','127.0.0.1','内网IP','Chrome 14','Windows 10','0','登录成功','2025-10-31 17:04:03'),(345,'admin','127.0.0.1','内网IP','Chrome 14','Windows 10','0','登录成功','2025-11-04 09:10:15'),(346,'admin','127.0.0.1','内网IP','Chrome 14','Windows 10','0','登录成功','2025-11-04 11:20:56'),(347,'admin','127.0.0.1','内网IP','Chrome 14','Windows 10','0','登录成功','2025-11-04 14:15:07'),(348,'admin','127.0.0.1','内网IP','Chrome 14','Windows 10','0','登录成功','2025-11-04 16:00:50'),(349,'admin','127.0.0.1','内网IP','Chrome 14','Windows 10','0','登录成功','2025-11-04 16:15:48'),(350,'admin','127.0.0.1','内网IP','Chrome 14','Windows 10','0','退出成功','2025-11-04 16:16:38'),(351,'admin','127.0.0.1','内网IP','Chrome 14','Windows 10','0','登录成功','2025-11-04 16:16:42'),(352,'admin','127.0.0.1','内网IP','Chrome 14','Windows 10','0','登录成功','2025-11-04 17:03:52'),(353,'admin','127.0.0.1','内网IP','Chrome 14','Windows 10','0','退出成功','2025-11-04 17:06:24'),(354,'admin','127.0.0.1','内网IP','Chrome 14','Windows 10','0','登录成功','2025-11-04 17:06:33'),(355,'admin','127.0.0.1','内网IP','Chrome 14','Windows 10','0','登录成功','2025-11-04 18:08:46'),(356,'admin','127.0.0.1','内网IP','Chrome 14','Windows 10','0','退出成功','2025-11-04 18:08:56'),(357,'admin','127.0.0.1','内网IP','Chrome 14','Windows 10','0','登录成功','2025-11-10 15:55:46'),(358,'admin','127.0.0.1','内网IP','Chrome 14','Windows 10','0','登录成功','2025-11-10 16:52:01'),(359,'admin','127.0.0.1','内网IP','Chrome 14','Windows 10','0','退出成功','2025-11-10 17:05:46'),(360,'admin','127.0.0.1','内网IP','Chrome 14','Windows 10','0','登录成功','2025-11-10 17:06:14'),(361,'admin','127.0.0.1','内网IP','Chrome 14','Windows 10','0','登录成功','2025-11-11 15:08:51'),(362,'admin','127.0.0.1','内网IP','Chrome 14','Windows 10','0','登录成功','2025-11-11 16:00:49'),(363,'admin','127.0.0.1','内网IP','Chrome 14','Windows 10','0','退出成功','2025-11-11 16:06:21'),(364,'admin','127.0.0.1','内网IP','Chrome 14','Windows 10','0','登录成功','2025-11-11 16:06:37'),(365,'admin','127.0.0.1','内网IP','Chrome 14','Windows 10','0','退出成功','2025-11-11 16:07:31'),(366,'admin','127.0.0.1','内网IP','Chrome 14','Windows 10','0','登录成功','2025-11-11 16:08:03'),(367,'admin','127.0.0.1','内网IP','Chrome 14','Windows 10','0','退出成功','2025-11-11 16:13:22'),(368,'admin','127.0.0.1','内网IP','Chrome 14','Windows 10','0','登录成功','2025-11-11 16:13:27'),(369,'admin','127.0.0.1','内网IP','Chrome 14','Windows 10','0','登录成功','2025-11-11 17:22:46'),(370,'admin','127.0.0.1','内网IP','Chrome 14','Windows 10','0','退出成功','2025-11-11 17:23:02'),(371,'admin','127.0.0.1','内网IP','Chrome 14','Windows 10','0','登录成功','2025-11-12 08:54:45'),(372,'admin','127.0.0.1','内网IP','Chrome 14','Windows 10','0','登录成功','2025-11-12 09:26:31'),(373,'admin','127.0.0.1','内网IP','Chrome 14','Windows 10','0','登录成功','2025-11-12 09:32:13'),(374,'admin','127.0.0.1','内网IP','Chrome 14','Windows 10','0','登录成功','2025-11-12 11:39:21'),(375,'admin','127.0.0.1','内网IP','Chrome 14','Windows 10','0','退出成功','2025-11-12 11:39:24'),(376,'admin','127.0.0.1','内网IP','Chrome 14','Windows 10','0','登录成功','2025-11-12 11:39:44'),(377,'admin','127.0.0.1','内网IP','Chrome 14','Windows 10','0','登录成功','2025-11-12 11:49:29'),(378,'admin','127.0.0.1','内网IP','Chrome 14','Windows 10','0','登录成功','2025-11-12 13:27:15'),(379,'admin','127.0.0.1','内网IP','Chrome 13','Windows 10','0','登录成功','2025-11-12 14:16:02'),(380,'admin','127.0.0.1','内网IP','Chrome 14','Windows 10','0','退出成功','2025-11-12 15:13:39'),(381,'admin','127.0.0.1','内网IP','Chrome 14','Windows 10','0','登录成功','2025-11-12 15:13:47'),(382,'admin','127.0.0.1','内网IP','Chrome 14','Windows 10','0','登录成功','2025-11-12 15:57:59'),(383,'admin','127.0.0.1','内网IP','Chrome 13','Windows 10','0','登录成功','2025-11-12 16:31:29'),(384,'admin','127.0.0.1','内网IP','Chrome 13','Windows 10','0','退出成功','2025-11-12 16:50:09'),(385,'admin','127.0.0.1','内网IP','Chrome 13','Windows 10','0','登录成功','2025-11-12 16:50:16'),(386,'admin','127.0.0.1','内网IP','Downloading Tool','Unknown','1','验证码错误','2025-11-12 16:59:37'),(387,'admin','127.0.0.1','内网IP','Chrome 14','Windows 10','0','登录成功','2025-11-12 17:09:52'),(388,'admin','127.0.0.1','内网IP','Chrome 14','Windows 10','0','登录成功','2025-11-12 18:17:57'),(389,'admin','127.0.0.1','内网IP','Chrome 14','Windows 10','0','登录成功','2025-11-13 10:17:38'),(390,'admin','127.0.0.1','内网IP','Chrome 13','Windows 10','0','登录成功','2025-11-13 10:21:55'),(391,'admin','127.0.0.1','内网IP','Chrome 14','Windows 10','0','登录成功','2025-11-13 11:17:12'),(392,'admin','127.0.0.1','内网IP','Chrome 14','Windows 10','0','登录成功','2025-11-13 16:53:37'),(393,'admin','127.0.0.1','内网IP','Chrome 14','Windows 10','0','登录成功','2025-11-14 14:21:11'),(394,'admin','127.0.0.1','内网IP','Chrome 14','Windows 10','0','退出成功','2025-11-14 15:28:27'),(395,'admin','127.0.0.1','内网IP','Chrome 14','Windows 10','0','登录成功','2025-11-14 15:29:11'),(396,'admin','127.0.0.1','内网IP','Chrome 14','Windows 10','0','登录成功','2025-11-14 16:04:38'),(397,'admin','127.0.0.1','内网IP','Chrome 14','Windows 10','0','退出成功','2025-11-14 16:05:21'),(398,'admin','127.0.0.1','内网IP','Chrome 14','Windows 10','0','登录成功','2025-11-14 16:05:39'),(399,'admin','127.0.0.1','内网IP','Chrome 14','Windows 10','0','登录成功','2025-11-17 11:12:30'),(400,'admin','127.0.0.1','内网IP','Chrome 14','Windows 10','0','登录成功','2025-11-17 14:07:02'),(401,'admin','127.0.0.1','内网IP','Chrome 14','Windows 10','0','退出成功','2025-11-17 14:22:37'),(402,'admin','127.0.0.1','内网IP','Chrome 14','Windows 10','1','验证码错误','2025-11-17 14:22:45'),(403,'admin','127.0.0.1','内网IP','Chrome 14','Windows 10','0','登录成功','2025-11-17 14:22:49'),(404,'admin','127.0.0.1','内网IP','Chrome 14','Windows 10','0','退出成功','2025-11-17 14:40:36'),(405,'admin','127.0.0.1','内网IP','Chrome 14','Windows 10','0','登录成功','2025-11-17 14:40:42'),(406,'admin','127.0.0.1','内网IP','Chrome 14','Windows 10','0','登录成功','2025-11-17 14:45:52'),(407,'admin','127.0.0.1','内网IP','Chrome 14','Windows 10','0','登录成功','2025-11-17 15:19:55'),(408,'admin','127.0.0.1','内网IP','Chrome 14','Windows 10','0','登录成功','2025-11-17 15:23:34'),(409,'admin','127.0.0.1','内网IP','Chrome 14','Windows 10','0','登录成功','2025-11-17 15:28:58'),(410,'admin','127.0.0.1','内网IP','Chrome 14','Windows 10','0','登录成功','2025-11-17 16:02:32'),(411,'admin','127.0.0.1','内网IP','Chrome 14','Windows 10','0','登录成功','2025-11-17 16:52:03'),(412,'admin','127.0.0.1','内网IP','Chrome 13','Windows 10','0','登录成功','2025-11-17 17:26:03'),(413,'admin','127.0.0.1','内网IP','Chrome 14','Mac OS X','0','登录成功','2025-11-17 18:02:40'),(414,'admin','127.0.0.1','内网IP','Chrome 14','Mac OS X','0','退出成功','2025-11-17 18:04:35'),(415,'admin','127.0.0.1','内网IP','Chrome 14','Mac OS X','0','登录成功','2025-11-17 18:04:41'),(416,'admin','127.0.0.1','内网IP','Chrome 14','Mac OS X','0','登录成功','2025-11-17 18:22:51'),(417,'admin','127.0.0.1','内网IP','Downloading Tool','Unknown','1','验证码已失效','2025-11-17 19:15:11'),(418,'admin','127.0.0.1','内网IP','Chrome 13','Mac OS X','0','登录成功','2025-11-17 19:16:43'),(419,'admin','127.0.0.1','内网IP','Chrome 14','Mac OS X','1','验证码错误','2025-11-17 19:17:10'),(420,'admin','127.0.0.1','内网IP','Chrome 14','Mac OS X','0','登录成功','2025-11-17 19:17:15'),(421,'admin','127.0.0.1','内网IP','Chrome 14','Mac OS X','0','退出成功','2025-11-17 19:50:02'),(422,'admin','127.0.0.1','内网IP','Chrome 14','Mac OS X','0','登录成功','2025-11-17 19:50:22'),(423,'admin','127.0.0.1','内网IP','Chrome 14','Mac OS X','0','登录成功','2025-11-17 22:21:21'),(424,'admin','127.0.0.1','内网IP','Chrome 14','Mac OS X','0','登录成功','2025-11-18 19:37:30'),(425,'admin','127.0.0.1','内网IP','Chrome 14','Mac OS X','0','登录成功','2025-11-18 20:18:54'),(426,'admin','127.0.0.1','内网IP','Chrome 14','Mac OS X','0','退出成功','2025-11-18 21:19:16'),(427,'admin','127.0.0.1','内网IP','Chrome 14','Mac OS X','0','登录成功','2025-11-18 21:19:48'),(428,'admin','127.0.0.1','内网IP','Chrome 14','Mac OS X','0','登录成功','2025-11-18 21:30:51'),(429,'admin','127.0.0.1','内网IP','Chrome 14','Mac OS X','0','退出成功','2025-11-18 21:43:16'),(430,'admin','127.0.0.1','内网IP','Chrome 14','Mac OS X','0','登录成功','2025-11-18 21:43:21'),(431,'admin','127.0.0.1','内网IP','Safari','Mac OS X','0','登录成功','2025-11-18 22:00:46'),(432,'admin','127.0.0.1','内网IP','Chrome 14','Mac OS X','0','登录成功','2025-11-18 22:01:17'),(433,'admin','127.0.0.1','内网IP','Chrome 13','Mac OS X','0','登录成功','2025-11-18 22:11:06'),(434,'admin','127.0.0.1','内网IP','Chrome 14','Mac OS X','1','验证码错误','2025-11-18 22:46:59'),(435,'admin','127.0.0.1','内网IP','Chrome 14','Mac OS X','0','登录成功','2025-11-18 22:47:08'),(436,'admin','127.0.0.1','内网IP','Chrome 14','Mac OS X','0','退出成功','2025-11-18 22:53:59'),(437,'admin','127.0.0.1','内网IP','Chrome 14','Mac OS X','0','登录成功','2025-11-18 22:54:05'),(438,'admin','127.0.0.1','内网IP','Chrome 14','Mac OS X','0','登录成功','2025-11-20 18:11:02'),(439,'admin','127.0.0.1','内网IP','Chrome 14','Mac OS X','0','登录成功','2025-11-20 19:46:22'),(440,'admin','127.0.0.1','内网IP','Chrome 14','Mac OS X','0','登录成功','2025-11-20 21:03:49'),(441,'admin','127.0.0.1','内网IP','Chrome 14','Mac OS X','0','登录成功','2025-11-20 22:54:30'),(442,'admin','127.0.0.1','内网IP','Chrome 14','Mac OS X','0','退出成功','2025-11-20 23:09:21'),(443,'admin','127.0.0.1','内网IP','Chrome 14','Windows 10','1','验证码错误','2025-11-21 09:17:39'),(444,'admin','127.0.0.1','内网IP','Chrome 14','Windows 10','0','登录成功','2025-11-21 09:17:43'),(445,'admin','127.0.0.1','内网IP','Robot/Spider','Unknown','1','验证码错误','2025-11-21 11:36:51'),(446,'admin','127.0.0.1','内网IP','Robot/Spider','Unknown','1','验证码已失效','2025-11-21 11:37:59'),(447,'admin','127.0.0.1','内网IP','Downloading Tool','Unknown','1','验证码已失效','2025-11-21 11:38:48'),(448,'admin','127.0.0.1','内网IP','Downloading Tool','Unknown','1','验证码已失效','2025-11-21 11:39:24'),(449,'admin','127.0.0.1','内网IP','Downloading Tool','Unknown','0','登录成功','2025-11-21 11:40:00'),(450,'admin','127.0.0.1','内网IP','Downloading Tool','Unknown','0','登录成功','2025-11-21 11:40:53'),(451,'admin','127.0.0.1','内网IP','Downloading Tool','Unknown','0','登录成功','2025-11-21 11:41:09'),(452,'admin','127.0.0.1','内网IP','Downloading Tool','Unknown','0','登录成功','2025-11-21 11:42:39'),(453,'admin','127.0.0.1','内网IP','Downloading Tool','Unknown','0','登录成功','2025-11-21 11:46:38'),(454,'admin','127.0.0.1','内网IP','Downloading Tool','Unknown','0','登录成功','2025-11-21 11:46:48'),(455,'admin','127.0.0.1','内网IP','Downloading Tool','Unknown','0','登录成功','2025-11-21 11:47:11'),(456,'admin','127.0.0.1','内网IP','Downloading Tool','Unknown','0','登录成功','2025-11-21 11:49:05'),(457,'admin','127.0.0.1','内网IP','Downloading Tool','Unknown','0','登录成功','2025-11-21 11:49:16'),(458,'admin','127.0.0.1','内网IP','Downloading Tool','Unknown','0','登录成功','2025-11-21 11:49:21'),(459,'admin','127.0.0.1','内网IP','Downloading Tool','Unknown','0','登录成功','2025-11-21 11:50:45'),(460,'admin','127.0.0.1','内网IP','Downloading Tool','Unknown','0','登录成功','2025-11-21 11:50:58'),(461,'admin','127.0.0.1','内网IP','Downloading Tool','Unknown','0','登录成功','2025-11-21 11:51:06'),(462,'admin','127.0.0.1','内网IP','Downloading Tool','Unknown','0','登录成功','2025-11-21 11:51:11'),(463,'admin','127.0.0.1','内网IP','Downloading Tool','Unknown','0','登录成功','2025-11-21 11:51:16'),(464,'admin','127.0.0.1','内网IP','Robot/Spider','Unknown','0','登录成功','2025-11-21 11:53:38'),(465,'admin','127.0.0.1','内网IP','Chrome 14','Windows 10','0','登录成功','2025-11-21 12:01:38'),(466,'admin','127.0.0.1','内网IP','Chrome 14','Windows 10','0','登录成功','2025-11-21 14:07:19');
/*!40000 ALTER TABLE `sys_logininfor` ENABLE KEYS */;
UNLOCK TABLES;

--
-- Table structure for table `sys_menu`
--

DROP TABLE IF EXISTS `sys_menu`;
/*!40101 SET @saved_cs_client     = @@character_set_client */;
/*!50503 SET character_set_client = utf8mb4 */;
CREATE TABLE `sys_menu` (
  `menu_id` bigint NOT NULL AUTO_INCREMENT COMMENT '菜单ID',
  `menu_name` varchar(50) CHARACTER SET utf8mb4 COLLATE utf8mb4_unicode_ci NOT NULL COMMENT '菜单名称',
  `parent_id` bigint DEFAULT '0' COMMENT '父菜单ID',
  `order_num` int DEFAULT '0' COMMENT '显示顺序',
  `path` varchar(200) CHARACTER SET utf8mb4 COLLATE utf8mb4_unicode_ci DEFAULT '' COMMENT '路由地址',
  `component` varchar(255) CHARACTER SET utf8mb4 COLLATE utf8mb4_unicode_ci DEFAULT NULL COMMENT '组件路径',
  `query` varchar(255) CHARACTER SET utf8mb4 COLLATE utf8mb4_unicode_ci DEFAULT NULL COMMENT '路由参数',
  `route_name` varchar(50) CHARACTER SET utf8mb4 COLLATE utf8mb4_unicode_ci DEFAULT '' COMMENT '路由名称',
  `is_frame` int DEFAULT '1' COMMENT '是否为外链（0是 1否）',
  `is_cache` int DEFAULT '0' COMMENT '是否缓存（0缓存 1不缓存）',
  `menu_type` char(1) CHARACTER SET utf8mb4 COLLATE utf8mb4_unicode_ci DEFAULT '' COMMENT '菜单类型（M目录 C菜单 F按钮）',
  `visible` char(1) CHARACTER SET utf8mb4 COLLATE utf8mb4_unicode_ci DEFAULT '0' COMMENT '菜单状态（0显示 1隐藏）',
  `status` char(1) CHARACTER SET utf8mb4 COLLATE utf8mb4_unicode_ci DEFAULT '0' COMMENT '菜单状态（0正常 1停用）',
  `perms` varchar(100) CHARACTER SET utf8mb4 COLLATE utf8mb4_unicode_ci DEFAULT NULL COMMENT '权限标识',
  `icon` varchar(100) CHARACTER SET utf8mb4 COLLATE utf8mb4_unicode_ci DEFAULT '#' COMMENT '菜单图标',
  `create_by` varchar(64) CHARACTER SET utf8mb4 COLLATE utf8mb4_unicode_ci DEFAULT '' COMMENT '创建者',
  `create_time` datetime DEFAULT NULL COMMENT '创建时间',
  `update_by` varchar(64) CHARACTER SET utf8mb4 COLLATE utf8mb4_unicode_ci DEFAULT '' COMMENT '更新者',
  `update_time` datetime DEFAULT NULL COMMENT '更新时间',
  `remark` varchar(500) CHARACTER SET utf8mb4 COLLATE utf8mb4_unicode_ci DEFAULT '' COMMENT '备注',
  PRIMARY KEY (`menu_id`)
) ENGINE=InnoDB AUTO_INCREMENT=40027 DEFAULT CHARSET=utf8mb4 COLLATE=utf8mb4_unicode_ci COMMENT='菜单权限表';
/*!40101 SET character_set_client = @saved_cs_client */;

--
-- Dumping data for table `sys_menu`
--

LOCK TABLES `sys_menu` WRITE;
/*!40000 ALTER TABLE `sys_menu` DISABLE KEYS */;
INSERT INTO `sys_menu` VALUES (1,'系统管理',0,1,'system','Layout','','',0,0,'M','0','0','','system','admin','2025-11-10 15:53:16','',NULL,'系统管理目录'),(2,'系统监控',0,2,'monitor','Layout','','',0,0,'M','0','0','','monitor','admin','2025-11-10 15:53:16','',NULL,'系统监控目录'),(3,'系统工具',0,3,'tool','Layout','','',0,0,'M','0','0','','tool','admin','2025-11-10 15:53:16','',NULL,'系统工具目录'),(4,'若依官网',0,4,'http://ruoyi.vip',NULL,'','',0,0,'M','1','0','','guide','admin','2025-11-10 15:53:16','',NULL,'若依官网地址'),(100,'用户管理',1,1,'user','admin/system/user/user/index','','',1,0,'C','0','0','system:user:list','user','admin','2025-11-17 14:37:32','',NULL,'用户管理菜单'),(101,'角色管理',1,2,'role','admin/system/role/role/index','','',1,0,'C','0','0','system:role:list','peoples','admin','2025-11-17 14:37:32','',NULL,'角色管理菜单'),(102,'菜单管理',1,3,'menu','admin/system/menu/menu/index','','',1,0,'C','0','0','system:menu:list','tree-table','admin','2025-11-17 14:37:32','',NULL,'菜单管理菜单'),(103,'部门管理',1,4,'dept','admin/system/dept/dept/index','','',1,0,'C','0','0','system:dept:list','tree','admin','2025-11-17 14:37:32','',NULL,'部门管理菜单'),(104,'岗位管理',1,5,'post','admin/system/post/post/index','','',1,0,'C','0','0','system:post:list','post','admin','2025-11-17 14:37:32','',NULL,'岗位管理菜单'),(105,'字典管理',1,6,'dict','admin/system/dict/dict/index','','',1,0,'C','0','0','system:dict:list','dict','admin','2025-11-17 14:37:32','',NULL,'字典管理菜单'),(106,'参数设置',1,7,'config','admin/system/config/config/index','','',1,0,'C','0','0','system:config:list','edit','admin','2025-11-17 14:37:32','',NULL,'参数设置菜单'),(107,'通知公告',1,8,'notice','admin/system/notice/notice/index','','',1,0,'C','0','0','system:notice:list','message','admin','2025-11-17 14:37:32','',NULL,'通知公告菜单'),(109,'在线用户',2,1,'online','admin/monitor/online/index','','',1,0,'C','0','0','monitor:online:list','online','admin','2025-11-17 14:37:32','',NULL,'在线用户菜单'),(110,'定时任务',2,2,'job','admin/monitor/job/index','','',1,0,'C','0','0','monitor:job:list','job','admin','2025-11-17 14:37:32','',NULL,'定时任务菜单'),(111,'数据监控',2,3,'druid','admin/monitor/druid/index','','',1,0,'C','0','0','monitor:druid:list','druid','admin','2025-11-17 14:37:32','',NULL,'数据监控菜单'),(112,'服务监控',2,4,'server','admin/monitor/server/index','','',1,0,'C','0','0','monitor:server:list','server','admin','2025-11-17 14:37:32','',NULL,'服务监控菜单'),(113,'缓存监控',2,5,'cache','admin/monitor/cache/index','','',1,0,'C','0','0','monitor:cache:list','redis','admin','2025-11-17 14:37:32','',NULL,'缓存监控菜单'),(116,'代码生成',3,1,'gen','admin/tool/gen/index','','',1,0,'C','0','0','tool:gen:list','code','admin','2025-11-17 14:37:32','',NULL,'代码生成菜单'),(117,'系统接口',3,2,'swagger','admin/tool/swagger/index','','',1,0,'C','0','0','tool:swagger:list','swagger','admin','2025-11-17 14:37:32','',NULL,'系统接口菜单'),(500,'操作日志',2,6,'operlog','admin/monitor/operlog/index','','',1,0,'C','0','0','monitor:operlog:list','form','admin','2025-11-17 14:37:32','',NULL,'操作日志菜单'),(501,'登录日志',2,7,'logininfor','admin/monitor/logininfor/index','','',1,0,'C','0','0','monitor:logininfor:list','logininfor','admin','2025-11-17 14:37:32','',NULL,'登录日志菜单'),(1000,'系统管理',0,1,'system',NULL,'','',1,0,'M','0','0',NULL,'system','admin','2025-11-21 14:22:41','',NULL,'系统管理主菜单'),(1001,'用户管理',1000,1,'user','system/user/index','','',1,0,'C','0','0','system:user:list','user','admin','2025-11-21 14:24:43','',NULL,'用户管理菜单'),(1002,'角色管理',1000,2,'role','system/role/index','','',1,0,'C','0','0','system:role:list','peoples','admin','2025-11-21 14:24:43','',NULL,'角色管理菜单'),(1003,'菜单管理',1000,3,'menu','system/menu/index','','',1,0,'C','0','0','system:menu:list','tree-table','admin','2025-11-21 14:24:43','',NULL,'菜单管理菜单'),(1004,'部门管理',1000,4,'dept','system/dept/index','','',1,0,'C','0','0','system:dept:list','tree','admin','2025-11-21 14:24:43','',NULL,'部门管理菜单'),(1005,'岗位管理',1000,5,'post','system/post/index','','',1,0,'C','0','0','system:post:list','post','admin','2025-11-21 14:24:43','',NULL,'岗位管理菜单'),(1006,'字典管理',1000,6,'dict','system/dict/index','','',1,0,'C','0','0','system:dict:list','dict','admin','2025-11-21 14:24:43','',NULL,'字典管理菜单'),(1007,'参数设置',1000,7,'config','system/config/index','','',1,0,'C','0','0','system:config:list','edit','admin','2025-11-21 14:24:43','',NULL,'参数设置菜单'),(1008,'通知公告',1000,8,'notice','system/notice/index','','',1,0,'C','0','0','system:notice:list','message','admin','2025-11-21 14:24:43','',NULL,'通知公告菜单'),(1009,'日志管理',1000,9,'log',NULL,'','',1,0,'M','0','0',NULL,'log','admin','2025-11-21 14:24:43','',NULL,'日志管理目录'),(2000,'博客管理',0,5,'admin/blog',NULL,'','',1,0,'M','0','0','','documentation','admin','2025-11-17 18:56:52','',NULL,'博客内容管理目录'),(2101,'文章管理',2000,1,'article','admin/blog/article/index','','',1,0,'C','0','0','blog:article:list','edit','admin','2025-11-21 14:24:43','',NULL,'文章管理菜单'),(2102,'分类管理',2000,2,'category','admin/blog/category/index','','',1,0,'C','0','0','blog:category:list','list','admin','2025-11-21 14:24:43','',NULL,'分类管理菜单'),(2103,'标签管理',2000,3,'tag','admin/blog/tag/index','','',1,0,'C','0','0','blog:tag:list','tag','admin','2025-11-21 14:24:43','',NULL,'标签管理菜单'),(2104,'评论管理',2000,4,'comment','admin/blog/comment/index','','',1,0,'C','0','0','blog:comment:list','message','admin','2025-11-21 14:24:43','',NULL,'评论管理菜单'),(2105,'博客设置',2000,5,'setting','admin/blog/setting/index','','',1,0,'C','0','0','blog:setting:list','setting','admin','2025-11-21 14:24:43','',NULL,'博客设置菜单'),(2106,'友链管理',2000,6,'friendLink','admin/blog/friendLink/index','','',1,0,'C','0','0','blog:friendLink:list','link','admin','2025-11-21 14:24:43','',NULL,'友链管理菜单'),(3000,'数据统计',0,6,'statistics',NULL,'','',1,0,'M','0','0','','chart','admin','2025-11-17 18:56:52','',NULL,'数据统计分析目录'),(3001,'访问统计',3000,1,'visit','admin/statistics/visit/index','','',1,0,'C','0','0','statistics:visit:list','eye','admin','2025-11-21 14:24:43','',NULL,'访问统计菜单'),(3002,'文章统计',3000,2,'article','admin/statistics/article/index','','',1,0,'C','0','0','statistics:article:list','documentation','admin','2025-11-21 14:24:43','',NULL,'文章统计菜单'),(3003,'用户统计',3000,3,'user','admin/statistics/user/index','','',1,0,'C','0','0','statistics:user:list','peoples','admin','2025-11-21 14:24:43','',NULL,'用户统计菜单'),(3004,'评论统计',3000,4,'comment','admin/statistics/comment/index','','',1,0,'C','0','0','statistics:comment:list','message','admin','2025-11-21 14:24:43','',NULL,'评论统计菜单'),(3005,'流量分析',3000,5,'traffic','admin/statistics/traffic/index','','',1,0,'C','0','0','statistics:traffic:list','guide','admin','2025-11-21 14:24:43','',NULL,'流量分析菜单'),(4000,'系统监控',0,3,'monitor',NULL,'','',1,0,'M','0','0',NULL,'monitor','admin','2025-11-21 14:24:43','',NULL,'系统监控主菜单'),(4001,'在线用户',4000,1,'online','monitor/online/index','','',1,0,'C','0','0','monitor:online:list','online','admin','2025-11-21 14:24:43','',NULL,'在线用户菜单'),(4002,'定时任务',4000,2,'job','monitor/job/index','','',1,0,'C','0','0','monitor:job:list','job','admin','2025-11-21 14:24:43','',NULL,'定时任务菜单'),(4003,'数据监控',4000,3,'druid','monitor/druid/index','','',1,0,'C','0','0','monitor:druid:list','druid','admin','2025-11-21 14:24:43','',NULL,'数据监控菜单'),(4004,'服务监控',4000,4,'server','monitor/server/index','','',1,0,'C','0','0','monitor:server:list','server','admin','2025-11-21 14:24:43','',NULL,'服务监控菜单'),(4005,'缓存监控',4000,5,'cache','monitor/cache/index','','',1,0,'C','0','0','monitor:cache:list','redis','admin','2025-11-21 14:24:43','',NULL,'缓存监控菜单'),(10011,'用户查询',1001,1,'','','','',1,0,'F','0','0','system:user:query','#','admin','2025-11-21 14:28:34','',NULL,''),(10012,'用户新增',1001,2,'','','','',1,0,'F','0','0','system:user:add','#','admin','2025-11-21 14:28:34','',NULL,''),(10013,'用户修改',1001,3,'','','','',1,0,'F','0','0','system:user:edit','#','admin','2025-11-21 14:28:34','',NULL,''),(10014,'用户删除',1001,4,'','','','',1,0,'F','0','0','system:user:remove','#','admin','2025-11-21 14:28:34','',NULL,''),(10015,'用户导出',1001,5,'','','','',1,0,'F','0','0','system:user:export','#','admin','2025-11-21 14:28:34','',NULL,''),(10016,'用户导入',1001,6,'','','','',1,0,'F','0','0','system:user:import','#','admin','2025-11-21 14:28:34','',NULL,''),(10017,'重置密码',1001,7,'','','','',1,0,'F','0','0','system:user:resetPwd','#','admin','2025-11-21 14:28:34','',NULL,''),(10021,'角色查询',1002,1,'','','','',1,0,'F','0','0','system:role:query','#','admin','2025-11-21 14:28:34','',NULL,''),(10022,'角色新增',1002,2,'','','','',1,0,'F','0','0','system:role:add','#','admin','2025-11-21 14:28:34','',NULL,''),(10023,'角色修改',1002,3,'','','','',1,0,'F','0','0','system:role:edit','#','admin','2025-11-21 14:28:34','',NULL,''),(10024,'角色删除',1002,4,'','','','',1,0,'F','0','0','system:role:remove','#','admin','2025-11-21 14:28:34','',NULL,''),(10025,'角色导出',1002,5,'','','','',1,0,'F','0','0','system:role:export','#','admin','2025-11-21 14:28:34','',NULL,''),(10031,'菜单查询',1003,1,'','','','',1,0,'F','0','0','system:menu:query','#','admin','2025-11-21 14:28:34','',NULL,''),(10032,'菜单新增',1003,2,'','','','',1,0,'F','0','0','system:menu:add','#','admin','2025-11-21 14:28:34','',NULL,''),(10033,'菜单修改',1003,3,'','','','',1,0,'F','0','0','system:menu:edit','#','admin','2025-11-21 14:28:34','',NULL,''),(10034,'菜单删除',1003,4,'','','','',1,0,'F','0','0','system:menu:remove','#','admin','2025-11-21 14:28:34','',NULL,''),(10041,'部门查询',1004,1,'','','','',1,0,'F','0','0','system:dept:query','#','admin','2025-11-21 14:28:34','',NULL,''),(10042,'部门新增',1004,2,'','','','',1,0,'F','0','0','system:dept:add','#','admin','2025-11-21 14:28:34','',NULL,''),(10043,'部门修改',1004,3,'','','','',1,0,'F','0','0','system:dept:edit','#','admin','2025-11-21 14:28:34','',NULL,''),(10044,'部门删除',1004,4,'','','','',1,0,'F','0','0','system:dept:remove','#','admin','2025-11-21 14:28:34','',NULL,''),(10051,'岗位查询',1005,1,'','','','',1,0,'F','0','0','system:post:query','#','admin','2025-11-21 14:28:34','',NULL,''),(10052,'岗位新增',1005,2,'','','','',1,0,'F','0','0','system:post:add','#','admin','2025-11-21 14:28:34','',NULL,''),(10053,'岗位修改',1005,3,'','','','',1,0,'F','0','0','system:post:edit','#','admin','2025-11-21 14:28:34','',NULL,''),(10054,'岗位删除',1005,4,'','','','',1,0,'F','0','0','system:post:remove','#','admin','2025-11-21 14:28:34','',NULL,''),(10055,'岗位导出',1005,5,'','','','',1,0,'F','0','0','system:post:export','#','admin','2025-11-21 14:28:34','',NULL,''),(10061,'字典查询',1006,1,'','','','',1,0,'F','0','0','system:dict:query','#','admin','2025-11-21 14:28:34','',NULL,''),(10062,'字典新增',1006,2,'','','','',1,0,'F','0','0','system:dict:add','#','admin','2025-11-21 14:28:34','',NULL,''),(10063,'字典修改',1006,3,'','','','',1,0,'F','0','0','system:dict:edit','#','admin','2025-11-21 14:28:34','',NULL,''),(10064,'字典删除',1006,4,'','','','',1,0,'F','0','0','system:dict:remove','#','admin','2025-11-21 14:28:34','',NULL,''),(10065,'字典导出',1006,5,'','','','',1,0,'F','0','0','system:dict:export','#','admin','2025-11-21 14:28:34','',NULL,''),(10071,'参数查询',1007,1,'','','','',1,0,'F','0','0','system:config:query','#','admin','2025-11-21 14:28:34','',NULL,''),(10072,'参数新增',1007,2,'','','','',1,0,'F','0','0','system:config:add','#','admin','2025-11-21 14:28:34','',NULL,''),(10073,'参数修改',1007,3,'','','','',1,0,'F','0','0','system:config:edit','#','admin','2025-11-21 14:28:34','',NULL,''),(10074,'参数删除',1007,4,'','','','',1,0,'F','0','0','system:config:remove','#','admin','2025-11-21 14:28:34','',NULL,''),(10075,'参数导出',1007,5,'','','','',1,0,'F','0','0','system:config:export','#','admin','2025-11-21 14:28:34','',NULL,''),(10081,'公告查询',1008,1,'','','','',1,0,'F','0','0','system:notice:query','#','admin','2025-11-21 14:28:34','',NULL,''),(10082,'公告新增',1008,2,'','','','',1,0,'F','0','0','system:notice:add','#','admin','2025-11-21 14:28:34','',NULL,''),(10083,'公告修改',1008,3,'','','','',1,0,'F','0','0','system:notice:edit','#','admin','2025-11-21 14:28:34','',NULL,''),(10084,'公告删除',1008,4,'','','','',1,0,'F','0','0','system:notice:remove','#','admin','2025-11-21 14:28:34','',NULL,''),(10091,'操作日志',1009,1,'operlog','monitor/operlog/index','','',1,0,'C','0','0','system:operlog:list','form','admin','2025-11-21 14:24:43','',NULL,'操作日志菜单'),(10092,'登录日志',1009,2,'logininfor','monitor/logininfor/index','','',1,0,'C','0','0','system:logininfor:list','logininfor','admin','2025-11-21 14:24:43','',NULL,'登录日志菜单'),(10093,'操作查询',10091,1,'','','','',1,0,'F','0','0','system:operlog:query','#','admin','2025-11-21 14:28:34','',NULL,''),(10094,'操作删除',10091,2,'','','','',1,0,'F','0','0','system:operlog:remove','#','admin','2025-11-21 14:28:34','',NULL,''),(10095,'日志导出',10091,3,'','','','',1,0,'F','0','0','system:operlog:export','#','admin','2025-11-21 14:28:34','',NULL,''),(10096,'登录查询',10092,1,'','','','',1,0,'F','0','0','system:logininfor:query','#','admin','2025-11-21 14:28:34','',NULL,''),(10097,'登录删除',10092,2,'','','','',1,0,'F','0','0','system:logininfor:remove','#','admin','2025-11-21 14:28:34','',NULL,''),(10098,'账户解锁',10092,3,'','','','',1,0,'F','0','0','system:logininfor:unlock','#','admin','2025-11-21 14:28:34','',NULL,''),(10099,'日志导出',10092,4,'','','','',1,0,'F','0','0','system:logininfor:export','#','admin','2025-11-21 14:28:34','',NULL,''),(21010,'文章查询',2101,1,'','','','',1,0,'F','0','0','blog:article:query','#','admin','2025-11-21 14:28:34','',NULL,''),(21011,'文章新增',2101,2,'','','','',1,0,'F','0','0','blog:article:add','#','admin','2025-11-21 14:28:34','',NULL,''),(21012,'文章修改',2101,3,'','','','',1,0,'F','0','0','blog:article:edit','#','admin','2025-11-21 14:28:34','',NULL,''),(21013,'文章删除',2101,4,'','','','',1,0,'F','0','0','blog:article:remove','#','admin','2025-11-21 14:28:34','',NULL,''),(21020,'分类查询',2102,1,'','','','',1,0,'F','0','0','blog:category:query','#','admin','2025-11-21 14:28:34','',NULL,''),(21021,'分类新增',2102,2,'','','','',1,0,'F','0','0','blog:category:add','#','admin','2025-11-21 14:28:34','',NULL,''),(21022,'分类修改',2102,3,'','','','',1,0,'F','0','0','blog:category:edit','#','admin','2025-11-21 14:28:34','',NULL,''),(21023,'分类删除',2102,4,'','','','',1,0,'F','0','0','blog:category:remove','#','admin','2025-11-21 14:28:34','',NULL,''),(30011,'访问查询',3001,1,'','','','',1,0,'F','0','0','statistics:visit:query','#','admin','2025-11-21 14:28:34','',NULL,''),(30012,'访问导出',3001,2,'','','','',1,0,'F','0','0','statistics:visit:export','#','admin','2025-11-21 14:28:34','',NULL,''),(30013,'访问统计',3001,3,'','','','',1,0,'F','0','0','statistics:visit:statistics','#','admin','2025-11-21 14:28:34','',NULL,''),(30021,'文章查询',3002,1,'','','','',1,0,'F','0','0','statistics:article:query','#','admin','2025-11-21 14:28:34','',NULL,''),(30022,'文章导出',3002,2,'','','','',1,0,'F','0','0','statistics:article:export','#','admin','2025-11-21 14:28:34','',NULL,''),(30023,'文章统计',3002,3,'','','','',1,0,'F','0','0','statistics:article:statistics','#','admin','2025-11-21 14:28:34','',NULL,''),(30031,'用户查询',3003,1,'','','','',1,0,'F','0','0','statistics:user:query','#','admin','2025-11-21 14:28:34','',NULL,''),(30032,'用户导出',3003,2,'','','','',1,0,'F','0','0','statistics:user:export','#','admin','2025-11-21 14:28:34','',NULL,''),(30033,'用户统计',3003,3,'','','','',1,0,'F','0','0','statistics:user:statistics','#','admin','2025-11-21 14:28:34','',NULL,''),(40011,'在线查询',4001,1,'','','','',1,0,'F','0','0','monitor:online:query','#','admin','2025-11-21 14:28:34','',NULL,''),(40012,'强退用户',4001,2,'','','','',1,0,'F','0','0','monitor:online:forceLogout','#','admin','2025-11-21 14:28:34','',NULL,''),(40021,'任务查询',4002,1,'','','','',1,0,'F','0','0','monitor:job:query','#','admin','2025-11-21 14:28:34','',NULL,''),(40022,'任务新增',4002,2,'','','','',1,0,'F','0','0','monitor:job:add','#','admin','2025-11-21 14:28:34','',NULL,''),(40023,'任务修改',4002,3,'','','','',1,0,'F','0','0','monitor:job:edit','#','admin','2025-11-21 14:28:34','',NULL,''),(40024,'任务删除',4002,4,'','','','',1,0,'F','0','0','monitor:job:remove','#','admin','2025-11-21 14:28:34','',NULL,''),(40025,'任务导出',4002,5,'','','','',1,0,'F','0','0','monitor:job:export','#','admin','2025-11-21 14:28:34','',NULL,''),(40026,'任务执行',4002,6,'','','','',1,0,'F','0','0','monitor:job:changeStatus','#','admin','2025-11-21 14:28:34','',NULL,'');
/*!40000 ALTER TABLE `sys_menu` ENABLE KEYS */;
UNLOCK TABLES;

--
-- Table structure for table `sys_menu_backup_20251027`
--

DROP TABLE IF EXISTS `sys_menu_backup_20251027`;
/*!40101 SET @saved_cs_client     = @@character_set_client */;
/*!50503 SET character_set_client = utf8mb4 */;
CREATE TABLE `sys_menu_backup_20251027` (
  `menu_id` bigint NOT NULL DEFAULT '0' COMMENT '菜单ID',
  `menu_name` varchar(50) CHARACTER SET utf8mb4 COLLATE utf8mb4_0900_ai_ci NOT NULL COMMENT '菜单名称',
  `parent_id` bigint DEFAULT '0' COMMENT '父菜单ID',
  `order_num` int DEFAULT '0' COMMENT '显示顺序',
  `path` varchar(200) CHARACTER SET utf8mb4 COLLATE utf8mb4_0900_ai_ci DEFAULT '' COMMENT '路由地址',
  `component` varchar(255) CHARACTER SET utf8mb4 COLLATE utf8mb4_0900_ai_ci DEFAULT NULL COMMENT '组件路径',
  `query` varchar(255) CHARACTER SET utf8mb4 COLLATE utf8mb4_0900_ai_ci DEFAULT NULL COMMENT '路由参数',
  `route_name` varchar(50) CHARACTER SET utf8mb4 COLLATE utf8mb4_0900_ai_ci DEFAULT '' COMMENT '路由名称',
  `is_frame` int DEFAULT '1' COMMENT '是否为外链（0是 1否）',
  `is_cache` int DEFAULT '0' COMMENT '是否缓存（0缓存 1不缓存）',
  `menu_type` char(1) CHARACTER SET utf8mb4 COLLATE utf8mb4_0900_ai_ci DEFAULT '' COMMENT '菜单类型（M目录 C菜单 F按钮）',
  `visible` char(1) CHARACTER SET utf8mb4 COLLATE utf8mb4_0900_ai_ci DEFAULT '0' COMMENT '菜单状态（0显示 1隐藏）',
  `status` char(1) CHARACTER SET utf8mb4 COLLATE utf8mb4_0900_ai_ci DEFAULT '0' COMMENT '菜单状态（0正常 1停用）',
  `perms` varchar(100) CHARACTER SET utf8mb4 COLLATE utf8mb4_0900_ai_ci DEFAULT NULL COMMENT '权限标识',
  `icon` varchar(100) CHARACTER SET utf8mb4 COLLATE utf8mb4_0900_ai_ci DEFAULT '#' COMMENT '菜单图标',
  `create_by` varchar(64) CHARACTER SET utf8mb4 COLLATE utf8mb4_0900_ai_ci DEFAULT '' COMMENT '创建者',
  `create_time` datetime DEFAULT NULL COMMENT '创建时间',
  `update_by` varchar(64) CHARACTER SET utf8mb4 COLLATE utf8mb4_0900_ai_ci DEFAULT '' COMMENT '更新者',
  `update_time` datetime DEFAULT NULL COMMENT '更新时间',
  `remark` varchar(500) CHARACTER SET utf8mb4 COLLATE utf8mb4_0900_ai_ci DEFAULT '' COMMENT '备注'
) ENGINE=InnoDB DEFAULT CHARSET=utf8mb4 COLLATE=utf8mb4_unicode_ci;
/*!40101 SET character_set_client = @saved_cs_client */;

--
-- Dumping data for table `sys_menu_backup_20251027`
--

LOCK TABLES `sys_menu_backup_20251027` WRITE;
/*!40000 ALTER TABLE `sys_menu_backup_20251027` DISABLE KEYS */;
INSERT INTO `sys_menu_backup_20251027` VALUES (1,'系统管理',0,50,'system',NULL,'','',1,0,'M','0','0','','system','admin','2025-07-18 18:58:46','admin','2025-08-13 16:04:27','系统管理目录'),(2,'系统监控',0,40,'monitor',NULL,'','',1,0,'M','0','0','','monitor','admin','2025-07-18 18:58:46','admin','2025-08-13 16:04:34','系统监控目录'),(3,'系统工具',0,20,'tool',NULL,'','',1,0,'M','0','0','','tool','admin','2025-07-18 18:58:46','admin','2025-08-13 16:04:09','系统工具目录'),(4,'若依官网',0,4,'http://ruoyi.vip',NULL,'','',0,0,'F','0','1','','guide','admin','2025-07-18 18:58:46','admin','2025-08-13 16:06:36','若依官网地址'),(100,'用户管理',1,1,'user','system/user/index','','',1,0,'C','0','0','system:user:list','user','admin','2025-07-18 18:58:46','',NULL,'用户管理菜单'),(101,'角色管理',1,2,'role','system/role/index','','',1,0,'C','0','0','system:role:list','peoples','admin','2025-07-18 18:58:46','',NULL,'角色管理菜单'),(102,'菜单管理',1,3,'menu','system/menu/index','','',1,0,'C','0','0','system:menu:list','tree-table','admin','2025-07-18 18:58:46','',NULL,'菜单管理菜单'),(103,'部门管理',1,4,'dept','system/dept/index','','',1,0,'C','0','0','system:dept:list','tree','admin','2025-07-18 18:58:46','',NULL,'部门管理菜单'),(104,'岗位管理',1,5,'post','system/post/index','','',1,0,'C','0','0','system:post:list','post','admin','2025-07-18 18:58:46','',NULL,'岗位管理菜单'),(105,'字典管理',1,6,'dict','system/dict/index','','',1,0,'C','0','0','system:dict:list','dict','admin','2025-07-18 18:58:46','',NULL,'字典管理菜单'),(106,'参数设置',1,7,'config','system/config/index','','',1,0,'C','0','0','system:config:list','edit','admin','2025-07-18 18:58:46','',NULL,'参数设置菜单'),(107,'通知公告',1,8,'notice','system/notice/index','','',1,0,'C','0','0','system:notice:list','message','admin','2025-07-18 18:58:46','',NULL,'通知公告菜单'),(108,'日志管理',1,9,'log','','','',1,0,'M','0','0','','log','admin','2025-07-18 18:58:46','',NULL,'日志管理菜单'),(109,'在线用户',2,1,'online','monitor/online/index','','',1,0,'C','0','0','monitor:online:list','online','admin','2025-07-18 18:58:46','',NULL,'在线用户菜单'),(110,'定时任务',2,2,'job','monitor/job/index','','',1,0,'C','0','0','monitor:job:list','job','admin','2025-07-18 18:58:46','',NULL,'定时任务菜单'),(111,'数据监控',2,3,'druid','monitor/druid/index','','',1,0,'C','0','0','monitor:druid:list','druid','admin','2025-07-18 18:58:46','',NULL,'数据监控菜单'),(112,'服务监控',2,4,'server','monitor/server/index','','',1,0,'C','0','0','monitor:server:list','server','admin','2025-07-18 18:58:46','',NULL,'服务监控菜单'),(113,'缓存监控',2,5,'cache','monitor/cache/index','','',1,0,'C','0','0','monitor:cache:list','redis','admin','2025-07-18 18:58:46','',NULL,'缓存监控菜单'),(114,'缓存列表',2,6,'cacheList','monitor/cache/list','','',1,0,'C','0','0','monitor:cache:list','redis-list','admin','2025-07-18 18:58:46','',NULL,'缓存列表菜单'),(115,'表单构建',3,1,'build','tool/build/index','','',1,0,'C','0','0','tool:build:list','build','admin','2025-07-18 18:58:46','',NULL,'表单构建菜单'),(116,'代码生成',3,2,'gen','tool/gen/index','','',1,0,'C','0','0','tool:gen:list','code','admin','2025-07-18 18:58:46','',NULL,'代码生成菜单'),(117,'系统接口',3,3,'swagger','tool/swagger/index','','',1,0,'C','0','0','tool:swagger:list','swagger','admin','2025-07-18 18:58:46','',NULL,'系统接口菜单'),(500,'操作日志',108,1,'operlog','monitor/operlog/index','','',1,0,'C','0','0','monitor:operlog:list','form','admin','2025-07-18 18:58:46','',NULL,'操作日志菜单'),(501,'登录日志',108,2,'logininfor','monitor/logininfor/index','','',1,0,'C','0','0','monitor:logininfor:list','logininfor','admin','2025-07-18 18:58:46','',NULL,'登录日志菜单'),(1000,'用户查询',100,1,'','','','',1,0,'F','0','0','system:user:query','#','admin','2025-07-18 18:58:46','',NULL,''),(1001,'用户新增',100,2,'','','','',1,0,'F','0','0','system:user:add','#','admin','2025-07-18 18:58:46','',NULL,''),(1002,'用户修改',100,3,'','','','',1,0,'F','0','0','system:user:edit','#','admin','2025-07-18 18:58:46','',NULL,''),(1003,'用户删除',100,4,'','','','',1,0,'F','0','0','system:user:remove','#','admin','2025-07-18 18:58:46','',NULL,''),(1004,'用户导出',100,5,'','','','',1,0,'F','0','0','system:user:export','#','admin','2025-07-18 18:58:46','',NULL,''),(1005,'用户导入',100,6,'','','','',1,0,'F','0','0','system:user:import','#','admin','2025-07-18 18:58:46','',NULL,''),(1006,'重置密码',100,7,'','','','',1,0,'F','0','0','system:user:resetPwd','#','admin','2025-07-18 18:58:46','',NULL,''),(1007,'角色查询',101,1,'','','','',1,0,'F','0','0','system:role:query','#','admin','2025-07-18 18:58:46','',NULL,''),(1008,'角色新增',101,2,'','','','',1,0,'F','0','0','system:role:add','#','admin','2025-07-18 18:58:46','',NULL,''),(1009,'角色修改',101,3,'','','','',1,0,'F','0','0','system:role:edit','#','admin','2025-07-18 18:58:46','',NULL,''),(1010,'角色删除',101,4,'','','','',1,0,'F','0','0','system:role:remove','#','admin','2025-07-18 18:58:46','',NULL,''),(1011,'角色导出',101,5,'','','','',1,0,'F','0','0','system:role:export','#','admin','2025-07-18 18:58:46','',NULL,''),(1012,'菜单查询',102,1,'','','','',1,0,'F','0','0','system:menu:query','#','admin','2025-07-18 18:58:46','',NULL,''),(1013,'菜单新增',102,2,'','','','',1,0,'F','0','0','system:menu:add','#','admin','2025-07-18 18:58:46','',NULL,''),(1014,'菜单修改',102,3,'','','','',1,0,'F','0','0','system:menu:edit','#','admin','2025-07-18 18:58:46','',NULL,''),(1015,'菜单删除',102,4,'','','','',1,0,'F','0','0','system:menu:remove','#','admin','2025-07-18 18:58:46','',NULL,''),(1016,'部门查询',103,1,'','','','',1,0,'F','0','0','system:dept:query','#','admin','2025-07-18 18:58:46','',NULL,''),(1017,'部门新增',103,2,'','','','',1,0,'F','0','0','system:dept:add','#','admin','2025-07-18 18:58:46','',NULL,''),(1018,'部门修改',103,3,'','','','',1,0,'F','0','0','system:dept:edit','#','admin','2025-07-18 18:58:46','',NULL,''),(1019,'部门删除',103,4,'','','','',1,0,'F','0','0','system:dept:remove','#','admin','2025-07-18 18:58:46','',NULL,''),(1020,'岗位查询',104,1,'','','','',1,0,'F','0','0','system:post:query','#','admin','2025-07-18 18:58:46','',NULL,''),(1021,'岗位新增',104,2,'','','','',1,0,'F','0','0','system:post:add','#','admin','2025-07-18 18:58:46','',NULL,''),(1022,'岗位修改',104,3,'','','','',1,0,'F','0','0','system:post:edit','#','admin','2025-07-18 18:58:46','',NULL,''),(1023,'岗位删除',104,4,'','','','',1,0,'F','0','0','system:post:remove','#','admin','2025-07-18 18:58:46','',NULL,''),(1024,'岗位导出',104,5,'','','','',1,0,'F','0','0','system:post:export','#','admin','2025-07-18 18:58:46','',NULL,''),(1025,'字典查询',105,1,'#','','','',1,0,'F','0','0','system:dict:query','#','admin','2025-07-18 18:58:46','',NULL,''),(1026,'字典新增',105,2,'#','','','',1,0,'F','0','0','system:dict:add','#','admin','2025-07-18 18:58:46','',NULL,''),(1027,'字典修改',105,3,'#','','','',1,0,'F','0','0','system:dict:edit','#','admin','2025-07-18 18:58:46','',NULL,''),(1028,'字典删除',105,4,'#','','','',1,0,'F','0','0','system:dict:remove','#','admin','2025-07-18 18:58:46','',NULL,''),(1029,'字典导出',105,5,'#','','','',1,0,'F','0','0','system:dict:export','#','admin','2025-07-18 18:58:46','',NULL,''),(1030,'参数查询',106,1,'#','','','',1,0,'F','0','0','system:config:query','#','admin','2025-07-18 18:58:46','',NULL,''),(1031,'参数新增',106,2,'#','','','',1,0,'F','0','0','system:config:add','#','admin','2025-07-18 18:58:46','',NULL,''),(1032,'参数修改',106,3,'#','','','',1,0,'F','0','0','system:config:edit','#','admin','2025-07-18 18:58:46','',NULL,''),(1033,'参数删除',106,4,'#','','','',1,0,'F','0','0','system:config:remove','#','admin','2025-07-18 18:58:46','',NULL,''),(1034,'参数导出',106,5,'#','','','',1,0,'F','0','0','system:config:export','#','admin','2025-07-18 18:58:46','',NULL,''),(1035,'公告查询',107,1,'#','','','',1,0,'F','0','0','system:notice:query','#','admin','2025-07-18 18:58:46','',NULL,''),(1036,'公告新增',107,2,'#','','','',1,0,'F','0','0','system:notice:add','#','admin','2025-07-18 18:58:46','',NULL,''),(1037,'公告修改',107,3,'#','','','',1,0,'F','0','0','system:notice:edit','#','admin','2025-07-18 18:58:46','',NULL,''),(1038,'公告删除',107,4,'#','','','',1,0,'F','0','0','system:notice:remove','#','admin','2025-07-18 18:58:46','',NULL,''),(1039,'操作查询',500,1,'#','','','',1,0,'F','0','0','monitor:operlog:query','#','admin','2025-07-18 18:58:46','',NULL,''),(1040,'操作删除',500,2,'#','','','',1,0,'F','0','0','monitor:operlog:remove','#','admin','2025-07-18 18:58:46','',NULL,''),(1041,'日志导出',500,3,'#','','','',1,0,'F','0','0','monitor:operlog:export','#','admin','2025-07-18 18:58:46','',NULL,''),(1042,'登录查询',501,1,'#','','','',1,0,'F','0','0','monitor:logininfor:query','#','admin','2025-07-18 18:58:46','',NULL,''),(1043,'登录删除',501,2,'#','','','',1,0,'F','0','0','monitor:logininfor:remove','#','admin','2025-07-18 18:58:46','',NULL,''),(1044,'日志导出',501,3,'#','','','',1,0,'F','0','0','monitor:logininfor:export','#','admin','2025-07-18 18:58:46','',NULL,''),(1045,'账户解锁',501,4,'#','','','',1,0,'F','0','0','monitor:logininfor:unlock','#','admin','2025-07-18 18:58:46','',NULL,''),(1046,'在线查询',109,1,'#','','','',1,0,'F','0','0','monitor:online:query','#','admin','2025-07-18 18:58:46','',NULL,''),(1047,'批量强退',109,2,'#','','','',1,0,'F','0','0','monitor:online:batchLogout','#','admin','2025-07-18 18:58:46','',NULL,''),(1048,'单条强退',109,3,'#','','','',1,0,'F','0','0','monitor:online:forceLogout','#','admin','2025-07-18 18:58:46','',NULL,''),(1049,'任务查询',110,1,'#','','','',1,0,'F','0','0','monitor:job:query','#','admin','2025-07-18 18:58:46','',NULL,''),(1050,'任务新增',110,2,'#','','','',1,0,'F','0','0','monitor:job:add','#','admin','2025-07-18 18:58:46','',NULL,''),(1051,'任务修改',110,3,'#','','','',1,0,'F','0','0','monitor:job:edit','#','admin','2025-07-18 18:58:46','',NULL,''),(1052,'任务删除',110,4,'#','','','',1,0,'F','0','0','monitor:job:remove','#','admin','2025-07-18 18:58:46','',NULL,''),(1053,'状态修改',110,5,'#','','','',1,0,'F','0','0','monitor:job:changeStatus','#','admin','2025-07-18 18:58:46','',NULL,''),(1054,'任务导出',110,6,'#','','','',1,0,'F','0','0','monitor:job:export','#','admin','2025-07-18 18:58:46','',NULL,''),(1055,'生成查询',116,1,'#','','','',1,0,'F','0','0','tool:gen:query','#','admin','2025-07-18 18:58:46','',NULL,''),(1056,'生成修改',116,2,'#','','','',1,0,'F','0','0','tool:gen:edit','#','admin','2025-07-18 18:58:46','',NULL,''),(1057,'生成删除',116,3,'#','','','',1,0,'F','0','0','tool:gen:remove','#','admin','2025-07-18 18:58:46','',NULL,''),(1058,'导入代码',116,4,'#','','','',1,0,'F','0','0','tool:gen:import','#','admin','2025-07-18 18:58:46','',NULL,''),(1059,'预览代码',116,5,'#','','','',1,0,'F','0','0','tool:gen:preview','#','admin','2025-07-18 18:58:46','',NULL,''),(1060,'生成代码',116,6,'#','','','',1,0,'F','0','0','tool:gen:code','#','admin','2025-07-18 18:58:46','',NULL,''),(2000,'博客管理',0,10,'blog',NULL,'','',1,0,'M','0','0','','documentation','admin','2025-10-24 17:19:20','',NULL,'博客管理目录'),(2001,'文章管理',2007,1,'article','blog/article/index',NULL,'',1,0,'C','0','0','system:article:list','edit','admin','2025-07-18 20:11:29','admin','2025-08-26 15:33:03','博客文章菜单'),(2002,'博客文章查询',2001,1,'#','',NULL,'',1,0,'F','0','0','system:article:query','#','admin','2025-07-18 20:11:29','',NULL,''),(2003,'博客文章新增',2001,2,'#','',NULL,'',1,0,'F','0','0','system:article:add','#','admin','2025-07-18 20:11:29','',NULL,''),(2004,'博客文章修改',2001,3,'#','',NULL,'',1,0,'F','0','0','system:article:edit','#','admin','2025-07-18 20:11:29','',NULL,''),(2005,'博客文章删除',2001,4,'#','',NULL,'',1,0,'F','0','0','system:article:remove','#','admin','2025-07-18 20:11:29','',NULL,''),(2006,'博客文章导出',2001,5,'#','',NULL,'',1,0,'F','0','0','system:article:export','#','admin','2025-07-18 20:11:29','',NULL,''),(2007,'博客管理',0,1,'blog',NULL,NULL,'',1,0,'M','0','0','','documentation','admin','2025-08-26 15:33:03','',NULL,'博客管理目录'),(2008,'分类管理',2007,2,'category','blog/category/index',NULL,'',1,0,'C','0','0','system:category:list','list','admin','2025-08-26 15:33:03','',NULL,'博客分类管理菜单'),(2009,'标签管理',2007,3,'tag','blog/tag/index',NULL,'',1,0,'C','0','0','system:tag:list','tab','admin','2025-08-26 15:33:03','admin','2025-08-26 15:36:12','博客标签管理菜单'),(2010,'分类查询',2008,1,'#','',NULL,'',1,0,'F','0','0','system:category:query','#','admin','2025-08-26 15:33:03','',NULL,''),(2011,'分类新增',2008,2,'#','',NULL,'',1,0,'F','0','0','system:category:add','#','admin','2025-08-26 15:33:03','',NULL,''),(2012,'分类修改',2008,3,'#','',NULL,'',1,0,'F','0','0','system:category:edit','#','admin','2025-08-26 15:33:03','',NULL,''),(2013,'分类删除',2008,4,'#','',NULL,'',1,0,'F','0','0','system:category:remove','#','admin','2025-08-26 15:33:03','',NULL,''),(2014,'分类导出',2008,5,'#','',NULL,'',1,0,'F','0','0','system:category:export','#','admin','2025-08-26 15:33:03','',NULL,''),(2015,'标签查询',2009,1,'#','',NULL,'',1,0,'F','0','0','system:tag:query','#','admin','2025-08-26 15:33:03','',NULL,''),(2016,'标签新增',2009,2,'#','',NULL,'',1,0,'F','0','0','system:tag:add','#','admin','2025-08-26 15:33:03','',NULL,''),(2017,'标签修改',2009,3,'#','',NULL,'',1,0,'F','0','0','system:tag:edit','#','admin','2025-08-26 15:33:03','',NULL,''),(2018,'标签删除',2009,4,'#','',NULL,'',1,0,'F','0','0','system:tag:remove','#','admin','2025-08-26 15:33:03','',NULL,''),(2019,'标签导出',2009,5,'#','',NULL,'',1,0,'F','0','0','system:tag:export','#','admin','2025-08-26 15:33:03','',NULL,''),(2039,'评论管理',2020,4,'comment','blog/comment/index',NULL,'',1,0,'C','0','0','system:comment:list','comment','admin','2025-10-14 11:50:56','',NULL,'评论管理菜单'),(2040,'评论查询',2038,1,'#','',NULL,'',1,0,'F','0','0','system:comment:query','#','admin','2025-10-14 11:50:56','',NULL,''),(2041,'评论新增',2038,2,'#','',NULL,'',1,0,'F','0','0','system:comment:add','#','admin','2025-10-14 11:50:56','',NULL,''),(2042,'评论修改',2038,3,'#','',NULL,'',1,0,'F','0','0','system:comment:edit','#','admin','2025-10-14 11:50:56','',NULL,''),(2043,'评论删除',2038,4,'#','',NULL,'',1,0,'F','0','0','system:comment:remove','#','admin','2025-10-14 11:50:56','',NULL,''),(2044,'评论导出',2038,5,'#','',NULL,'',1,0,'F','0','0','system:comment:export','#','admin','2025-10-14 11:50:56','',NULL,''),(2045,'友链管理',2020,5,'friendLink','blog/friendLink/index',NULL,'',1,0,'C','0','0','system:friendLink:list','link','admin','2025-10-14 11:50:56','',NULL,'友链管理菜单'),(2046,'友链查询',2044,1,'#','',NULL,'',1,0,'F','0','0','system:friendLink:query','#','admin','2025-10-14 11:50:56','',NULL,''),(2047,'友链新增',2044,2,'#','',NULL,'',1,0,'F','0','0','system:friendLink:add','#','admin','2025-10-14 11:50:56','',NULL,''),(2048,'友链修改',2044,3,'#','',NULL,'',1,0,'F','0','0','system:friendLink:edit','#','admin','2025-10-14 11:50:56','',NULL,''),(2049,'友链删除',2044,4,'#','',NULL,'',1,0,'F','0','0','system:friendLink:remove','#','admin','2025-10-14 11:50:56','',NULL,''),(2050,'友链导出',2044,5,'#','',NULL,'',1,0,'F','0','0','system:friendLink:export','#','admin','2025-10-14 11:50:56','',NULL,''),(2051,'博客设置',2020,6,'setting','blog/setting/index',NULL,'',1,0,'C','0','0','system:setting:list','setting','admin','2025-10-14 11:50:56','',NULL,'博客设置菜单'),(2052,'设置查询',2050,1,'#','',NULL,'',1,0,'F','0','0','system:setting:query','#','admin','2025-10-14 11:50:56','',NULL,''),(2053,'设置新增',2050,2,'#','',NULL,'',1,0,'F','0','0','system:setting:add','#','admin','2025-10-14 11:50:56','',NULL,''),(2054,'设置修改',2050,3,'#','',NULL,'',1,0,'F','0','0','system:setting:edit','#','admin','2025-10-14 11:50:57','',NULL,''),(2055,'设置删除',2050,4,'#','',NULL,'',1,0,'F','0','0','system:setting:remove','#','admin','2025-10-14 11:50:57','',NULL,''),(20030,'标签查询',2003,1,'','','','',1,0,'F','0','0','system:tag:query','#','admin','2025-10-24 17:19:20','',NULL,''),(20031,'标签新增',2003,2,'','','','',1,0,'F','0','0','system:tag:add','#','admin','2025-10-24 17:19:20','',NULL,''),(20032,'标签修改',2003,3,'','','','',1,0,'F','0','0','system:tag:edit','#','admin','2025-10-24 17:19:20','',NULL,''),(20033,'标签删除',2003,4,'','','','',1,0,'F','0','0','system:tag:remove','#','admin','2025-10-24 17:19:20','',NULL,''),(20034,'标签导出',2003,5,'','','','',1,0,'F','0','0','system:tag:export','#','admin','2025-10-24 17:19:20','',NULL,'');
/*!40000 ALTER TABLE `sys_menu_backup_20251027` ENABLE KEYS */;
UNLOCK TABLES;

--
-- Table structure for table `sys_notice`
--

DROP TABLE IF EXISTS `sys_notice`;
/*!40101 SET @saved_cs_client     = @@character_set_client */;
/*!50503 SET character_set_client = utf8mb4 */;
CREATE TABLE `sys_notice` (
  `notice_id` int NOT NULL AUTO_INCREMENT COMMENT '公告ID',
  `notice_title` varchar(50) NOT NULL COMMENT '公告标题',
  `notice_type` char(1) NOT NULL COMMENT '公告类型（1通知 2公告）',
  `notice_content` longblob COMMENT '公告内容',
  `status` char(1) DEFAULT '0' COMMENT '公告状态（0正常 1关闭）',
  `create_by` varchar(64) DEFAULT '' COMMENT '创建者',
  `create_time` datetime DEFAULT NULL COMMENT '创建时间',
  `update_by` varchar(64) DEFAULT '' COMMENT '更新者',
  `update_time` datetime DEFAULT NULL COMMENT '更新时间',
  `remark` varchar(255) DEFAULT NULL COMMENT '备注',
  PRIMARY KEY (`notice_id`)
) ENGINE=InnoDB AUTO_INCREMENT=10 DEFAULT CHARSET=utf8mb4 COLLATE=utf8mb4_0900_ai_ci COMMENT='通知公告表';
/*!40101 SET character_set_client = @saved_cs_client */;

--
-- Dumping data for table `sys_notice`
--

LOCK TABLES `sys_notice` WRITE;
/*!40000 ALTER TABLE `sys_notice` DISABLE KEYS */;
INSERT INTO `sys_notice` VALUES (1,'温馨提醒：2018-07-01 若依新版本发布啦','2',_binary '新版本内容','0','admin','2025-07-18 18:58:46','',NULL,'管理员'),(2,'维护通知：2018-07-01 若依系统凌晨维护','1',_binary '维护内容','0','admin','2025-07-18 18:58:46','',NULL,'管理员');
/*!40000 ALTER TABLE `sys_notice` ENABLE KEYS */;
UNLOCK TABLES;

--
-- Table structure for table `sys_oper_log`
--

DROP TABLE IF EXISTS `sys_oper_log`;
/*!40101 SET @saved_cs_client     = @@character_set_client */;
/*!50503 SET character_set_client = utf8mb4 */;
CREATE TABLE `sys_oper_log` (
  `oper_id` bigint NOT NULL AUTO_INCREMENT COMMENT '日志主键',
  `title` varchar(50) DEFAULT '' COMMENT '模块标题',
  `business_type` int DEFAULT '0' COMMENT '业务类型（0其它 1新增 2修改 3删除）',
  `method` varchar(200) DEFAULT '' COMMENT '方法名称',
  `request_method` varchar(10) DEFAULT '' COMMENT '请求方式',
  `operator_type` int DEFAULT '0' COMMENT '操作类别（0其它 1后台用户 2手机端用户）',
  `oper_name` varchar(50) DEFAULT '' COMMENT '操作人员',
  `dept_name` varchar(50) DEFAULT '' COMMENT '部门名称',
  `oper_url` varchar(255) DEFAULT '' COMMENT '请求URL',
  `oper_ip` varchar(128) DEFAULT '' COMMENT '主机地址',
  `oper_location` varchar(255) DEFAULT '' COMMENT '操作地点',
  `oper_param` varchar(2000) DEFAULT '' COMMENT '请求参数',
  `json_result` varchar(2000) DEFAULT '' COMMENT '返回参数',
  `status` int DEFAULT '0' COMMENT '操作状态（0正常 1异常）',
  `error_msg` varchar(2000) DEFAULT '' COMMENT '错误消息',
  `oper_time` datetime DEFAULT NULL COMMENT '操作时间',
  `cost_time` bigint DEFAULT '0' COMMENT '消耗时间',
  PRIMARY KEY (`oper_id`),
  KEY `idx_sys_oper_log_bt` (`business_type`),
  KEY `idx_sys_oper_log_s` (`status`),
  KEY `idx_sys_oper_log_ot` (`oper_time`)
) ENGINE=InnoDB AUTO_INCREMENT=629 DEFAULT CHARSET=utf8mb4 COLLATE=utf8mb4_0900_ai_ci COMMENT='操作日志记录';
/*!40101 SET character_set_client = @saved_cs_client */;

--
-- Dumping data for table `sys_oper_log`
--

LOCK TABLES `sys_oper_log` WRITE;
/*!40000 ALTER TABLE `sys_oper_log` DISABLE KEYS */;
INSERT INTO `sys_oper_log` VALUES (100,'创建表',0,'com.ruoyi.generator.controller.GenController.createTableSave()','POST',1,'admin','研发部门','/tool/gen/createTable','127.0.0.1','内网IP','{\"sql\":\"CREATE TABLE blog_article (\\n    id BIGINT PRIMARY KEY AUTO_INCREMENT COMMENT \'主键ID\',\\n    title VARCHAR(255) NOT NULL COMMENT \'文章标题\',\\n    summary VARCHAR(512) COMMENT \'摘要\',\\n    content LONGTEXT NOT NULL COMMENT \'文章内容\',\\n    cover_url VARCHAR(512) COMMENT \'封面图片\',\\n    category_id BIGINT COMMENT \'分类ID\',\\n    author_id BIGINT NOT NULL COMMENT \'作者ID（关联sys_user）\',\\n    is_top TINYINT DEFAULT 0 COMMENT \'是否置顶 0否 1是\',\\n    is_recommend TINYINT DEFAULT 0 COMMENT \'是否推荐 0否 1是\',\\n    status TINYINT DEFAULT 1 COMMENT \'状态 0草稿 1发布\',\\n    view_count INT DEFAULT 0 COMMENT \'浏览量\',\\n    like_count INT DEFAULT 0 COMMENT \'点赞数\',\\n    comment_count INT DEFAULT 0 COMMENT \'评论数\',\\n    create_time DATETIME DEFAULT CURRENT_TIMESTAMP COMMENT \'创建时间\',\\n    update_time DATETIME DEFAULT CURRENT_TIMESTAMP ON UPDATE CURRENT_TIMESTAMP COMMENT \'更新时间\',\\n    del_flag TINYINT DEFAULT 0 COMMENT \'删除标志 0正常 1删除\'\\n) COMMENT=\'博客文章表\';\"}','{\"msg\":\"创建表结构异常\",\"code\":500}',0,NULL,'2025-07-18 19:37:07',50),(101,'创建表',0,'com.ruoyi.generator.controller.GenController.createTableSave()','POST',1,'admin','研发部门','/tool/gen/createTable','127.0.0.1','内网IP','{\"sql\":\"CREATE TABLE blog_article (\\n    id BIGINT PRIMARY KEY AUTO_INCREMENT COMMENT \'主键ID\',\\n    title VARCHAR(255) NOT NULL COMMENT \'文章标题\',\\n    summary VARCHAR(512) COMMENT \'摘要\',\\n    content LONGTEXT NOT NULL COMMENT \'文章内容\',\\n    cover_url VARCHAR(512) COMMENT \'封面图片\',\\n    category_id BIGINT COMMENT \'分类ID\',\\n    author_id BIGINT NOT NULL COMMENT \'作者ID（关联sys_user）\',\\n    is_top TINYINT DEFAULT 0 COMMENT \'是否置顶 0否 1是\',\\n    is_recommend TINYINT DEFAULT 0 COMMENT \'是否推荐 0否 1是\',\\n    status TINYINT DEFAULT 1 COMMENT \'状态 0草稿 1发布\',\\n    view_count INT DEFAULT 0 COMMENT \'浏览量\',\\n    like_count INT DEFAULT 0 COMMENT \'点赞数\',\\n    comment_count INT DEFAULT 0 COMMENT \'评论数\',\\n    create_time DATETIME DEFAULT CURRENT_TIMESTAMP COMMENT \'创建时间\',\\n    update_time DATETIME DEFAULT CURRENT_TIMESTAMP ON UPDATE CURRENT_TIMESTAMP COMMENT \'更新时间\',\\n    del_flag TINYINT DEFAULT 0 COMMENT \'删除标志 0正常 1删除\'\\n) COMMENT=\'博客文章表\';\"}','{\"msg\":\"创建表结构异常\",\"code\":500}',0,NULL,'2025-07-18 19:41:22',7),(102,'代码生成',6,'com.ruoyi.generator.controller.GenController.importTableSave()','POST',1,'admin','研发部门','/tool/gen/importTable','127.0.0.1','内网IP','{\"tables\":\"blog_article,blog_category,blog_tag,blog_article_tag,blog_comment,blog_friend_link,blog_setting\"}','{\"msg\":\"操作成功\",\"code\":200}',0,NULL,'2025-07-18 19:47:39',208),(103,'代码生成',2,'com.ruoyi.generator.controller.GenController.editSave()','PUT',1,'admin','研发部门','/tool/gen','127.0.0.1','内网IP','{\"businessName\":\"article\",\"className\":\"BlogArticle\",\"columns\":[{\"capJavaField\":\"Id\",\"columnComment\":\"主键ID\",\"columnId\":1,\"columnName\":\"id\",\"columnType\":\"bigint\",\"createBy\":\"admin\",\"createTime\":\"2025-07-18 19:47:38\",\"dictType\":\"\",\"edit\":false,\"htmlType\":\"input\",\"increment\":true,\"insert\":true,\"isIncrement\":\"1\",\"isInsert\":\"1\",\"isPk\":\"1\",\"isRequired\":\"0\",\"javaField\":\"id\",\"javaType\":\"Long\",\"list\":false,\"params\":{},\"pk\":true,\"query\":false,\"queryType\":\"EQ\",\"required\":false,\"sort\":1,\"superColumn\":false,\"tableId\":1,\"updateBy\":\"\",\"usableColumn\":false},{\"capJavaField\":\"Title\",\"columnComment\":\"文章标题\",\"columnId\":2,\"columnName\":\"title\",\"columnType\":\"varchar(255)\",\"createBy\":\"admin\",\"createTime\":\"2025-07-18 19:47:38\",\"dictType\":\"\",\"edit\":true,\"htmlType\":\"input\",\"increment\":false,\"insert\":true,\"isEdit\":\"1\",\"isIncrement\":\"0\",\"isInsert\":\"1\",\"isList\":\"1\",\"isPk\":\"0\",\"isQuery\":\"1\",\"isRequired\":\"1\",\"javaField\":\"title\",\"javaType\":\"String\",\"list\":true,\"params\":{},\"pk\":false,\"query\":true,\"queryType\":\"EQ\",\"required\":true,\"sort\":2,\"superColumn\":false,\"tableId\":1,\"updateBy\":\"\",\"usableColumn\":false},{\"capJavaField\":\"Summary\",\"columnComment\":\"摘要\",\"columnId\":3,\"columnName\":\"summary\",\"columnType\":\"varchar(512)\",\"createBy\":\"admin\",\"createTime\":\"2025-07-18 19:47:38\",\"dictType\":\"\",\"edit\":true,\"htmlType\":\"textarea\",\"increment\":false,\"insert\":true,\"isEdit\":\"1\",\"isIncrement\":\"0\",\"isInsert\":\"1\",\"isList\":\"1\",\"isPk\":\"0\",\"isQuery\":\"1\",\"isRequired\":\"0\",\"javaField\":\"summary\",\"javaType\":\"String\",\"list\":true,\"params\":{},\"pk\":false,\"query\":true,\"queryType\":\"EQ\",\"required\":false,\"sort\":3,\"superColumn\":false,\"tableId\":1,\"updateBy\":\"\",\"usableColumn\":false},{\"capJavaField\":\"Content\",\"columnComment\":\"文章内容\",\"columnId\":4,\"columnName\":\"content\",\"columnType\":\"longtext\",\"createBy\":\"admin\",\"createTime\":\"2025-07-18 19:47:38\",\"dictType\":\"\",\"edit\":true,\"htmlType\":\"editor\",\"increment\":false,\"insert\":true,\"isEdit\":\"1\",\"isIncrement\":\"0\",\"isInsert\":\"1\",\"isList\":\"1\",\"isPk\":\"0\",\"isQuery\":\"1\",\"isRequired\":\"1\",\"javaField\":\"content\",\"ja','{\"msg\":\"操作成功\",\"code\":200}',0,NULL,'2025-07-18 19:48:13',88),(104,'代码生成',2,'com.ruoyi.generator.controller.GenController.synchDb()','GET',1,'admin','研发部门','/tool/gen/synchDb/blog_article','127.0.0.1','内网IP','{}','{\"msg\":\"操作成功\",\"code\":200}',0,NULL,'2025-07-18 19:50:14',66),(105,'代码生成',2,'com.ruoyi.generator.controller.GenController.synchDb()','GET',1,'admin','研发部门','/tool/gen/synchDb/blog_article_tag','127.0.0.1','内网IP','{}','{\"msg\":\"操作成功\",\"code\":200}',0,NULL,'2025-07-18 19:50:18',20),(106,'代码生成',2,'com.ruoyi.generator.controller.GenController.synchDb()','GET',1,'admin','研发部门','/tool/gen/synchDb/blog_category','127.0.0.1','内网IP','{}','{\"msg\":\"操作成功\",\"code\":200}',0,NULL,'2025-07-18 19:50:20',25),(107,'代码生成',2,'com.ruoyi.generator.controller.GenController.synchDb()','GET',1,'admin','研发部门','/tool/gen/synchDb/blog_comment','127.0.0.1','内网IP','{}','{\"msg\":\"操作成功\",\"code\":200}',0,NULL,'2025-07-18 19:50:23',32),(108,'代码生成',2,'com.ruoyi.generator.controller.GenController.synchDb()','GET',1,'admin','研发部门','/tool/gen/synchDb/blog_friend_link','127.0.0.1','内网IP','{}','{\"msg\":\"操作成功\",\"code\":200}',0,NULL,'2025-07-18 19:50:26',26),(109,'代码生成',2,'com.ruoyi.generator.controller.GenController.editSave()','PUT',1,'admin','研发部门','/tool/gen','127.0.0.1','内网IP','{\"businessName\":\"setting\",\"className\":\"BlogSetting\",\"columns\":[{\"capJavaField\":\"Id\",\"columnComment\":\"主键ID\",\"columnId\":43,\"columnName\":\"id\",\"columnType\":\"bigint\",\"createBy\":\"admin\",\"createTime\":\"2025-07-18 19:47:38\",\"dictType\":\"\",\"edit\":false,\"htmlType\":\"input\",\"increment\":true,\"insert\":true,\"isIncrement\":\"1\",\"isInsert\":\"1\",\"isPk\":\"1\",\"isRequired\":\"0\",\"javaField\":\"id\",\"javaType\":\"Long\",\"list\":false,\"params\":{},\"pk\":true,\"query\":false,\"queryType\":\"EQ\",\"required\":false,\"sort\":1,\"superColumn\":false,\"tableId\":6,\"updateBy\":\"\",\"usableColumn\":false},{\"capJavaField\":\"ConfigKey\",\"columnComment\":\"配置项Key\",\"columnId\":44,\"columnName\":\"config_key\",\"columnType\":\"varchar(64)\",\"createBy\":\"admin\",\"createTime\":\"2025-07-18 19:47:38\",\"dictType\":\"\",\"edit\":true,\"htmlType\":\"input\",\"increment\":false,\"insert\":true,\"isEdit\":\"1\",\"isIncrement\":\"0\",\"isInsert\":\"1\",\"isList\":\"1\",\"isPk\":\"0\",\"isQuery\":\"1\",\"isRequired\":\"1\",\"javaField\":\"configKey\",\"javaType\":\"String\",\"list\":true,\"params\":{},\"pk\":false,\"query\":true,\"queryType\":\"EQ\",\"required\":true,\"sort\":2,\"superColumn\":false,\"tableId\":6,\"updateBy\":\"\",\"usableColumn\":false},{\"capJavaField\":\"ConfigValue\",\"columnComment\":\"配置项Value\",\"columnId\":45,\"columnName\":\"config_value\",\"columnType\":\"varchar(1024)\",\"createBy\":\"admin\",\"createTime\":\"2025-07-18 19:47:38\",\"dictType\":\"\",\"edit\":true,\"htmlType\":\"textarea\",\"increment\":false,\"insert\":true,\"isEdit\":\"1\",\"isIncrement\":\"0\",\"isInsert\":\"1\",\"isList\":\"1\",\"isPk\":\"0\",\"isQuery\":\"1\",\"isRequired\":\"0\",\"javaField\":\"configValue\",\"javaType\":\"String\",\"list\":true,\"params\":{},\"pk\":false,\"query\":true,\"queryType\":\"EQ\",\"required\":false,\"sort\":3,\"superColumn\":false,\"tableId\":6,\"updateBy\":\"\",\"usableColumn\":false},{\"capJavaField\":\"Description\",\"columnComment\":\"描述\",\"columnId\":46,\"columnName\":\"description\",\"columnType\":\"varchar(255)\",\"createBy\":\"admin\",\"createTime\":\"2025-07-18 19:47:38\",\"dictType\":\"\",\"edit\":true,\"htmlType\":\"input\",\"increment\":false,\"insert\":true,\"isEdit\":\"1\",\"isIncrement\":\"0\",\"isInsert\":\"1\",\"isList\":\"1\",\"isPk\":\"0\",\"isQuery\"','{\"msg\":\"操作成功\",\"code\":200}',0,NULL,'2025-07-18 19:51:09',27),(110,'代码生成',2,'com.ruoyi.generator.controller.GenController.editSave()','PUT',1,'admin','研发部门','/tool/gen','127.0.0.1','内网IP','{\"businessName\":\"article\",\"className\":\"BlogArticle\",\"columns\":[{\"capJavaField\":\"Id\",\"columnComment\":\"主键ID\",\"columnId\":1,\"columnName\":\"id\",\"columnType\":\"bigint\",\"createBy\":\"admin\",\"createTime\":\"2025-07-18 19:47:38\",\"dictType\":\"\",\"edit\":false,\"htmlType\":\"input\",\"increment\":true,\"insert\":true,\"isIncrement\":\"1\",\"isInsert\":\"1\",\"isPk\":\"1\",\"isRequired\":\"0\",\"javaField\":\"id\",\"javaType\":\"Long\",\"list\":false,\"params\":{},\"pk\":true,\"query\":false,\"queryType\":\"EQ\",\"required\":false,\"sort\":1,\"superColumn\":false,\"tableId\":1,\"updateBy\":\"\",\"updateTime\":\"2025-07-18 19:50:14\",\"usableColumn\":false},{\"capJavaField\":\"Title\",\"columnComment\":\"文章标题\",\"columnId\":2,\"columnName\":\"title\",\"columnType\":\"varchar(255)\",\"createBy\":\"admin\",\"createTime\":\"2025-07-18 19:47:38\",\"dictType\":\"\",\"edit\":true,\"htmlType\":\"input\",\"increment\":false,\"insert\":true,\"isEdit\":\"1\",\"isIncrement\":\"0\",\"isInsert\":\"1\",\"isList\":\"1\",\"isPk\":\"0\",\"isQuery\":\"1\",\"isRequired\":\"1\",\"javaField\":\"title\",\"javaType\":\"String\",\"list\":true,\"params\":{},\"pk\":false,\"query\":true,\"queryType\":\"EQ\",\"required\":true,\"sort\":2,\"superColumn\":false,\"tableId\":1,\"updateBy\":\"\",\"updateTime\":\"2025-07-18 19:50:14\",\"usableColumn\":false},{\"capJavaField\":\"Summary\",\"columnComment\":\"摘要\",\"columnId\":3,\"columnName\":\"summary\",\"columnType\":\"varchar(512)\",\"createBy\":\"admin\",\"createTime\":\"2025-07-18 19:47:38\",\"dictType\":\"\",\"edit\":true,\"htmlType\":\"textarea\",\"increment\":false,\"insert\":true,\"isEdit\":\"1\",\"isIncrement\":\"0\",\"isInsert\":\"1\",\"isList\":\"1\",\"isPk\":\"0\",\"isQuery\":\"1\",\"isRequired\":\"0\",\"javaField\":\"summary\",\"javaType\":\"String\",\"list\":true,\"params\":{},\"pk\":false,\"query\":true,\"queryType\":\"EQ\",\"required\":false,\"sort\":3,\"superColumn\":false,\"tableId\":1,\"updateBy\":\"\",\"updateTime\":\"2025-07-18 19:50:14\",\"usableColumn\":false},{\"capJavaField\":\"Content\",\"columnComment\":\"文章内容\",\"columnId\":4,\"columnName\":\"content\",\"columnType\":\"longtext\",\"createBy\":\"admin\",\"createTime\":\"2025-07-18 19:47:38\",\"dictType\":\"\",\"edit\":true,\"htmlType\":\"editor\",\"increment\":false,\"insert\":true,\"isEdit\":\"1\",\"isIncre','{\"msg\":\"操作成功\",\"code\":200}',0,NULL,'2025-07-18 19:57:05',143),(111,'代码生成',2,'com.ruoyi.generator.controller.GenController.editSave()','PUT',1,'admin','研发部门','/tool/gen','127.0.0.1','内网IP','{\"businessName\":\"article\",\"className\":\"BlogArticle\",\"columns\":[{\"capJavaField\":\"Id\",\"columnComment\":\"主键ID\",\"columnId\":1,\"columnName\":\"id\",\"columnType\":\"bigint\",\"createBy\":\"admin\",\"createTime\":\"2025-07-18 19:47:38\",\"dictType\":\"\",\"edit\":false,\"htmlType\":\"input\",\"increment\":true,\"insert\":true,\"isIncrement\":\"1\",\"isInsert\":\"1\",\"isPk\":\"1\",\"isRequired\":\"0\",\"javaField\":\"id\",\"javaType\":\"Long\",\"list\":false,\"params\":{},\"pk\":true,\"query\":false,\"queryType\":\"EQ\",\"required\":false,\"sort\":1,\"superColumn\":false,\"tableId\":1,\"updateBy\":\"\",\"updateTime\":\"2025-07-18 19:57:05\",\"usableColumn\":false},{\"capJavaField\":\"Title\",\"columnComment\":\"文章标题\",\"columnId\":2,\"columnName\":\"title\",\"columnType\":\"varchar(255)\",\"createBy\":\"admin\",\"createTime\":\"2025-07-18 19:47:38\",\"dictType\":\"\",\"edit\":true,\"htmlType\":\"input\",\"increment\":false,\"insert\":true,\"isEdit\":\"1\",\"isIncrement\":\"0\",\"isInsert\":\"1\",\"isList\":\"1\",\"isPk\":\"0\",\"isQuery\":\"1\",\"isRequired\":\"1\",\"javaField\":\"title\",\"javaType\":\"String\",\"list\":true,\"params\":{},\"pk\":false,\"query\":true,\"queryType\":\"EQ\",\"required\":true,\"sort\":2,\"superColumn\":false,\"tableId\":1,\"updateBy\":\"\",\"updateTime\":\"2025-07-18 19:57:05\",\"usableColumn\":false},{\"capJavaField\":\"Summary\",\"columnComment\":\"摘要\",\"columnId\":3,\"columnName\":\"summary\",\"columnType\":\"varchar(512)\",\"createBy\":\"admin\",\"createTime\":\"2025-07-18 19:47:38\",\"dictType\":\"\",\"edit\":true,\"htmlType\":\"textarea\",\"increment\":false,\"insert\":true,\"isEdit\":\"1\",\"isIncrement\":\"0\",\"isInsert\":\"1\",\"isList\":\"1\",\"isPk\":\"0\",\"isQuery\":\"1\",\"isRequired\":\"0\",\"javaField\":\"summary\",\"javaType\":\"String\",\"list\":true,\"params\":{},\"pk\":false,\"query\":true,\"queryType\":\"EQ\",\"required\":false,\"sort\":3,\"superColumn\":false,\"tableId\":1,\"updateBy\":\"\",\"updateTime\":\"2025-07-18 19:57:05\",\"usableColumn\":false},{\"capJavaField\":\"Content\",\"columnComment\":\"文章内容\",\"columnId\":4,\"columnName\":\"content\",\"columnType\":\"longtext\",\"createBy\":\"admin\",\"createTime\":\"2025-07-18 19:47:38\",\"dictType\":\"\",\"edit\":true,\"htmlType\":\"editor\",\"increment\":false,\"insert\":true,\"isEdit\":\"1\",\"isIncre','{\"msg\":\"操作成功\",\"code\":200}',0,NULL,'2025-07-18 19:58:21',55),(112,'代码生成',2,'com.ruoyi.generator.controller.GenController.synchDb()','GET',1,'admin','研发部门','/tool/gen/synchDb/blog_article','127.0.0.1','内网IP','{}','{\"msg\":\"操作成功\",\"code\":200}',0,NULL,'2025-07-18 19:59:00',74),(113,'代码生成',8,'com.ruoyi.generator.controller.GenController.batchGenCode()','GET',1,'admin','研发部门','/tool/gen/batchGenCode','127.0.0.1','内网IP','{\"tables\":\"blog_article\"}',NULL,0,NULL,'2025-07-18 19:59:02',105),(114,'菜单管理',1,'com.ruoyi.web.controller.system.SysMenuController.add()','POST',1,'admin','研发部门','/system/menu','127.0.0.1','内网IP','{\"children\":[],\"component\":\"system:article:list\",\"createBy\":\"admin\",\"isCache\":\"0\",\"isFrame\":\"1\",\"menuName\":\"文章管理\",\"menuType\":\"C\",\"orderNum\":1,\"params\":{},\"parentId\":0,\"path\":\"system/article\",\"status\":\"0\",\"visible\":\"0\"}','{\"msg\":\"操作成功\",\"code\":200}',0,NULL,'2025-07-18 20:05:40',47),(115,'博客文章',1,'com.ruoyi.system.controller.BlogArticleController.add()','POST',1,'admin','研发部门','/system/article','127.0.0.1','内网IP','{\"content\":\"test\",\"createTime\":\"2025-07-18 20:12:47\",\"params\":{},\"title\":\"test\"}',NULL,1,'\n### Error updating database.  Cause: java.sql.SQLException: Field \'author_id\' doesn\'t have a default value\n### The error may exist in URL [jar:file:/Users/nevell/.m2/repository/com/ruoyi/ruoyi-system/3.9.0/ruoyi-system-3.9.0.jar!/mapper/system/BlogArticleMapper.xml]\n### The error may involve com.ruoyi.system.mapper.BlogArticleMapper.insertBlogArticle-Inline\n### The error occurred while setting parameters\n### SQL: insert into blog_article          ( title,                          content,                                                                                                                                  create_time )           values ( ?,                          ?,                                                                                                                                  ? )\n### Cause: java.sql.SQLException: Field \'author_id\' doesn\'t have a default value\n; Field \'author_id\' doesn\'t have a default value; nested exception is java.sql.SQLException: Field \'author_id\' doesn\'t have a default value','2025-07-18 20:12:47',59),(116,'菜单管理',3,'com.ruoyi.web.controller.system.SysMenuController.remove()','DELETE',1,'admin','研发部门','/system/menu/2000','127.0.0.1','内网IP','2000','{\"msg\":\"操作成功\",\"code\":200}',0,NULL,'2025-07-18 20:13:29',22),(117,'菜单管理',2,'com.ruoyi.web.controller.system.SysMenuController.edit()','PUT',1,'admin','研发部门','/system/menu','127.0.0.1','内网IP','{\"children\":[],\"component\":\"system/article/index\",\"createTime\":\"2025-07-18 20:11:29\",\"icon\":\"edit\",\"isCache\":\"0\",\"isFrame\":\"1\",\"menuId\":2001,\"menuName\":\"博客文章\",\"menuType\":\"C\",\"orderNum\":1,\"params\":{},\"parentId\":0,\"path\":\"article\",\"perms\":\"system:article:list\",\"routeName\":\"\",\"status\":\"0\",\"updateBy\":\"admin\",\"visible\":\"0\"}','{\"msg\":\"操作成功\",\"code\":200}',0,NULL,'2025-07-18 20:13:51',14),(118,'博客文章',1,'com.ruoyi.system.controller.BlogArticleController.add()','POST',1,'admin','研发部门','/system/article','127.0.0.1','内网IP','{\"content\":\"### Error updating database. Cause: java.sql.SQLException: Field \'author_id\' doesn\'t have a default value ### The error may exist in URL [jar:file:/Users/nevell/.m2/repository/com/ruoyi/ruoyi-system/3.9.0/ruoyi-system-3.9.0.jar!/mapper/system/BlogArticleMapper.xml] ### The error may involve com.ruoyi.system.mapper.BlogArticleMapper.insertBlogArticle-Inline ### The error occurred while setting parameters ### SQL: insert into blog_article ( title, content, create_time ) values ( ?, ?, ? ) ### Cause: java.sql.SQLException: Field \'author_id\' doesn\'t have a default value ; Field \'author_id\' doesn\'t have a default value; nested exception is java.sql.SQLException: Field \'author_id\' doesn\'t have a default value\",\"createTime\":\"2025-07-18 20:14:09\",\"params\":{},\"title\":\"test\"}',NULL,1,'\n### Error updating database.  Cause: java.sql.SQLException: Field \'author_id\' doesn\'t have a default value\n### The error may exist in URL [jar:file:/Users/nevell/.m2/repository/com/ruoyi/ruoyi-system/3.9.0/ruoyi-system-3.9.0.jar!/mapper/system/BlogArticleMapper.xml]\n### The error may involve com.ruoyi.system.mapper.BlogArticleMapper.insertBlogArticle-Inline\n### The error occurred while setting parameters\n### SQL: insert into blog_article          ( title,                          content,                                                                                                                                  create_time )           values ( ?,                          ?,                                                                                                                                  ? )\n### Cause: java.sql.SQLException: Field \'author_id\' doesn\'t have a default value\n; Field \'author_id\' doesn\'t have a default value; nested exception is java.sql.SQLException: Field \'author_id\' doesn\'t have a default value','2025-07-18 20:14:09',19),(119,'博客文章',1,'com.ruoyi.system.controller.BlogArticleController.add()','POST',1,'admin','研发部门','/system/article','127.0.0.1','内网IP','{\"content\":\"### Error updating database. Cause: java.sql.SQLException: Field \'author_id\' doesn\'t have a default value ### The error may exist in URL [jar:file:/Users/nevell/.m2/repository/com/ruoyi/ruoyi-system/3.9.0/ruoyi-system-3.9.0.jar!/mapper/system/BlogArticleMapper.xml] ### The error may involve com.ruoyi.system.mapper.BlogArticleMapper.insertBlogArticle-Inline ### The error occurred while setting parameters ### SQL: insert into blog_article ( title, content, create_time ) values ( ?, ?, ? ) ### Cause: java.sql.SQLException: Field \'author_id\' doesn\'t have a default value ; Field \'author_id\' doesn\'t have a default value; nested exception is java.sql.SQLException: Field \'author_id\' doesn\'t have a default value\",\"createTime\":\"2025-07-18 20:16:27\",\"params\":{},\"title\":\"test\"}',NULL,1,'\n### Error updating database.  Cause: java.sql.SQLException: Field \'author_id\' doesn\'t have a default value\n### The error may exist in URL [jar:file:/Users/nevell/.m2/repository/com/ruoyi/ruoyi-system/3.9.0/ruoyi-system-3.9.0.jar!/mapper/system/BlogArticleMapper.xml]\n### The error may involve com.ruoyi.system.mapper.BlogArticleMapper.insertBlogArticle-Inline\n### The error occurred while setting parameters\n### SQL: insert into blog_article          ( title,                          content,                                                                                                                                  create_time )           values ( ?,                          ?,                                                                                                                                  ? )\n### Cause: java.sql.SQLException: Field \'author_id\' doesn\'t have a default value\n; Field \'author_id\' doesn\'t have a default value; nested exception is java.sql.SQLException: Field \'author_id\' doesn\'t have a default value','2025-07-18 20:16:27',59),(120,'博客文章',1,'com.ruoyi.system.controller.BlogArticleController.add()','POST',1,'admin','研发部门','/system/article','127.0.0.1','内网IP','{\"content\":\"test\",\"createTime\":\"2025-07-18 20:17:15\",\"params\":{},\"title\":\"test\"}',NULL,1,'\n### Error updating database.  Cause: java.sql.SQLException: Field \'author_id\' doesn\'t have a default value\n### The error may exist in URL [jar:file:/Users/nevell/.m2/repository/com/ruoyi/ruoyi-system/3.9.0/ruoyi-system-3.9.0.jar!/mapper/system/BlogArticleMapper.xml]\n### The error may involve com.ruoyi.system.mapper.BlogArticleMapper.insertBlogArticle-Inline\n### The error occurred while setting parameters\n### SQL: insert into blog_article          ( title,                          content,                                                                                                                                  create_time )           values ( ?,                          ?,                                                                                                                                  ? )\n### Cause: java.sql.SQLException: Field \'author_id\' doesn\'t have a default value\n; Field \'author_id\' doesn\'t have a default value; nested exception is java.sql.SQLException: Field \'author_id\' doesn\'t have a default value','2025-07-18 20:17:15',24),(121,'博客文章',1,'com.ruoyi.system.controller.BlogArticleController.add()','POST',1,'admin','研发部门','/system/article','127.0.0.1','内网IP','{\"content\":\"快科技7月18日消息，时隔4年多，华为重回中国智能手机出货量榜首。IDC发布的数据显示，中国第二季度智能手机的出货量同比减少4%，降至6900万部。时隔6个季度出现负增长。从各厂商来看，<strong>华为以1250万部的出货量位居第一。自美国政府的制裁影响其智能手机生产、销售陷入低迷以来，4年多来重回首位。</strong>IDC指出，“品牌的强力宣传和有效的出货政策奏效”。\",\"createTime\":\"2025-07-18 20:21:48\",\"params\":{},\"title\":\"test\"}',NULL,1,'\n### Error updating database.  Cause: java.sql.SQLException: Field \'author_id\' doesn\'t have a default value\n### The error may exist in URL [jar:file:/Users/nevell/.m2/repository/com/ruoyi/ruoyi-system/3.9.0/ruoyi-system-3.9.0.jar!/mapper/system/BlogArticleMapper.xml]\n### The error may involve com.ruoyi.system.mapper.BlogArticleMapper.insertBlogArticle-Inline\n### The error occurred while setting parameters\n### SQL: insert into blog_article          ( title,                          content,                                                                                                                                  create_time )           values ( ?,                          ?,                                                                                                                                  ? )\n### Cause: java.sql.SQLException: Field \'author_id\' doesn\'t have a default value\n; Field \'author_id\' doesn\'t have a default value; nested exception is java.sql.SQLException: Field \'author_id\' doesn\'t have a default value','2025-07-18 20:21:48',42),(122,'博客文章',1,'com.ruoyi.system.controller.BlogArticleController.add()','POST',1,'admin','研发部门','/system/article','127.0.0.1','内网IP','{\"authorId\":1,\"content\":\"快科技7月18日消息，时隔4年多，华为重回中国智能手机出货量榜首。IDC发布的数据显示，中国第二季度智能手机的出货量同比减少4%，降至6900万部。时隔6个季度出现负增长。从各厂商来看，<strong>华为以1250万部的出货量位居第一。自美国政府的制裁影响其智能手机生产、销售陷入低迷以来，4年多来重回首位。</strong>IDC指出，“品牌的强力宣传和有效的出货政策奏效”。\",\"createTime\":\"2025-07-18 20:22:06\",\"id\":1,\"params\":{},\"title\":\"test\"}','{\"msg\":\"操作成功\",\"code\":200}',0,NULL,'2025-07-18 20:22:06',12),(123,'代码生成',2,'com.ruoyi.generator.controller.GenController.editSave()','PUT',1,'admin','研发部门','/tool/gen','127.0.0.1','内网IP','{\"businessName\":\"blog_article\",\"className\":\"BlogArticle\",\"columns\":[{\"capJavaField\":\"Id\",\"columnComment\":\"主键ID\",\"columnId\":1,\"columnName\":\"id\",\"columnType\":\"bigint\",\"createBy\":\"admin\",\"createTime\":\"2025-07-18 19:47:38\",\"dictType\":\"\",\"edit\":false,\"htmlType\":\"input\",\"increment\":true,\"insert\":true,\"isIncrement\":\"1\",\"isInsert\":\"1\",\"isPk\":\"1\",\"isRequired\":\"0\",\"javaField\":\"id\",\"javaType\":\"Long\",\"list\":false,\"params\":{},\"pk\":true,\"query\":false,\"queryType\":\"EQ\",\"required\":false,\"sort\":1,\"superColumn\":false,\"tableId\":1,\"updateBy\":\"\",\"updateTime\":\"2025-07-18 19:59:00\",\"usableColumn\":false},{\"capJavaField\":\"Title\",\"columnComment\":\"文章标题\",\"columnId\":2,\"columnName\":\"title\",\"columnType\":\"varchar(255)\",\"createBy\":\"admin\",\"createTime\":\"2025-07-18 19:47:38\",\"dictType\":\"\",\"edit\":true,\"htmlType\":\"input\",\"increment\":false,\"insert\":true,\"isEdit\":\"1\",\"isIncrement\":\"0\",\"isInsert\":\"1\",\"isList\":\"1\",\"isPk\":\"0\",\"isQuery\":\"1\",\"isRequired\":\"1\",\"javaField\":\"title\",\"javaType\":\"String\",\"list\":true,\"params\":{},\"pk\":false,\"query\":true,\"queryType\":\"EQ\",\"required\":true,\"sort\":2,\"superColumn\":false,\"tableId\":1,\"updateBy\":\"\",\"updateTime\":\"2025-07-18 19:59:00\",\"usableColumn\":false},{\"capJavaField\":\"Summary\",\"columnComment\":\"摘要\",\"columnId\":3,\"columnName\":\"summary\",\"columnType\":\"varchar(512)\",\"createBy\":\"admin\",\"createTime\":\"2025-07-18 19:47:38\",\"dictType\":\"\",\"edit\":true,\"htmlType\":\"textarea\",\"increment\":false,\"insert\":true,\"isEdit\":\"1\",\"isIncrement\":\"0\",\"isInsert\":\"1\",\"isList\":\"1\",\"isPk\":\"0\",\"isQuery\":\"1\",\"isRequired\":\"0\",\"javaField\":\"summary\",\"javaType\":\"String\",\"list\":true,\"params\":{},\"pk\":false,\"query\":true,\"queryType\":\"EQ\",\"required\":false,\"sort\":3,\"superColumn\":false,\"tableId\":1,\"updateBy\":\"\",\"updateTime\":\"2025-07-18 19:59:00\",\"usableColumn\":false},{\"capJavaField\":\"Content\",\"columnComment\":\"文章内容\",\"columnId\":4,\"columnName\":\"content\",\"columnType\":\"longtext\",\"createBy\":\"admin\",\"createTime\":\"2025-07-18 19:47:38\",\"dictType\":\"\",\"edit\":true,\"htmlType\":\"editor\",\"increment\":false,\"insert\":true,\"isEdit\":\"1\",\"is','{\"msg\":\"操作成功\",\"code\":200}',0,NULL,'2025-07-18 20:28:24',82),(124,'代码生成',2,'com.ruoyi.generator.controller.GenController.synchDb()','GET',1,'admin','研发部门','/tool/gen/synchDb/blog_article','127.0.0.1','内网IP','{}','{\"msg\":\"操作成功\",\"code\":200}',0,NULL,'2025-07-18 20:28:28',70),(125,'博客文章',2,'com.ruoyi.system.controller.BlogArticleController.edit()','PUT',1,'admin','研发部门','/system/article','127.0.0.1','内网IP','{\"authorId\":1,\"commentCount\":0,\"content\":\"快科技7月18日消息，时隔4年多，华为重回中国智能手机出货量榜首。IDC发布的数据显示，中国第二季度智能手机的出货量同比减少4%，降至6900万部。时隔6个季度出现负增长。从各厂商来看，<strong>华为以1250万部的出货量位居第一。自美国政府的制裁影响其智能手机生产、销售陷入低迷以来，4年多来重回首位。</strong>IDC指出，“品牌的强力宣传和有效的出货政策奏效”。\",\"createTime\":\"2025-07-18 20:22:07\",\"delFlag\":1,\"id\":1,\"isRecommend\":0,\"isTop\":0,\"likeCount\":0,\"params\":{},\"status\":1,\"title\":\"test\",\"updateTime\":\"2025-07-18 20:30:23\",\"viewCount\":0}','{\"msg\":\"操作成功\",\"code\":200}',0,NULL,'2025-07-18 20:30:23',24),(126,'博客文章',5,'com.ruoyi.system.controller.BlogArticleController.export()','POST',1,'admin','研发部门','/system/article/export','127.0.0.1','内网IP','{\"pageSize\":\"10\",\"pageNum\":\"1\"}',NULL,0,NULL,'2025-07-18 20:30:36',361),(127,'博客文章',3,'com.ruoyi.system.controller.BlogArticleController.remove()','DELETE',1,'admin','研发部门','/system/article/1','127.0.0.1','内网IP','[1]','{\"msg\":\"操作成功\",\"code\":200}',0,NULL,'2025-07-18 20:31:33',77),(128,'博客文章',1,'com.ruoyi.system.controller.BlogArticleController.add()','POST',1,'admin','研发部门','/system/article','127.0.0.1','内网IP','{\"content\":\"test\",\"createTime\":\"2025-07-18 20:31:43\",\"params\":{},\"title\":\"test\"}',NULL,1,'\n### Error updating database.  Cause: java.sql.SQLException: Field \'author_id\' doesn\'t have a default value\n### The error may exist in URL [jar:file:/Users/nevell/.m2/repository/com/ruoyi/ruoyi-system/3.9.0/ruoyi-system-3.9.0.jar!/mapper/system/BlogArticleMapper.xml]\n### The error may involve com.ruoyi.system.mapper.BlogArticleMapper.insertBlogArticle-Inline\n### The error occurred while setting parameters\n### SQL: insert into blog_article          ( title,                          content,                                                                                                                                  create_time )           values ( ?,                          ?,                                                                                                                                  ? )\n### Cause: java.sql.SQLException: Field \'author_id\' doesn\'t have a default value\n; Field \'author_id\' doesn\'t have a default value; nested exception is java.sql.SQLException: Field \'author_id\' doesn\'t have a default value','2025-07-18 20:31:43',7),(129,'博客文章',1,'com.ruoyi.system.controller.BlogArticleController.add()','POST',1,'admin','研发部门','/system/article','127.0.0.1','内网IP','{\"authorId\":1,\"content\":\"test\",\"createTime\":\"2025-07-18 20:31:58\",\"id\":2,\"params\":{},\"title\":\"test\"}','{\"msg\":\"操作成功\",\"code\":200}',0,NULL,'2025-07-18 20:31:58',13),(130,'博客文章',2,'com.ruoyi.system.controller.BlogArticleController.edit()','PUT',1,'admin','研发部门','/system/article','127.0.0.1','内网IP','{\"authorId\":1,\"commentCount\":2,\"content\":\"<strong>vivo和OPPO紧随其后，排在第4位的是小米。小米的出货量增长3.4%，是排名TOP 5厂商中唯一增加的。</strong>在节约意识增强的背景下，小米以擅长的低价产品为核心，“受到重视价格的消费者的支持”，IDC称。苹果排在第5位，受到中国企业挤压的状况仍在持续。苹果把iPhone16、iPhone16 Pro的价格下调至政府补贴的对象范围之内，缩小了出货量的降幅。值得一提的是，<strong>中国市场TOP5排名中已经看不到荣耀的身影。尽管进入2025年其产品发布密集，但在华为强势回归之后，荣耀急需向市场证明自身产品特色，撕掉以往“华为替代品”的标签</strong>。\",\"createTime\":\"2025-07-18 20:31:58\",\"delFlag\":0,\"id\":2,\"isRecommend\":1,\"isTop\":0,\"likeCount\":2,\"params\":{},\"status\":1,\"summary\":\"vivo和OPPO紧随其后，排在第4位的是小米。小米的出货量增长3.4%，是排名TOP 5厂商中唯一增加的。\",\"title\":\"test\",\"updateTime\":\"2025-07-18 20:32:55\",\"viewCount\":222}','{\"msg\":\"操作成功\",\"code\":200}',0,NULL,'2025-07-18 20:32:55',22),(131,'博客文章',1,'com.ruoyi.system.controller.BlogArticleController.add()','POST',1,'admin','研发部门','/system/article','127.0.0.1','内网IP','{\"content\":\"<strong>vivo和OPPO紧随其后，排在第4位的是小米。小米的出货量增长3.4%，是排名TOP 5厂商中唯一增加的。</strong>在节约意识增强的背景下，小米以擅长的低价产品为核心，“受到重视价格的消费者的支持”，IDC称。苹果排在第5位，受到中国企业挤压的状况仍在持续。苹果把iPhone16、iPhone16 Pro的价格下调至政府补贴的对象范围之内，缩小了出货量的降幅。值得一提的是，<strong>中国市场TOP5排名中已经看不到荣耀的身影。尽管进入2025年其产品发布密集，但在华为强势回归之后，荣耀急需向市场证明自身产品特色，撕掉以往“华为替代品”的标签</strong>。\",\"createTime\":\"2025-07-18 20:33:12\",\"params\":{},\"title\":\"test\"}',NULL,1,'\n### Error updating database.  Cause: java.sql.SQLException: Field \'author_id\' doesn\'t have a default value\n### The error may exist in URL [jar:file:/Users/nevell/.m2/repository/com/ruoyi/ruoyi-system/3.9.0/ruoyi-system-3.9.0.jar!/mapper/system/BlogArticleMapper.xml]\n### The error may involve com.ruoyi.system.mapper.BlogArticleMapper.insertBlogArticle-Inline\n### The error occurred while setting parameters\n### SQL: insert into blog_article          ( title,                          content,                                                                                                                                  create_time )           values ( ?,                          ?,                                                                                                                                  ? )\n### Cause: java.sql.SQLException: Field \'author_id\' doesn\'t have a default value\n; Field \'author_id\' doesn\'t have a default value; nested exception is java.sql.SQLException: Field \'author_id\' doesn\'t have a default value','2025-07-18 20:33:12',3),(132,'博客文章',1,'com.ruoyi.system.controller.BlogArticleController.add()','POST',1,'admin','研发部门','/system/article','127.0.0.1','内网IP','{\"authorId\":1,\"content\":\"<strong>vivo和OPPO紧随其后，排在第4位的是小米。小米的出货量增长3.4%，是排名TOP 5厂商中唯一增加的。</strong>在节约意识增强的背景下，小米以擅长的低价产品为核心，“受到重视价格的消费者的支持”，IDC称。苹果排在第5位，受到中国企业挤压的状况仍在持续。苹果把iPhone16、iPhone16 Pro的价格下调至政府补贴的对象范围之内，缩小了出货量的降幅。值得一提的是，<strong>中国市场TOP5排名中已经看不到荣耀的身影。尽管进入2025年其产品发布密集，但在华为强势回归之后，荣耀急需向市场证明自身产品特色，撕掉以往“华为替代品”的标签</strong>。\",\"createTime\":\"2025-07-18 20:33:19\",\"id\":3,\"params\":{},\"title\":\"test\"}','{\"msg\":\"操作成功\",\"code\":200}',0,NULL,'2025-07-18 20:33:19',4),(133,'博客文章',1,'com.ruoyi.system.controller.BlogArticleController.add()','POST',1,'admin','研发部门','/system/article','127.0.0.1','内网IP','{\"content\":\"test\",\"createTime\":\"2025-07-18 20:37:05\",\"params\":{},\"title\":\"test\"}',NULL,1,'\n### Error updating database.  Cause: java.sql.SQLException: Field \'author_id\' doesn\'t have a default value\n### The error may exist in URL [jar:file:/Users/nevell/.m2/repository/com/ruoyi/ruoyi-system/3.9.0/ruoyi-system-3.9.0.jar!/mapper/system/BlogArticleMapper.xml]\n### The error may involve com.ruoyi.system.mapper.BlogArticleMapper.insertBlogArticle-Inline\n### The error occurred while setting parameters\n### SQL: insert into blog_article          ( title,                          content,                                                                                                                                  create_time )           values ( ?,                          ?,                                                                                                                                  ? )\n### Cause: java.sql.SQLException: Field \'author_id\' doesn\'t have a default value\n; Field \'author_id\' doesn\'t have a default value; nested exception is java.sql.SQLException: Field \'author_id\' doesn\'t have a default value','2025-07-18 20:37:05',67),(134,'博客文章',1,'com.ruoyi.system.controller.BlogArticleController.add()','POST',1,'admin','研发部门','/system/article','127.0.0.1','内网IP','{\"authorId\":1,\"content\":\"test\",\"createTime\":\"2025-07-18 20:37:11\",\"id\":4,\"params\":{},\"title\":\"test\"}','{\"msg\":\"操作成功\",\"code\":200}',0,NULL,'2025-07-18 20:37:11',8),(135,'博客文章',1,'com.ruoyi.system.controller.BlogArticleController.add()','POST',1,'admin','研发部门','/system/article','127.0.0.1','内网IP','{\"content\":\"test\",\"createTime\":\"2025-07-18 20:39:18\",\"params\":{},\"title\":\"test\"}',NULL,1,'\n### Error updating database.  Cause: java.sql.SQLException: Field \'author_id\' doesn\'t have a default value\n### The error may exist in URL [jar:file:/Users/nevell/.m2/repository/com/ruoyi/ruoyi-system/3.9.0/ruoyi-system-3.9.0.jar!/mapper/system/BlogArticleMapper.xml]\n### The error may involve com.ruoyi.system.mapper.BlogArticleMapper.insertBlogArticle-Inline\n### The error occurred while setting parameters\n### SQL: insert into blog_article          ( title,                          content,                                                                                                                                  create_time )           values ( ?,                          ?,                                                                                                                                  ? )\n### Cause: java.sql.SQLException: Field \'author_id\' doesn\'t have a default value\n; Field \'author_id\' doesn\'t have a default value; nested exception is java.sql.SQLException: Field \'author_id\' doesn\'t have a default value','2025-07-18 20:39:18',45),(136,'博客文章',1,'com.ruoyi.system.controller.BlogArticleController.add()','POST',1,'admin','研发部门','/system/article','127.0.0.1','内网IP','{\"content\":\"test\",\"createTime\":\"2025-07-18 20:39:41\",\"params\":{},\"title\":\"test\"}',NULL,1,'\n### Error updating database.  Cause: java.sql.SQLException: Field \'author_id\' doesn\'t have a default value\n### The error may exist in URL [jar:file:/Users/nevell/.m2/repository/com/ruoyi/ruoyi-system/3.9.0/ruoyi-system-3.9.0.jar!/mapper/system/BlogArticleMapper.xml]\n### The error may involve com.ruoyi.system.mapper.BlogArticleMapper.insertBlogArticle-Inline\n### The error occurred while setting parameters\n### SQL: insert into blog_article          ( title,                          content,                                                                                                                                  create_time )           values ( ?,                          ?,                                                                                                                                  ? )\n### Cause: java.sql.SQLException: Field \'author_id\' doesn\'t have a default value\n; Field \'author_id\' doesn\'t have a default value; nested exception is java.sql.SQLException: Field \'author_id\' doesn\'t have a default value','2025-07-18 20:39:41',7),(137,'博客文章',1,'com.ruoyi.system.controller.BlogArticleController.add()','POST',1,'admin','研发部门','/system/article','127.0.0.1','内网IP','{\"authorId\":1,\"content\":\"test\",\"createTime\":\"2025-07-18 20:39:47\",\"id\":5,\"params\":{},\"title\":\"test\"}','{\"msg\":\"操作成功\",\"code\":200}',0,NULL,'2025-07-18 20:39:47',5),(138,'博客文章',1,'com.ruoyi.system.controller.BlogArticleController.add()','POST',1,'admin','研发部门','/system/article','127.0.0.1','内网IP','{\"content\":\"test\",\"createTime\":\"2025-07-18 20:41:55\",\"params\":{},\"title\":\"test\"}',NULL,1,'\n### Error updating database.  Cause: java.sql.SQLException: Field \'author_id\' doesn\'t have a default value\n### The error may exist in URL [jar:file:/Users/nevell/.m2/repository/com/ruoyi/ruoyi-system/3.9.0/ruoyi-system-3.9.0.jar!/mapper/system/BlogArticleMapper.xml]\n### The error may involve com.ruoyi.system.mapper.BlogArticleMapper.insertBlogArticle-Inline\n### The error occurred while setting parameters\n### SQL: insert into blog_article          ( title,                          content,                                                                                                                                  create_time )           values ( ?,                          ?,                                                                                                                                  ? )\n### Cause: java.sql.SQLException: Field \'author_id\' doesn\'t have a default value\n; Field \'author_id\' doesn\'t have a default value; nested exception is java.sql.SQLException: Field \'author_id\' doesn\'t have a default value','2025-07-18 20:41:55',164),(139,'博客文章',1,'com.ruoyi.system.controller.BlogArticleController.add()','POST',1,'admin','研发部门','/system/article','127.0.0.1','内网IP','{\"content\":\"test\",\"createTime\":\"2025-07-18 20:44:02\",\"params\":{},\"title\":\"test\"}',NULL,1,'\n### Error updating database.  Cause: java.sql.SQLException: Field \'author_id\' doesn\'t have a default value\n### The error may exist in URL [jar:file:/Users/nevell/.m2/repository/com/ruoyi/ruoyi-system/3.9.0/ruoyi-system-3.9.0.jar!/mapper/system/BlogArticleMapper.xml]\n### The error may involve com.ruoyi.system.mapper.BlogArticleMapper.insertBlogArticle-Inline\n### The error occurred while setting parameters\n### SQL: insert into blog_article          ( title,                          content,                                                                                                                                  create_time )           values ( ?,                          ?,                                                                                                                                  ? )\n### Cause: java.sql.SQLException: Field \'author_id\' doesn\'t have a default value\n; Field \'author_id\' doesn\'t have a default value; nested exception is java.sql.SQLException: Field \'author_id\' doesn\'t have a default value','2025-07-18 20:44:03',41),(140,'博客文章',1,'com.ruoyi.system.controller.BlogArticleController.add()','POST',1,'admin','研发部门','/system/article','127.0.0.1','内网IP','{\"authorId\":1,\"content\":\"test\",\"createTime\":\"2025-07-18 20:50:38\",\"id\":6,\"params\":{},\"title\":\"test\"}','{\"msg\":\"操作成功\",\"code\":200}',0,NULL,'2025-07-18 20:50:38',109),(141,'博客文章',3,'com.ruoyi.system.controller.BlogArticleController.remove()','DELETE',1,'admin','研发部门','/system/article/2','127.0.0.1','内网IP','[2]','{\"msg\":\"操作成功\",\"code\":200}',0,NULL,'2025-07-18 20:57:04',62),(142,'博客文章',3,'com.ruoyi.system.controller.BlogArticleController.remove()','DELETE',1,'admin','研发部门','/system/article/3','127.0.0.1','内网IP','[3]','{\"msg\":\"操作成功\",\"code\":200}',0,NULL,'2025-07-18 20:57:07',4),(143,'博客文章',1,'com.ruoyi.system.controller.BlogArticleController.add()','POST',1,'admin','研发部门','/system/article','127.0.0.1','内网IP','{\"authorId\":1,\"content\":\"test\",\"createTime\":\"2025-07-18 20:57:18\",\"id\":7,\"params\":{},\"title\":\"test\"}','{\"msg\":\"操作成功\",\"code\":200}',0,NULL,'2025-07-18 20:57:18',17),(144,'博客文章',3,'com.ruoyi.system.controller.BlogArticleController.remove()','DELETE',1,'admin','研发部门','/system/article/7','127.0.0.1','内网IP','[7]','{\"msg\":\"操作成功\",\"code\":200}',0,NULL,'2025-07-18 20:57:25',7),(145,'博客文章',1,'com.ruoyi.system.controller.BlogArticleController.add()','POST',1,'admin','研发部门','/system/article','127.0.0.1','内网IP','{\"authorId\":1,\"content\":\"test\",\"createTime\":\"2025-07-18 20:57:34\",\"id\":8,\"params\":{},\"title\":\"test\"}','{\"msg\":\"操作成功\",\"code\":200}',0,NULL,'2025-07-18 20:57:34',14),(146,'博客文章',1,'com.ruoyi.system.controller.BlogArticleController.add()','POST',1,'admin','研发部门','/system/article','127.0.0.1','内网IP','{\"authorId\":1,\"content\":\"test\",\"createTime\":\"2025-07-18 20:58:15\",\"id\":9,\"params\":{},\"title\":\"test\"}','{\"msg\":\"操作成功\",\"code\":200}',0,NULL,'2025-07-18 20:58:15',8),(147,'博客文章',3,'com.ruoyi.system.controller.BlogArticleController.remove()','DELETE',1,'admin','研发部门','/system/article/9','127.0.0.1','内网IP','[9]','{\"msg\":\"操作成功\",\"code\":200}',0,NULL,'2025-07-18 20:58:19',5),(148,'博客文章',2,'com.ruoyi.system.controller.BlogArticleController.edit()','PUT',1,'admin','研发部门','/system/article','127.0.0.1','内网IP','{\"authorId\":1,\"commentCount\":0,\"content\":\"<strong>vivo和OPPO紧随其后，排在第4位的是小米。小米的出货量增长3.4%，是排名TOP 5厂商中唯一增加的。</strong>在节约意识增强的背景下，小米以擅长的低价产品为核心，“受到重视价格的消费者的支持”，IDC称。苹果排在第5位，受到中国企业挤压的状况仍在持续。苹果把iPhone16、iPhone16 Pro的价格下调至政府补贴的对象范围之内，缩小了出货量的降幅。值得一提的是，<strong>中国市场TOP5排名中已经看不到荣耀的身影。尽管进入2025年其产品发布密集，但在华为强势回归之后，荣耀急需向市场证明自身产品特色，撕掉以往“华为替代品”的标签</strong>。\",\"createTime\":\"2025-07-18 20:37:11\",\"delFlag\":0,\"id\":4,\"isRecommend\":0,\"isTop\":0,\"likeCount\":0,\"params\":{},\"status\":1,\"title\":\"test\",\"updateTime\":\"2025-07-18 20:58:55\",\"viewCount\":0}','{\"msg\":\"操作成功\",\"code\":200}',0,NULL,'2025-07-18 20:58:55',10),(149,'博客文章',3,'com.ruoyi.system.controller.BlogArticleController.remove()','DELETE',1,'admin','研发部门','/system/article/8','127.0.0.1','内网IP','[8]','{\"msg\":\"操作成功\",\"code\":200}',0,NULL,'2025-07-18 20:59:57',13),(150,'博客文章',3,'com.ruoyi.system.controller.BlogArticleController.remove()','DELETE',1,'admin','研发部门','/system/article/6','127.0.0.1','内网IP','[6]','{\"msg\":\"操作成功\",\"code\":200}',0,NULL,'2025-07-18 21:00:00',7),(151,'博客文章',3,'com.ruoyi.system.controller.BlogArticleController.remove()','DELETE',1,'admin','研发部门','/system/article/5','127.0.0.1','内网IP','[5]','{\"msg\":\"操作成功\",\"code\":200}',0,NULL,'2025-07-18 21:00:02',6),(152,'博客文章',1,'com.ruoyi.system.controller.BlogArticleController.add()','POST',1,'admin','研发部门','/system/article','127.0.0.1','内网IP','{\"authorId\":1,\"createTime\":\"2025-07-18 21:02:31\",\"params\":{},\"title\":\"test\"}',NULL,1,'\n### Error updating database.  Cause: java.sql.SQLIntegrityConstraintViolationException: Column \'content\' cannot be null\n### The error may exist in URL [jar:file:/Users/nevell/.m2/repository/com/ruoyi/ruoyi-system/3.9.0/ruoyi-system-3.9.0.jar!/mapper/system/BlogArticleMapper.xml]\n### The error may involve com.ruoyi.system.mapper.BlogArticleMapper.insertBlogArticle-Inline\n### The error occurred while setting parameters\n### SQL: insert into blog_article         (title, summary, content, cover_url, category_id, author_id, is_top, is_recommend, status, view_count, like_count, comment_count, create_time, update_time, del_flag)         values         (?, ?, ?, ?, ?, ?, ?, ?, ?, ?, ?, ?, ?, ?, ?)\n### Cause: java.sql.SQLIntegrityConstraintViolationException: Column \'content\' cannot be null\n; Column \'content\' cannot be null; nested exception is java.sql.SQLIntegrityConstraintViolationException: Column \'content\' cannot be null','2025-07-18 21:02:31',135),(153,'博客文章',1,'com.ruoyi.system.controller.BlogArticleController.add()','POST',1,'admin','研发部门','/system/article','127.0.0.1','内网IP','{\"authorId\":1,\"content\":\"test\",\"createTime\":\"2025-07-18 21:02:37\",\"params\":{},\"title\":\"test\"}',NULL,1,'\n### Error updating database.  Cause: java.sql.SQLIntegrityConstraintViolationException: Duplicate entry \'test\' for key \'blog_article.uk_title\'\n### The error may exist in URL [jar:file:/Users/nevell/.m2/repository/com/ruoyi/ruoyi-system/3.9.0/ruoyi-system-3.9.0.jar!/mapper/system/BlogArticleMapper.xml]\n### The error may involve com.ruoyi.system.mapper.BlogArticleMapper.insertBlogArticle-Inline\n### The error occurred while setting parameters\n### SQL: insert into blog_article         (title, summary, content, cover_url, category_id, author_id, is_top, is_recommend, status, view_count, like_count, comment_count, create_time, update_time, del_flag)         values         (?, ?, ?, ?, ?, ?, ?, ?, ?, ?, ?, ?, ?, ?, ?)\n### Cause: java.sql.SQLIntegrityConstraintViolationException: Duplicate entry \'test\' for key \'blog_article.uk_title\'\n; Duplicate entry \'test\' for key \'blog_article.uk_title\'; nested exception is java.sql.SQLIntegrityConstraintViolationException: Duplicate entry \'test\' for key \'blog_article.uk_title\'','2025-07-18 21:02:37',9),(154,'博客文章',1,'com.ruoyi.system.controller.BlogArticleController.add()','POST',1,'admin','研发部门','/system/article','127.0.0.1','内网IP','{\"authorId\":1,\"content\":\"test\",\"createTime\":\"2025-07-18 21:02:47\",\"id\":11,\"params\":{},\"title\":\"test1\"}','{\"msg\":\"操作成功\",\"code\":200}',0,NULL,'2025-07-18 21:02:47',11),(155,'博客文章',1,'com.ruoyi.system.controller.BlogArticleController.add()','POST',1,'admin','研发部门','/system/article','127.0.0.1','内网IP','{\"authorId\":1,\"content\":\"\",\"createTime\":\"2025-07-18 21:02:57\",\"params\":{},\"title\":\"test\"}',NULL,1,'\n### Error updating database.  Cause: java.sql.SQLIntegrityConstraintViolationException: Duplicate entry \'test\' for key \'blog_article.uk_title\'\n### The error may exist in URL [jar:file:/Users/nevell/.m2/repository/com/ruoyi/ruoyi-system/3.9.0/ruoyi-system-3.9.0.jar!/mapper/system/BlogArticleMapper.xml]\n### The error may involve com.ruoyi.system.mapper.BlogArticleMapper.insertBlogArticle-Inline\n### The error occurred while setting parameters\n### SQL: insert into blog_article         (title, summary, content, cover_url, category_id, author_id, is_top, is_recommend, status, view_count, like_count, comment_count, create_time, update_time, del_flag)         values         (?, ?, ?, ?, ?, ?, ?, ?, ?, ?, ?, ?, ?, ?, ?)\n### Cause: java.sql.SQLIntegrityConstraintViolationException: Duplicate entry \'test\' for key \'blog_article.uk_title\'\n; Duplicate entry \'test\' for key \'blog_article.uk_title\'; nested exception is java.sql.SQLIntegrityConstraintViolationException: Duplicate entry \'test\' for key \'blog_article.uk_title\'','2025-07-18 21:02:57',5),(156,'博客文章',1,'com.ruoyi.system.controller.BlogArticleController.add()','POST',1,'admin','研发部门','/system/article','127.0.0.1','内网IP','{\"authorId\":1,\"content\":\"\",\"createTime\":\"2025-07-18 21:03:02\",\"params\":{},\"title\":\"test\"}',NULL,1,'\n### Error updating database.  Cause: java.sql.SQLIntegrityConstraintViolationException: Duplicate entry \'test\' for key \'blog_article.uk_title\'\n### The error may exist in URL [jar:file:/Users/nevell/.m2/repository/com/ruoyi/ruoyi-system/3.9.0/ruoyi-system-3.9.0.jar!/mapper/system/BlogArticleMapper.xml]\n### The error may involve com.ruoyi.system.mapper.BlogArticleMapper.insertBlogArticle-Inline\n### The error occurred while setting parameters\n### SQL: insert into blog_article         (title, summary, content, cover_url, category_id, author_id, is_top, is_recommend, status, view_count, like_count, comment_count, create_time, update_time, del_flag)         values         (?, ?, ?, ?, ?, ?, ?, ?, ?, ?, ?, ?, ?, ?, ?)\n### Cause: java.sql.SQLIntegrityConstraintViolationException: Duplicate entry \'test\' for key \'blog_article.uk_title\'\n; Duplicate entry \'test\' for key \'blog_article.uk_title\'; nested exception is java.sql.SQLIntegrityConstraintViolationException: Duplicate entry \'test\' for key \'blog_article.uk_title\'','2025-07-18 21:03:02',7),(157,'博客文章',1,'com.ruoyi.system.controller.BlogArticleController.add()','POST',1,'admin','研发部门','/system/article','127.0.0.1','内网IP','{\"authorId\":1,\"content\":\"111\",\"createTime\":\"2025-07-18 21:03:12\",\"params\":{},\"title\":\"test\"}',NULL,1,'\n### Error updating database.  Cause: java.sql.SQLIntegrityConstraintViolationException: Duplicate entry \'test\' for key \'blog_article.uk_title\'\n### The error may exist in URL [jar:file:/Users/nevell/.m2/repository/com/ruoyi/ruoyi-system/3.9.0/ruoyi-system-3.9.0.jar!/mapper/system/BlogArticleMapper.xml]\n### The error may involve com.ruoyi.system.mapper.BlogArticleMapper.insertBlogArticle-Inline\n### The error occurred while setting parameters\n### SQL: insert into blog_article         (title, summary, content, cover_url, category_id, author_id, is_top, is_recommend, status, view_count, like_count, comment_count, create_time, update_time, del_flag)         values         (?, ?, ?, ?, ?, ?, ?, ?, ?, ?, ?, ?, ?, ?, ?)\n### Cause: java.sql.SQLIntegrityConstraintViolationException: Duplicate entry \'test\' for key \'blog_article.uk_title\'\n; Duplicate entry \'test\' for key \'blog_article.uk_title\'; nested exception is java.sql.SQLIntegrityConstraintViolationException: Duplicate entry \'test\' for key \'blog_article.uk_title\'','2025-07-18 21:03:12',6),(158,'博客文章',1,'com.ruoyi.system.controller.BlogArticleController.add()','POST',1,'admin','研发部门','/system/article','127.0.0.1','内网IP','{\"params\":{},\"title\":\"test\"}',NULL,1,'文章标题已存在，请更换标题！','2025-07-18 21:05:37',25),(159,'博客文章',1,'com.ruoyi.system.controller.BlogArticleController.add()','POST',1,'admin','研发部门','/system/article','127.0.0.1','内网IP','{\"params\":{},\"title\":\"test1\"}',NULL,1,'文章标题已存在，请更换标题！','2025-07-18 21:05:44',5),(160,'博客文章',1,'com.ruoyi.system.controller.BlogArticleController.add()','POST',1,'admin','研发部门','/system/article','127.0.0.1','内网IP','{\"authorId\":1,\"createTime\":\"2025-07-18 21:05:51\",\"params\":{},\"title\":\"test2\"}',NULL,1,'\n### Error updating database.  Cause: java.sql.SQLIntegrityConstraintViolationException: Column \'content\' cannot be null\n### The error may exist in URL [jar:file:/Users/nevell/.m2/repository/com/ruoyi/ruoyi-system/3.9.0/ruoyi-system-3.9.0.jar!/mapper/system/BlogArticleMapper.xml]\n### The error may involve com.ruoyi.system.mapper.BlogArticleMapper.insertBlogArticle-Inline\n### The error occurred while setting parameters\n### SQL: insert into blog_article         (title, summary, content, cover_url, category_id, author_id, is_top, is_recommend, status, view_count, like_count, comment_count, create_time, update_time, del_flag)         values         (?, ?, ?, ?, ?, ?, ?, ?, ?, ?, ?, ?, ?, ?, ?)\n### Cause: java.sql.SQLIntegrityConstraintViolationException: Column \'content\' cannot be null\n; Column \'content\' cannot be null; nested exception is java.sql.SQLIntegrityConstraintViolationException: Column \'content\' cannot be null','2025-07-18 21:05:52',56),(161,'博客文章',1,'com.ruoyi.system.controller.BlogArticleController.add()','POST',1,'admin','研发部门','/system/article','127.0.0.1','内网IP','{\"authorId\":1,\"content\":\"test\",\"createTime\":\"2025-07-18 21:05:59\",\"id\":15,\"params\":{},\"title\":\"test2\"}','{\"msg\":\"操作成功\",\"code\":200}',0,NULL,'2025-07-18 21:05:59',12),(162,'菜单管理',2,'com.ruoyi.web.controller.system.SysMenuController.edit()','PUT',1,'admin','研发部门','/system/menu','127.0.0.1','内网IP','{\"children\":[],\"component\":\"system/article/index\",\"createTime\":\"2025-07-18 20:11:29\",\"icon\":\"edit\",\"isCache\":\"0\",\"isFrame\":\"1\",\"menuId\":2001,\"menuName\":\"文章管理\",\"menuType\":\"C\",\"orderNum\":1,\"params\":{},\"parentId\":0,\"path\":\"article\",\"perms\":\"system:article:list\",\"routeName\":\"\",\"status\":\"0\",\"updateBy\":\"admin\",\"visible\":\"0\"}','{\"msg\":\"操作成功\",\"code\":200}',0,NULL,'2025-07-18 21:07:30',45),(163,'博客文章',1,'com.ruoyi.system.controller.BlogArticleController.add()','POST',1,'admin','研发部门','/system/article','127.0.0.1','内网IP','{\"params\":{},\"title\":\"test3\"}',NULL,1,'文章内容不能为空，请填写内容后再发布！','2025-07-18 21:09:11',11),(164,'博客文章',1,'com.ruoyi.system.controller.BlogArticleController.add()','POST',1,'admin','研发部门','/system/article','127.0.0.1','内网IP','{\"authorId\":1,\"content\":\"<strong>vivo和OPPO紧随其后，排在第4位的是小米。小米的出货量增长3.4%，是排名TOP 5厂商中唯一增加的。</strong>在节约意识增强的背景下，小米以擅长的低价产品为核心，“受到重视价格的消费者的支持”，IDC称。苹果排在第5位，受到中国企业挤压的状况仍在持续。苹果把iPhone16、iPhone16 Pro的价格下调至政府补贴的对象范围之内，缩小了出货量的降幅。值得一提的是，<strong>中国市场TOP5排名中已经看不到荣耀的身影。尽管进入2025年其产品发布密集，但在华为强势回归之后，荣耀急需向市场证明自身产品特色，撕掉以往“华为替代品”的标签</strong>。\",\"createTime\":\"2025-07-18 21:09:29\",\"id\":16,\"params\":{},\"title\":\"test3\"}','{\"msg\":\"操作成功\",\"code\":200}',0,NULL,'2025-07-18 21:09:29',44),(165,'博客文章',1,'com.ruoyi.system.controller.BlogArticleController.add()','POST',1,'admin','研发部门','/system/article','127.0.0.1','内网IP','{\"content\":\"<strong>vivo和OPPO紧随其后，排在第4位的是小米。小米的出货量增长3.4%，是排名TOP 5厂商中唯一增加的。</strong>在节约意识增强的背景下，小米以擅长的低价产品为核心，“受到重视价格的消费者的支持”，IDC称。苹果排在第5位，受到中国企业挤压的状况仍在持续。苹果把iPhone16、iPhone16 Pro的价格下调至政府补贴的对象范围之内，缩小了出货量的降幅。值得一提的是，<strong>中国市场TOP5排名中已经看不到荣耀的身影。尽管进入2025年其产品发布密集，但在华为强势回归之后，荣耀急需向市场证明自身产品特色，撕掉以往“华为替代品”的标签</strong>。\",\"params\":{},\"title\":\"test\"}',NULL,1,'文章标题已存在，请更换标题！','2025-07-18 21:10:03',15),(166,'博客文章',1,'com.ruoyi.system.controller.BlogArticleController.add()','POST',1,'admin','研发部门','/system/article','127.0.0.1','内网IP','{\"content\":\"<strong>vivo和OPPO紧随其后，排在第4位的是小米。小米的出货量增长3.4%，是排名TOP 5厂商中唯一增加的。</strong>在节约意识增强的背景下，小米以擅长的低价产品为核心，“受到重视价格的消费者的支持”，IDC称。苹果排在第5位，受到中国企业挤压的状况仍在持续。苹果把iPhone16、iPhone16 Pro的价格下调至政府补贴的对象范围之内，缩小了出货量的降幅。值得一提的是，<strong>中国市场TOP5排名中已经看不到荣耀的身影。尽管进入2025年其产品发布密集，但在华为强势回归之后，荣耀急需向市场证明自身产品特色，撕掉以往“华为替代品”的标签</strong>。\",\"params\":{},\"title\":\"test2\"}',NULL,1,'文章标题已存在，请更换标题！','2025-07-18 21:10:18',8),(167,'博客文章',1,'com.ruoyi.system.controller.BlogArticleController.add()','POST',1,'admin','研发部门','/system/article','127.0.0.1','内网IP','{\"content\":\"<strong>vivo和OPPO紧随其后，排在第4位的是小米。小米的出货量增长3.4%，是排名TOP 5厂商中唯一增加的。</strong>在节约意识增强的背景下，小米以擅长的低价产品为核心，“受到重视价格的消费者的支持”，IDC称。苹果排在第5位，受到中国企业挤压的状况仍在持续。苹果把iPhone16、iPhone16 Pro的价格下调至政府补贴的对象范围之内，缩小了出货量的降幅。值得一提的是，<strong>中国市场TOP5排名中已经看不到荣耀的身影。尽管进入2025年其产品发布密集，但在华为强势回归之后，荣耀急需向市场证明自身产品特色，撕掉以往“华为替代品”的标签</strong>。\",\"params\":{},\"title\":\"test2\"}',NULL,1,'文章标题已存在，请更换标题！','2025-07-18 21:10:34',6),(168,'博客文章',1,'com.ruoyi.system.controller.BlogArticleController.add()','POST',1,'admin','研发部门','/system/article','127.0.0.1','内网IP','{\"content\":\"<strong>vivo和OPPO紧随其后，排在第4位的是小米。小米的出货量增长3.4%，是排名TOP 5厂商中唯一增加的。</strong>在节约意识增强的背景下，小米以擅长的低价产品为核心，“受到重视价格的消费者的支持”，IDC称。苹果排在第5位，受到中国企业挤压的状况仍在持续。苹果把iPhone16、iPhone16 Pro的价格下调至政府补贴的对象范围之内，缩小了出货量的降幅。值得一提的是，<strong>中国市场TOP5排名中已经看不到荣耀的身影。尽管进入2025年其产品发布密集，但在华为强势回归之后，荣耀急需向市场证明自身产品特色，撕掉以往“华为替代品”的标签</strong>。\",\"params\":{},\"title\":\"test3\"}',NULL,1,'文章标题已存在，请更换标题！','2025-07-18 21:10:39',4),(169,'博客文章',1,'com.ruoyi.system.controller.BlogArticleController.add()','POST',1,'admin','研发部门','/system/article','127.0.0.1','内网IP','{\"authorId\":1,\"content\":\"<strong>vivo和OPPO紧随其后，排在第4位的是小米。小米的出货量增长3.4%，是排名TOP 5厂商中唯一增加的。</strong>在节约意识增强的背景下，小米以擅长的低价产品为核心，“受到重视价格的消费者的支持”，IDC称。苹果排在第5位，受到中国企业挤压的状况仍在持续。苹果把iPhone16、iPhone16 Pro的价格下调至政府补贴的对象范围之内，缩小了出货量的降幅。值得一提的是，<strong>中国市场TOP5排名中已经看不到荣耀的身影。尽管进入2025年其产品发布密集，但在华为强势回归之后，荣耀急需向市场证明自身产品特色，撕掉以往“华为替代品”的标签</strong>。\",\"createTime\":\"2025-07-18 21:10:57\",\"id\":17,\"params\":{},\"title\":\"vivo和oppo紧随其后\"}','{\"msg\":\"操作成功\",\"code\":200}',0,NULL,'2025-07-18 21:10:57',26),(170,'博客文章',2,'com.ruoyi.system.controller.BlogArticleController.edit()','PUT',1,'admin','研发部门','/system/article','127.0.0.1','内网IP','{\"authorId\":1,\"content\":\"<strong>vivo和OPPO紧随其后，排在第4位的是小米。小米的出货量增长3.4%，是排名TOP 5厂商中唯一增加的。</strong>在节约意识增强的背景下，小米以擅长的低价产品为核心，“受到重视价格的消费者的支持”，IDC称。苹果排在第5位，受到中国企业挤压的状况仍在持续。苹果把iPhone16、iPhone16 Pro的价格下调至政府补贴的对象范围之内，缩小了出货量的降幅。值得一提的是，<strong>中国市场TOP5排名中已经看不到荣耀的身影。尽管进入2025年其产品发布密集，但在华为强势回归之后，荣耀急需向市场证明自身产品特色，撕掉以往“华为替代品”的标签</strong>。\",\"createTime\":\"2025-07-18 21:10:57\",\"id\":17,\"params\":{},\"title\":\"vivo和oppo紧随其后\",\"updateTime\":\"2025-07-18 21:11:29\"}','{\"msg\":\"操作成功\",\"code\":200}',0,NULL,'2025-07-18 21:11:29',16),(171,'博客文章',1,'com.ruoyi.system.controller.BlogArticleController.add()','POST',1,'admin','研发部门','/system/article','127.0.0.1','内网IP','{\"content\":\"请检查&nbsp;editor&nbsp;组件注册\",\"params\":{},\"title\":\"test\"}',NULL,1,'文章标题已存在，请更换标题！','2025-07-18 21:20:02',16),(172,'博客文章',1,'com.ruoyi.system.controller.BlogArticleController.add()','POST',1,'admin','研发部门','/system/article','127.0.0.1','内网IP','{\"authorId\":1,\"content\":\"请检查&nbsp;editor&nbsp;组件注册<strong>vivo和OPPO紧随其后，排在第4位的是小米。小米的出货量增长3.4%，是排名TOP 5厂商中唯一增加的。</strong>在节约意识增强的背景下，小米以擅长的低价产品为核心，“受到重视价格的消费者的支持”，IDC称。苹果排在第5位，受到中国企业挤压的状况仍在持续。苹果把iPhone16、iPhone16 Pro的价格下调至政府补贴的对象范围之内，缩小了出货量的降幅。值得一提的是，<strong>中国市场TOP5排名中已经看不到荣耀的身影。尽管进入2025年其产品发布密集，但在华为强势回归之后，荣耀急需向市场证明自身产品特色，撕掉以往“华为替代品”的标签</strong>。\",\"createTime\":\"2025-07-18 21:20:23\",\"id\":18,\"params\":{},\"title\":\"test4\"}','{\"msg\":\"操作成功\",\"code\":200}',0,NULL,'2025-07-18 21:20:23',25),(173,'博客文章',3,'com.ruoyi.system.controller.BlogArticleController.remove()','DELETE',1,'admin','研发部门','/system/article/4','127.0.0.1','内网IP','[4]','{\"msg\":\"操作成功\",\"code\":200}',0,NULL,'2025-07-18 21:20:36',16),(174,'博客文章',3,'com.ruoyi.system.controller.BlogArticleController.remove()','DELETE',1,'admin','研发部门','/system/article/11','127.0.0.1','内网IP','[11]','{\"msg\":\"操作成功\",\"code\":200}',0,NULL,'2025-07-18 21:20:39',4),(175,'博客文章',3,'com.ruoyi.system.controller.BlogArticleController.remove()','DELETE',1,'admin','研发部门','/system/article/15','127.0.0.1','内网IP','[15]','{\"msg\":\"操作成功\",\"code\":200}',0,NULL,'2025-07-18 21:20:41',6),(176,'博客文章',3,'com.ruoyi.system.controller.BlogArticleController.remove()','DELETE',1,'admin','研发部门','/system/article/16','127.0.0.1','内网IP','[16]','{\"msg\":\"操作成功\",\"code\":200}',0,NULL,'2025-07-18 21:20:44',5),(177,'博客文章',3,'com.ruoyi.system.controller.BlogArticleController.remove()','DELETE',1,'admin','研发部门','/system/article/17','127.0.0.1','内网IP','[17]','{\"msg\":\"操作成功\",\"code\":200}',0,NULL,'2025-07-18 21:20:47',5),(178,'博客文章',3,'com.ruoyi.system.controller.BlogArticleController.remove()','DELETE',1,'admin','研发部门','/system/article/18','127.0.0.1','内网IP','[18]','{\"msg\":\"操作成功\",\"code\":200}',0,NULL,'2025-07-18 21:20:50',2),(179,'博客文章',1,'com.ruoyi.system.controller.BlogArticleController.add()','POST',1,'admin','研发部门','/system/article','127.0.0.1','内网IP','{\"authorId\":1,\"content\":\"<strong>vivo和OPPO紧随其后，排在第4位的是小米。小米的出货量增长3.4%，是排名TOP 5厂商中唯一增加的。</strong>在节约意识增强的背景下，小米以擅长的低价产品为核心，“受到重视价格的消费者的支持”，IDC称。苹果排在第5位，受到中国企业挤压的状况仍在持续。苹果把iPhone16、iPhone16 Pro的价格下调至政府补贴的对象范围之内，缩小了出货量的降幅。值得一提的是，<strong>中国市场TOP5排名中已经看不到荣耀的身影。尽管进入2025年其产品发布密集，但在华为强势回归之后，荣耀急需向市场证明自身产品特色，撕掉以往“华为替代品”的标签</strong>。\",\"createTime\":\"2025-07-18 21:21:03\",\"id\":19,\"params\":{},\"title\":\"vivo\"}','{\"msg\":\"操作成功\",\"code\":200}',0,NULL,'2025-07-18 21:21:03',12),(180,'代码生成',2,'com.ruoyi.generator.controller.GenController.editSave()','PUT',1,'admin','研发部门','/tool/gen','127.0.0.1','内网IP','{\"businessName\":\"blog_article\",\"className\":\"BlogArticle\",\"columns\":[{\"capJavaField\":\"Id\",\"columnComment\":\"主键ID\",\"columnId\":1,\"columnName\":\"id\",\"columnType\":\"bigint\",\"createBy\":\"admin\",\"createTime\":\"2025-07-18 19:47:38\",\"dictType\":\"\",\"edit\":false,\"htmlType\":\"input\",\"increment\":true,\"insert\":true,\"isIncrement\":\"1\",\"isInsert\":\"1\",\"isPk\":\"1\",\"isRequired\":\"0\",\"javaField\":\"id\",\"javaType\":\"Long\",\"list\":false,\"params\":{},\"pk\":true,\"query\":false,\"queryType\":\"EQ\",\"required\":false,\"sort\":1,\"superColumn\":false,\"tableId\":1,\"updateBy\":\"\",\"updateTime\":\"2025-07-18 20:28:28\",\"usableColumn\":false},{\"capJavaField\":\"Title\",\"columnComment\":\"文章标题\",\"columnId\":2,\"columnName\":\"title\",\"columnType\":\"varchar(255)\",\"createBy\":\"admin\",\"createTime\":\"2025-07-18 19:47:38\",\"dictType\":\"\",\"edit\":true,\"htmlType\":\"input\",\"increment\":false,\"insert\":true,\"isEdit\":\"1\",\"isIncrement\":\"0\",\"isInsert\":\"1\",\"isList\":\"1\",\"isPk\":\"0\",\"isQuery\":\"1\",\"isRequired\":\"1\",\"javaField\":\"title\",\"javaType\":\"String\",\"list\":true,\"params\":{},\"pk\":false,\"query\":true,\"queryType\":\"EQ\",\"required\":true,\"sort\":2,\"superColumn\":false,\"tableId\":1,\"updateBy\":\"\",\"updateTime\":\"2025-07-18 20:28:28\",\"usableColumn\":false},{\"capJavaField\":\"Summary\",\"columnComment\":\"摘要\",\"columnId\":3,\"columnName\":\"summary\",\"columnType\":\"varchar(512)\",\"createBy\":\"admin\",\"createTime\":\"2025-07-18 19:47:38\",\"dictType\":\"\",\"edit\":true,\"htmlType\":\"textarea\",\"increment\":false,\"insert\":true,\"isEdit\":\"1\",\"isIncrement\":\"0\",\"isInsert\":\"1\",\"isList\":\"0\",\"isPk\":\"0\",\"isQuery\":\"1\",\"isRequired\":\"0\",\"javaField\":\"summary\",\"javaType\":\"String\",\"list\":false,\"params\":{},\"pk\":false,\"query\":true,\"queryType\":\"EQ\",\"required\":false,\"sort\":3,\"superColumn\":false,\"tableId\":1,\"updateBy\":\"\",\"updateTime\":\"2025-07-18 20:28:28\",\"usableColumn\":false},{\"capJavaField\":\"Content\",\"columnComment\":\"文章内容\",\"columnId\":4,\"columnName\":\"content\",\"columnType\":\"longtext\",\"createBy\":\"admin\",\"createTime\":\"2025-07-18 19:47:38\",\"dictType\":\"\",\"edit\":true,\"htmlType\":\"editor\",\"increment\":false,\"insert\":true,\"isEdit\":\"1\",\"i','{\"msg\":\"操作成功\",\"code\":200}',0,NULL,'2025-07-18 21:21:47',56),(181,'代码生成',2,'com.ruoyi.generator.controller.GenController.editSave()','PUT',1,'admin','研发部门','/tool/gen','127.0.0.1','内网IP','{\"businessName\":\"blog_article\",\"className\":\"BlogArticle\",\"columns\":[{\"capJavaField\":\"Id\",\"columnComment\":\"主键ID\",\"columnId\":1,\"columnName\":\"id\",\"columnType\":\"bigint\",\"createBy\":\"admin\",\"createTime\":\"2025-07-18 19:47:38\",\"dictType\":\"\",\"edit\":false,\"htmlType\":\"input\",\"increment\":true,\"insert\":true,\"isIncrement\":\"1\",\"isInsert\":\"1\",\"isPk\":\"1\",\"isRequired\":\"0\",\"javaField\":\"id\",\"javaType\":\"Long\",\"list\":false,\"params\":{},\"pk\":true,\"query\":false,\"queryType\":\"EQ\",\"required\":false,\"sort\":1,\"superColumn\":false,\"tableId\":1,\"updateBy\":\"\",\"updateTime\":\"2025-07-18 21:21:47\",\"usableColumn\":false},{\"capJavaField\":\"Title\",\"columnComment\":\"文章标题\",\"columnId\":2,\"columnName\":\"title\",\"columnType\":\"varchar(255)\",\"createBy\":\"admin\",\"createTime\":\"2025-07-18 19:47:38\",\"dictType\":\"\",\"edit\":true,\"htmlType\":\"input\",\"increment\":false,\"insert\":true,\"isEdit\":\"1\",\"isIncrement\":\"0\",\"isInsert\":\"1\",\"isList\":\"1\",\"isPk\":\"0\",\"isQuery\":\"1\",\"isRequired\":\"1\",\"javaField\":\"title\",\"javaType\":\"String\",\"list\":true,\"params\":{},\"pk\":false,\"query\":true,\"queryType\":\"EQ\",\"required\":true,\"sort\":2,\"superColumn\":false,\"tableId\":1,\"updateBy\":\"\",\"updateTime\":\"2025-07-18 21:21:47\",\"usableColumn\":false},{\"capJavaField\":\"Summary\",\"columnComment\":\"摘要\",\"columnId\":3,\"columnName\":\"summary\",\"columnType\":\"varchar(512)\",\"createBy\":\"admin\",\"createTime\":\"2025-07-18 19:47:38\",\"dictType\":\"\",\"edit\":true,\"htmlType\":\"textarea\",\"increment\":false,\"insert\":true,\"isEdit\":\"1\",\"isIncrement\":\"0\",\"isInsert\":\"1\",\"isList\":\"0\",\"isPk\":\"0\",\"isQuery\":\"1\",\"isRequired\":\"0\",\"javaField\":\"summary\",\"javaType\":\"String\",\"list\":false,\"params\":{},\"pk\":false,\"query\":true,\"queryType\":\"EQ\",\"required\":false,\"sort\":3,\"superColumn\":false,\"tableId\":1,\"updateBy\":\"\",\"updateTime\":\"2025-07-18 21:21:47\",\"usableColumn\":false},{\"capJavaField\":\"Content\",\"columnComment\":\"文章内容\",\"columnId\":4,\"columnName\":\"content\",\"columnType\":\"longtext\",\"createBy\":\"admin\",\"createTime\":\"2025-07-18 19:47:38\",\"dictType\":\"\",\"edit\":true,\"htmlType\":\"editor\",\"increment\":false,\"insert\":true,\"isEdit\":\"1\",\"i','{\"msg\":\"操作成功\",\"code\":200}',0,NULL,'2025-07-18 21:22:41',39),(182,'代码生成',2,'com.ruoyi.generator.controller.GenController.synchDb()','GET',1,'admin','研发部门','/tool/gen/synchDb/blog_article','127.0.0.1','内网IP','{}','{\"msg\":\"操作成功\",\"code\":200}',0,NULL,'2025-07-18 21:22:44',67),(183,'博客文章',1,'com.ruoyi.system.controller.BlogArticleController.add()','POST',1,'admin','研发部门','/system/article','127.0.0.1','内网IP','{\"authorId\":1,\"content\":\"<strong>vivo和OPPO紧随其后，排在第4位的是小米。小米的出货量增长3.4%，是排名TOP 5厂商中唯一增加的。</strong>在节约意识增强的背景下，小米以擅长的低价产品为核心，“受到重视价格的消费者的支持”，IDC称。苹果排在第5位，受到中国企业挤压的状况仍在持续。苹果把iPhone16、iPhone16 Pro的价格下调至政府补贴的对象范围之内，缩小了出货量的降幅。值得一提的是，<strong>中国市场TOP5排名中已经看不到荣耀的身影。尽管进入2025年其产品发布密集，但在华为强势回归之后，荣耀急需向市场证明自身产品特色，撕掉以往“华为替代品”的标签</strong>。\",\"createTime\":\"2025-07-18 21:23:05\",\"id\":20,\"params\":{},\"title\":\"test\"}','{\"msg\":\"操作成功\",\"code\":200}',0,NULL,'2025-07-18 21:23:05',21),(184,'博客文章',1,'com.ruoyi.system.controller.BlogArticleController.add()','POST',1,'admin','研发部门','/system/article','127.0.0.1','内网IP','{\"content\":\"<strong>vivo和OPPO紧随其后，排在第4位的是小米。小米的出货量增长3.4%，是排名TOP 5厂商中唯一增加的。</strong>在节约意识增强的背景下，小米以擅长的低价产品为核心，“受到重视价格的消费者的支持”，IDC称。苹果排在第5位，受到中国企业挤压的状况仍在持续。苹果把iPhone16、iPhone16 Pro的价格下调至政府补贴的对象范围之内，缩小了出货量的降幅。值得一提的是，<strong>中国市场TOP5排名中已经看不到荣耀的身影。尽管进入2025年其产品发布密集，但在华为强势回归之后，荣耀急需向市场证明自身产品特色，撕掉以往“华为替代品”的标签</strong>。\",\"params\":{},\"title\":\"test\"}',NULL,1,'文章标题已存在，请更换标题！','2025-07-18 21:38:57',68),(185,'博客文章',1,'com.ruoyi.system.controller.BlogArticleController.add()','POST',1,'admin','研发部门','/system/article','127.0.0.1','内网IP','{\"authorId\":1,\"content\":\"<strong>vivo和OPPO紧随其后，排在第4位的是小米。小米的出货量增长3.4%，是排名TOP 5厂商中唯一增加的。</strong>在节约意识增强的背景下，小米以擅长的低价产品为核心，“受到重视价格的消费者的支持”，IDC称。苹果排在第5位，受到中国企业挤压的状况仍在持续。苹果把iPhone16、iPhone16 Pro的价格下调至政府补贴的对象范围之内，缩小了出货量的降幅。值得一提的是，<strong>中国市场TOP5排名中已经看不到荣耀的身影。尽管进入2025年其产品发布密集，但在华为强势回归之后，荣耀急需向市场证明自身产品特色，撕掉以往“华为替代品”的标签</strong>。\",\"createTime\":\"2025-07-18 21:39:03\",\"id\":21,\"params\":{},\"title\":\"test1\"}','{\"msg\":\"操作成功\",\"code\":200}',0,NULL,'2025-07-18 21:39:03',14),(186,'博客文章',1,'com.ruoyi.system.controller.BlogArticleController.add()','POST',1,'admin','研发部门','/system/article','127.0.0.1','内网IP','{\"params\":{},\"title\":\"test2\"}',NULL,1,'文章内容不能为空，请填写内容后再发布！','2025-07-18 21:39:36',3),(187,'博客文章',1,'com.ruoyi.system.controller.BlogArticleController.add()','POST',1,'admin','研发部门','/system/article','127.0.0.1','内网IP','{\"authorId\":1,\"content\":\"鑫\",\"createTime\":\"2025-07-18 21:39:43\",\"id\":22,\"params\":{},\"title\":\"test2\"}','{\"msg\":\"操作成功\",\"code\":200}',0,NULL,'2025-07-18 21:39:43',19),(188,'博客文章',1,'com.ruoyi.system.controller.BlogArticleController.add()','POST',1,'admin','研发部门','/system/article','127.0.0.1','内网IP','{\"authorId\":1,\"content\":\"<p>磊在在在在</p>\",\"createTime\":\"2025-07-18 21:50:30\",\"id\":23,\"params\":{},\"title\":\"test3\"}','{\"msg\":\"操作成功\",\"code\":200}',0,NULL,'2025-07-18 21:50:30',187),(189,'代码生成',2,'com.ruoyi.generator.controller.GenController.editSave()','PUT',1,'admin','研发部门','/tool/gen','127.0.0.1','内网IP','{\"businessName\":\"blog_article\",\"className\":\"BlogArticle\",\"columns\":[{\"capJavaField\":\"Id\",\"columnComment\":\"主键ID\",\"columnId\":1,\"columnName\":\"id\",\"columnType\":\"bigint\",\"createBy\":\"admin\",\"createTime\":\"2025-07-18 19:47:38\",\"dictType\":\"\",\"edit\":false,\"htmlType\":\"input\",\"increment\":true,\"insert\":true,\"isIncrement\":\"1\",\"isInsert\":\"1\",\"isPk\":\"1\",\"isRequired\":\"0\",\"javaField\":\"id\",\"javaType\":\"Long\",\"list\":false,\"params\":{},\"pk\":true,\"query\":false,\"queryType\":\"EQ\",\"required\":false,\"sort\":1,\"superColumn\":false,\"tableId\":1,\"updateBy\":\"\",\"updateTime\":\"2025-07-18 21:22:44\",\"usableColumn\":false},{\"capJavaField\":\"Title\",\"columnComment\":\"文章标题\",\"columnId\":2,\"columnName\":\"title\",\"columnType\":\"varchar(255)\",\"createBy\":\"admin\",\"createTime\":\"2025-07-18 19:47:38\",\"dictType\":\"\",\"edit\":true,\"htmlType\":\"input\",\"increment\":false,\"insert\":true,\"isEdit\":\"1\",\"isIncrement\":\"0\",\"isInsert\":\"1\",\"isList\":\"1\",\"isPk\":\"0\",\"isQuery\":\"1\",\"isRequired\":\"1\",\"javaField\":\"title\",\"javaType\":\"String\",\"list\":true,\"params\":{},\"pk\":false,\"query\":true,\"queryType\":\"EQ\",\"required\":true,\"sort\":2,\"superColumn\":false,\"tableId\":1,\"updateBy\":\"\",\"updateTime\":\"2025-07-18 21:22:44\",\"usableColumn\":false},{\"capJavaField\":\"Summary\",\"columnComment\":\"摘要\",\"columnId\":3,\"columnName\":\"summary\",\"columnType\":\"varchar(512)\",\"createBy\":\"admin\",\"createTime\":\"2025-07-18 19:47:38\",\"dictType\":\"\",\"edit\":true,\"htmlType\":\"textarea\",\"increment\":false,\"insert\":true,\"isEdit\":\"1\",\"isIncrement\":\"0\",\"isInsert\":\"1\",\"isList\":\"1\",\"isPk\":\"0\",\"isQuery\":\"1\",\"isRequired\":\"0\",\"javaField\":\"summary\",\"javaType\":\"String\",\"list\":true,\"params\":{},\"pk\":false,\"query\":true,\"queryType\":\"EQ\",\"required\":false,\"sort\":3,\"superColumn\":false,\"tableId\":1,\"updateBy\":\"\",\"updateTime\":\"2025-07-18 21:22:44\",\"usableColumn\":false},{\"capJavaField\":\"Content\",\"columnComment\":\"文章内容\",\"columnId\":4,\"columnName\":\"content\",\"columnType\":\"longtext\",\"createBy\":\"admin\",\"createTime\":\"2025-07-18 19:47:38\",\"dictType\":\"\",\"edit\":true,\"htmlType\":\"editor\",\"increment\":false,\"insert\":true,\"isEdit\":\"1\",\"is','{\"msg\":\"操作成功\",\"code\":200}',0,NULL,'2025-07-18 21:57:38',55),(190,'代码生成',2,'com.ruoyi.generator.controller.GenController.synchDb()','GET',1,'admin','研发部门','/tool/gen/synchDb/blog_article','127.0.0.1','内网IP','{}','{\"msg\":\"操作成功\",\"code\":200}',0,NULL,'2025-07-18 21:57:42',73),(191,'博客文章',2,'com.ruoyi.system.controller.BlogArticleController.edit()','PUT',1,'admin','研发部门','/system/article','127.0.0.1','内网IP','{\"authorId\":1,\"content\":\"<strong>vivo和OPPO紧随其后，排在第4位的是小米。小米的出货量增长3.4%，是排名TOP 5厂商中唯一增加的。</strong>在节约意识增强的背景下，小米以擅长的低价产品为核心，“受到重视价格的消费者的支持”，IDC称。苹果排在第5位，受到中国企业挤压的状况仍在持续。苹果把iPhone16、iPhone16 Pro的价格下调至政府补贴的对象范围之内，缩小了出货量的降幅。值得一提的是，<strong>中国市场TOP5排名中已经看不到荣耀的身影。尽管进入2025年其产品发布密集，但在华为强势回归之后，荣耀急需向市场证明自身产品特色，撕掉以往“华为替代品”的标签</strong>。\",\"createTime\":\"2025-07-18 21:21:03\",\"id\":19,\"params\":{},\"title\":\"vivo\",\"updateTime\":\"2025-07-18 21:58:05\"}','{\"msg\":\"操作成功\",\"code\":200}',0,NULL,'2025-07-18 21:58:06',17),(192,'博客文章',2,'com.ruoyi.system.controller.BlogArticleController.edit()','PUT',1,'admin','研发部门','/system/article','127.0.0.1','内网IP','{\"authorId\":1,\"content\":\"<p>磊在在在在</p>\",\"createTime\":\"2025-07-18 21:50:30\",\"id\":23,\"params\":{},\"title\":\"test3\",\"updateTime\":\"2025-07-18 21:58:16\"}','{\"msg\":\"操作成功\",\"code\":200}',0,NULL,'2025-07-18 21:58:17',5),(193,'博客文章',2,'com.ruoyi.system.controller.BlogArticleController.edit()','PUT',1,'admin','研发部门','/system/article','127.0.0.1','内网IP','{\"authorId\":1,\"content\":\"<p><strong>vivo和OPPO紧随其后，排在第4位的是小米。小米的出货量增长3.4%，是排名TOP 5厂商中唯一增加的。</strong>在节约意识增强的背景下，小米以擅长的低价产品为核心，“受到重视价格的消费者的支持”，IDC称。苹果排在第5位，受到中国企业挤压的状况仍在持续。苹果把iPhone16、iPhone16 Pro的价格下调至政府补贴的对象范围之内，缩小了出货量的降幅。值得一提的是，<strong>中国市场TOP5排名中已经看不到荣耀的身影。尽管进入2025年其产品发布密集，但在华为强势回归之后，荣耀急需向市场证明自身产品特色，撕掉以往“华为替代品”的标签</strong>。</p>\",\"createTime\":\"2025-07-18 21:23:06\",\"id\":20,\"params\":{},\"title\":\"美国解禁H20芯片深层原因 白宫AI主管：打压华为\",\"updateTime\":\"2025-07-18 22:01:47\"}','{\"msg\":\"操作成功\",\"code\":200}',0,NULL,'2025-07-18 22:01:47',26),(194,'博客文章',2,'com.ruoyi.system.controller.BlogArticleController.edit()','PUT',1,'admin','研发部门','/system/article','127.0.0.1','内网IP','{\"authorId\":1,\"content\":\"<p><strong>vivo和OPPO紧随其后，排在第4位的是小米。小米的出货量增长3.4%，是排名TOP 5厂商中唯一增加的。</strong>在节约意识增强的背景下，小米以擅长的低价产品为核心，“受到重视价格的消费者的支持”，IDC称。苹果排在第5位，受到中国企业挤压的状况仍在持续。苹果把iPhone16、iPhone16 Pro的价格下调至政府补贴的对象范围之内，缩小了出货量的降幅。值得一提的是，<strong>中国市场TOP5排名中已经看不到荣耀的身影。尽管进入2025年其产品发布密集，但在华为强势回归之后，荣耀急需向市场证明自身产品特色，撕掉以往“华为替代品”的标签</strong>。</p>\",\"createTime\":\"2025-07-18 21:39:03\",\"id\":21,\"params\":{},\"title\":\"vivo和OPPO紧随其后，排在第4位的是小米\",\"updateTime\":\"2025-07-18 22:02:01\"}','{\"msg\":\"操作成功\",\"code\":200}',0,NULL,'2025-07-18 22:02:01',24),(195,'博客文章',2,'com.ruoyi.system.controller.BlogArticleController.edit()','PUT',1,'admin','研发部门','/system/article','127.0.0.1','内网IP','{\"authorId\":1,\"content\":\"<p>鑫</p>\",\"createTime\":\"2025-07-18 21:39:44\",\"id\":22,\"params\":{},\"title\":\"vivo和OPPO紧随其后，排在第4位的是小米\",\"updateTime\":\"2025-07-18 22:02:22\"}',NULL,1,'\n### Error updating database.  Cause: java.sql.SQLIntegrityConstraintViolationException: Duplicate entry \'vivo和OPPO紧随其后，排在第4位的是小米\' for key \'blog_article.uk_title\'\n### The error may exist in URL [jar:file:/Users/nevell/.m2/repository/com/ruoyi/ruoyi-system/3.9.0/ruoyi-system-3.9.0.jar!/mapper/system/BlogArticleMapper.xml]\n### The error may involve com.ruoyi.system.mapper.BlogArticleMapper.updateBlogArticle-Inline\n### The error occurred while setting parameters\n### SQL: update blog_article          SET title = ?,                          content = ?,                                       author_id = ?,                                                                                           create_time = ?,             update_time = ?          where id = ?\n### Cause: java.sql.SQLIntegrityConstraintViolationException: Duplicate entry \'vivo和OPPO紧随其后，排在第4位的是小米\' for key \'blog_article.uk_title\'\n; Duplicate entry \'vivo和OPPO紧随其后，排在第4位的是小米\' for key \'blog_article.uk_title\'; nested exception is java.sql.SQLIntegrityConstraintViolationException: Duplicate entry \'vivo和OPPO紧随其后，排在第4位的是小米\' for key \'blog_article.uk_title\'','2025-07-18 22:02:23',78),(196,'博客文章',2,'com.ruoyi.system.controller.BlogArticleController.edit()','PUT',1,'admin','研发部门','/system/article','127.0.0.1','内网IP','{\"authorId\":1,\"content\":\"<p>鑫</p>\",\"createTime\":\"2025-07-18 21:39:44\",\"id\":22,\"params\":{},\"title\":\"vivo和OPPO紧随其后排在第4位的是小米\",\"updateTime\":\"2025-07-18 22:02:35\"}','{\"msg\":\"操作成功\",\"code\":200}',0,NULL,'2025-07-18 22:02:35',5),(197,'博客文章',2,'com.ruoyi.system.controller.BlogArticleController.edit()','PUT',1,'admin','研发部门','/system/article','127.0.0.1','内网IP','{\"authorId\":1,\"content\":\"<p>磊在在在在</p>\",\"createTime\":\"2025-07-18 21:50:30\",\"id\":23,\"params\":{},\"title\":\"vivo和OPPO紧随其后，排在第4位的是小米\",\"updateTime\":\"2025-07-18 22:02:48\"}',NULL,1,'\n### Error updating database.  Cause: java.sql.SQLIntegrityConstraintViolationException: Duplicate entry \'vivo和OPPO紧随其后，排在第4位的是小米\' for key \'blog_article.uk_title\'\n### The error may exist in URL [jar:file:/Users/nevell/.m2/repository/com/ruoyi/ruoyi-system/3.9.0/ruoyi-system-3.9.0.jar!/mapper/system/BlogArticleMapper.xml]\n### The error may involve com.ruoyi.system.mapper.BlogArticleMapper.updateBlogArticle-Inline\n### The error occurred while setting parameters\n### SQL: update blog_article          SET title = ?,                          content = ?,                                       author_id = ?,                                                                                           create_time = ?,             update_time = ?          where id = ?\n### Cause: java.sql.SQLIntegrityConstraintViolationException: Duplicate entry \'vivo和OPPO紧随其后，排在第4位的是小米\' for key \'blog_article.uk_title\'\n; Duplicate entry \'vivo和OPPO紧随其后，排在第4位的是小米\' for key \'blog_article.uk_title\'; nested exception is java.sql.SQLIntegrityConstraintViolationException: Duplicate entry \'vivo和OPPO紧随其后，排在第4位的是小米\' for key \'blog_article.uk_title\'','2025-07-18 22:02:48',4),(198,'博客文章',2,'com.ruoyi.system.controller.BlogArticleController.edit()','PUT',1,'admin','研发部门','/system/article','127.0.0.1','内网IP','{\"authorId\":1,\"content\":\"<p>磊在在在在</p>\",\"createTime\":\"2025-07-18 21:50:30\",\"id\":23,\"params\":{},\"title\":\"hello你们好\",\"updateTime\":\"2025-07-18 22:59:56\"}','{\"msg\":\"操作成功\",\"code\":200}',0,NULL,'2025-07-18 22:59:56',41),(199,'博客文章',1,'com.ruoyi.system.controller.BlogArticleController.add()','POST',1,'admin','研发部门','/system/article','127.0.0.1','内网IP','{\"content\":\"<p>vivo和OPPO紧随其后，排在第4位的是小米</p>\",\"params\":{},\"title\":\"vivo和OPPO紧随其后，排在第4位的是小米\"}',NULL,1,'文章标题已存在，请更换标题！','2025-07-18 23:03:07',21),(200,'博客文章',1,'com.ruoyi.system.controller.BlogArticleController.add()','POST',1,'admin','研发部门','/system/article','127.0.0.1','内网IP','{\"authorId\":1,\"content\":\"<p>vivo和OPPO紧随其后，排在第4位的是小米</p>\",\"createTime\":\"2025-07-18 23:03:14\",\"id\":24,\"params\":{},\"title\":\"vivo和oppo紧随其后，排在第4位的\"}','{\"msg\":\"操作成功\",\"code\":200}',0,NULL,'2025-07-18 23:03:14',29),(201,'博客文章',1,'com.ruoyi.system.controller.BlogArticleController.add()','POST',1,'admin','研发部门','/system/article','127.0.0.1','内网IP','{\"authorId\":1,\"content\":\"<p>vivo和OPPO紧随其后，排在第4位的是小米</p>\",\"createTime\":\"2025-07-18 23:03:43\",\"id\":25,\"params\":{},\"title\":\"vivo和oppo紧随其后，4位的是小米\"}','{\"msg\":\"操作成功\",\"code\":200}',0,NULL,'2025-07-18 23:03:43',10),(202,'博客文章',1,'com.ruoyi.system.controller.BlogArticleController.add()','POST',1,'admin','研发部门','/system/article','127.0.0.1','内网IP','{\"content\":\"<p><span style=\\\"background-color: rgb(255, 255, 255); color: rgb(51, 51, 51);\\\">购车的陈女士介绍，她是被人介绍来这家门店买车的，她签订的购车合同显示，</span><strong style=\\\"background-color: rgb(255, 255, 255); color: rgb(51, 51, 51);\\\">一周后提车，但到了交车日期，这家4S店一拖再拖，迟迟无法轿车。</strong></p><p><span style=\\\"background-color: rgb(255, 255, 255); color: rgb(51, 51, 51);\\\">另有其他车主表示，她是早早拿到了车，却因为门店负责人将合格证与购车发票抵押给了债主，导致无法上牌。</span></p><p><span style=\\\"background-color: rgb(255, 255, 255); color: rgb(51, 51, 51);\\\">她们把情况投诉给奇瑞的400客服后，却得到相同的回答，查无此店，无法提供帮助。</span></p><p><span style=\\\"background-color: rgb(255, 255, 255); color: rgb(51, 51, 51);\\\">媒体来到涉事门店发现，这家所谓的“奇瑞4S店”，门头悬挂的却是正规的奇瑞logo，无论是门头布置还是展厅设计，都让人感觉是一家正规的品牌4S店。</span></p><p><span style=\\\"background-color: rgb(255, 255, 255); color: rgb(51, 51, 51);\\\">而该店的销售员工表示：</span><strong style=\\\"background-color: rgb(255, 255, 255); color: rgb(51, 51, 51);\\\">该店为厂家店，厂家直营，还可以送售后服务。</strong></p><p><br></p>\",\"params\":{},\"title\":\"vivo\"}',NULL,1,'文章标题已存在，请更换标题！','2025-07-18 23:04:33',69),(203,'博客文章',1,'com.ruoyi.system.controller.BlogArticleController.add()','POST',1,'admin','研发部门','/system/article','127.0.0.1','内网IP','{\"content\":\"<p><span style=\\\"background-color: rgb(255, 255, 255); color: rgb(51, 51, 51);\\\">购车的陈女士介绍，她是被人介绍来这家门店买车的，她签订的购车合同显示，</span><strong style=\\\"background-color: rgb(255, 255, 255); color: rgb(51, 51, 51);\\\">一周后提车，但到了交车日期，这家4S店一拖再拖，迟迟无法轿车。</strong></p><p><span style=\\\"background-color: rgb(255, 255, 255); color: rgb(51, 51, 51);\\\">另有其他车主表示，她是早早拿到了车，却因为门店负责人将合格证与购车发票抵押给了债主，导致无法上牌。</span></p><p><span style=\\\"background-color: rgb(255, 255, 255); color: rgb(51, 51, 51);\\\">她们把情况投诉给奇瑞的400客服后，却得到相同的回答，查无此店，无法提供帮助。</span></p><p><span style=\\\"background-color: rgb(255, 255, 255); color: rgb(51, 51, 51);\\\">媒体来到涉事门店发现，这家所谓的“奇瑞4S店”，门头悬挂的却是正规的奇瑞logo，无论是门头布置还是展厅设计，都让人感觉是一家正规的品牌4S店。</span></p><p><span style=\\\"background-color: rgb(255, 255, 255); color: rgb(51, 51, 51);\\\">而该店的销售员工表示：</span><strong style=\\\"background-color: rgb(255, 255, 255); color: rgb(51, 51, 51);\\\">该店为厂家店，厂家直营，还可以送售后服务。</strong></p><p><br></p>\",\"params\":{},\"title\":\"vivo\"}',NULL,1,'文章标题已存在，请更换标题！','2025-07-18 23:04:36',7),(204,'博客文章',1,'com.ruoyi.system.controller.BlogArticleController.add()','POST',1,'admin','研发部门','/system/article','127.0.0.1','内网IP','{\"authorId\":1,\"content\":\"<p><span style=\\\"background-color: rgb(255, 255, 255); color: rgb(51, 51, 51);\\\">购车的陈女士介绍，她是被人介绍来这家门店买车的，她签订的购车合同显示，</span><strong style=\\\"background-color: rgb(255, 255, 255); color: rgb(51, 51, 51);\\\">一周后提车，但到了交车日期，这家4S店一拖再拖，迟迟无法轿车。</strong></p><p><span style=\\\"background-color: rgb(255, 255, 255); color: rgb(51, 51, 51);\\\">另有其他车主表示，她是早早拿到了车，却因为门店负责人将合格证与购车发票抵押给了债主，导致无法上牌。</span></p><p><span style=\\\"background-color: rgb(255, 255, 255); color: rgb(51, 51, 51);\\\">她们把情况投诉给奇瑞的400客服后，却得到相同的回答，查无此店，无法提供帮助。</span></p><p><span style=\\\"background-color: rgb(255, 255, 255); color: rgb(51, 51, 51);\\\">媒体来到涉事门店发现，这家所谓的“奇瑞4S店”，门头悬挂的却是正规的奇瑞logo，无论是门头布置还是展厅设计，都让人感觉是一家正规的品牌4S店。</span></p><p><span style=\\\"background-color: rgb(255, 255, 255); color: rgb(51, 51, 51);\\\">而该店的销售员工表示：</span><strong style=\\\"background-color: rgb(255, 255, 255); color: rgb(51, 51, 51);\\\">该店为厂家店，厂家直营，还可以送售后服务。</strong></p><p><br></p>\",\"createTime\":\"2025-07-18 23:04:42\",\"id\":26,\"params\":{},\"title\":\"vivo vivo\"}','{\"msg\":\"操作成功\",\"code\":200}',0,NULL,'2025-07-18 23:04:42',16),(205,'代码生成',2,'com.ruoyi.generator.controller.GenController.editSave()','PUT',1,'admin','研发部门','/tool/gen','127.0.0.1','内网IP','{\"businessName\":\"blog_article\",\"className\":\"BlogArticle\",\"columns\":[{\"capJavaField\":\"Id\",\"columnComment\":\"主键ID\",\"columnId\":1,\"columnName\":\"id\",\"columnType\":\"bigint\",\"createBy\":\"admin\",\"createTime\":\"2025-07-18 19:47:38\",\"dictType\":\"\",\"edit\":false,\"htmlType\":\"input\",\"increment\":true,\"insert\":true,\"isIncrement\":\"1\",\"isInsert\":\"1\",\"isPk\":\"1\",\"isRequired\":\"0\",\"javaField\":\"id\",\"javaType\":\"Long\",\"list\":false,\"params\":{},\"pk\":true,\"query\":false,\"queryType\":\"EQ\",\"required\":false,\"sort\":1,\"superColumn\":false,\"tableId\":1,\"updateBy\":\"\",\"updateTime\":\"2025-07-18 21:57:42\",\"usableColumn\":false},{\"capJavaField\":\"Title\",\"columnComment\":\"文章标题\",\"columnId\":2,\"columnName\":\"title\",\"columnType\":\"varchar(255)\",\"createBy\":\"admin\",\"createTime\":\"2025-07-18 19:47:38\",\"dictType\":\"\",\"edit\":true,\"htmlType\":\"input\",\"increment\":false,\"insert\":true,\"isEdit\":\"1\",\"isIncrement\":\"0\",\"isInsert\":\"1\",\"isList\":\"1\",\"isPk\":\"0\",\"isQuery\":\"1\",\"isRequired\":\"1\",\"javaField\":\"title\",\"javaType\":\"String\",\"list\":true,\"params\":{},\"pk\":false,\"query\":true,\"queryType\":\"EQ\",\"required\":true,\"sort\":2,\"superColumn\":false,\"tableId\":1,\"updateBy\":\"\",\"updateTime\":\"2025-07-18 21:57:42\",\"usableColumn\":false},{\"capJavaField\":\"Summary\",\"columnComment\":\"摘要\",\"columnId\":3,\"columnName\":\"summary\",\"columnType\":\"varchar(512)\",\"createBy\":\"admin\",\"createTime\":\"2025-07-18 19:47:38\",\"dictType\":\"\",\"edit\":true,\"htmlType\":\"textarea\",\"increment\":false,\"insert\":true,\"isEdit\":\"1\",\"isIncrement\":\"0\",\"isInsert\":\"1\",\"isList\":\"0\",\"isPk\":\"0\",\"isQuery\":\"1\",\"isRequired\":\"0\",\"javaField\":\"summary\",\"javaType\":\"String\",\"list\":false,\"params\":{},\"pk\":false,\"query\":true,\"queryType\":\"EQ\",\"required\":false,\"sort\":3,\"superColumn\":false,\"tableId\":1,\"updateBy\":\"\",\"updateTime\":\"2025-07-18 21:57:42\",\"usableColumn\":false},{\"capJavaField\":\"Content\",\"columnComment\":\"文章内容\",\"columnId\":4,\"columnName\":\"content\",\"columnType\":\"longtext\",\"createBy\":\"admin\",\"createTime\":\"2025-07-18 19:47:38\",\"dictType\":\"\",\"edit\":true,\"htmlType\":\"editor\",\"increment\":false,\"insert\":true,\"isEdit\":\"1\",\"i','{\"msg\":\"操作成功\",\"code\":200}',0,NULL,'2025-07-18 23:15:22',71),(206,'代码生成',2,'com.ruoyi.generator.controller.GenController.synchDb()','GET',1,'admin','研发部门','/tool/gen/synchDb/blog_article','127.0.0.1','内网IP','{}','{\"msg\":\"操作成功\",\"code\":200}',0,NULL,'2025-07-18 23:15:26',69),(207,'代码生成',2,'com.ruoyi.generator.controller.GenController.editSave()','PUT',1,'admin','研发部门','/tool/gen','127.0.0.1','内网IP','{\"businessName\":\"category\",\"className\":\"BlogCategory\",\"columns\":[{\"capJavaField\":\"Id\",\"columnComment\":\"主键ID\",\"columnId\":20,\"columnName\":\"id\",\"columnType\":\"bigint\",\"createBy\":\"admin\",\"createTime\":\"2025-07-18 19:47:38\",\"dictType\":\"\",\"edit\":false,\"htmlType\":\"input\",\"increment\":true,\"insert\":true,\"isIncrement\":\"1\",\"isInsert\":\"1\",\"isPk\":\"1\",\"isRequired\":\"0\",\"javaField\":\"id\",\"javaType\":\"Long\",\"list\":false,\"params\":{},\"pk\":true,\"query\":false,\"queryType\":\"EQ\",\"required\":false,\"sort\":1,\"superColumn\":false,\"tableId\":3,\"updateBy\":\"\",\"updateTime\":\"2025-07-18 19:50:20\",\"usableColumn\":false},{\"capJavaField\":\"Name\",\"columnComment\":\"分类名称\",\"columnId\":21,\"columnName\":\"name\",\"columnType\":\"varchar(64)\",\"createBy\":\"admin\",\"createTime\":\"2025-07-18 19:47:38\",\"dictType\":\"\",\"edit\":true,\"htmlType\":\"input\",\"increment\":false,\"insert\":true,\"isEdit\":\"1\",\"isIncrement\":\"0\",\"isInsert\":\"1\",\"isList\":\"1\",\"isPk\":\"0\",\"isQuery\":\"1\",\"isRequired\":\"1\",\"javaField\":\"name\",\"javaType\":\"String\",\"list\":true,\"params\":{},\"pk\":false,\"query\":true,\"queryType\":\"LIKE\",\"required\":true,\"sort\":2,\"superColumn\":false,\"tableId\":3,\"updateBy\":\"\",\"updateTime\":\"2025-07-18 19:50:20\",\"usableColumn\":false},{\"capJavaField\":\"Sort\",\"columnComment\":\"排序\",\"columnId\":22,\"columnName\":\"sort\",\"columnType\":\"int\",\"createBy\":\"admin\",\"createTime\":\"2025-07-18 19:47:38\",\"dictType\":\"\",\"edit\":true,\"htmlType\":\"input\",\"increment\":false,\"insert\":true,\"isEdit\":\"1\",\"isIncrement\":\"0\",\"isInsert\":\"1\",\"isList\":\"1\",\"isPk\":\"0\",\"isQuery\":\"1\",\"isRequired\":\"0\",\"javaField\":\"sort\",\"javaType\":\"Long\",\"list\":true,\"params\":{},\"pk\":false,\"query\":true,\"queryType\":\"EQ\",\"required\":false,\"sort\":3,\"superColumn\":false,\"tableId\":3,\"updateBy\":\"\",\"updateTime\":\"2025-07-18 19:50:20\",\"usableColumn\":false},{\"capJavaField\":\"CreateTime\",\"columnComment\":\"创建时间\",\"columnId\":23,\"columnName\":\"create_time\",\"columnType\":\"datetime\",\"createBy\":\"admin\",\"createTime\":\"2025-07-18 19:47:38\",\"dictType\":\"\",\"edit\":false,\"htmlType\":\"datetime\",\"increment\":false,\"insert\":true,\"isIncrement\":\"0\",\"isInsert\":\"','{\"msg\":\"操作成功\",\"code\":200}',0,NULL,'2025-07-18 23:16:57',30),(208,'代码生成',2,'com.ruoyi.generator.controller.GenController.synchDb()','GET',1,'admin','研发部门','/tool/gen/synchDb/blog_category','127.0.0.1','内网IP','{}','{\"msg\":\"操作成功\",\"code\":200}',0,NULL,'2025-07-18 23:17:03',33),(209,'代码生成',8,'com.ruoyi.generator.controller.GenController.batchGenCode()','GET',1,'admin','研发部门','/tool/gen/batchGenCode','127.0.0.1','内网IP','{\"tables\":\"blog_category\"}',NULL,0,NULL,'2025-07-18 23:17:08',141),(210,'博客文章',2,'com.ruoyi.system.controller.BlogArticleController.edit()','PUT',1,'admin','研发部门','/system/article','127.0.0.1','内网IP','{\"authorId\":1,\"content\":\"<p><strong>vivo和OPPO紧随其后，排在第4位的是小米。小米的出货量增长3.4%，是排名TOP 5厂商中唯一增加的。</strong>在节约意识增强的背景下，小米以擅长的低价产品为核心，“受到重视价格的消费者的支持”，IDC称。苹果排在第5位，受到中国企业挤压的状况仍在持续。苹果把iPhone16、iPhone16 Pro的价格下调至政府补贴的对象范围之内，缩小了出货量的降幅。值得一提的是，<strong>中国市场TOP5排名中已经看不到荣耀的身影。尽管进入2025年其产品发布密集，但在华为强势回归之后，荣耀急需向市场证明自身产品特色，撕掉以往“华为替代品”的标签</strong>。</p>\",\"createTime\":\"2025-07-18 21:23:06\",\"id\":20,\"isTop\":1,\"params\":{},\"title\":\"美国解禁h20芯片深层原因 白宫ai主管：打压华为\",\"updateTime\":\"2025-07-18 23:30:19\"}','{\"msg\":\"操作成功\",\"code\":200}',0,NULL,'2025-07-18 23:30:19',49),(211,'博客文章',2,'com.ruoyi.system.controller.BlogArticleController.edit()','PUT',1,'admin','研发部门','/system/article','127.0.0.1','内网IP','{\"authorId\":1,\"content\":\"<p><strong>vivo和OPPO紧随其后，排在第4位的是小米。小米的出货量增长3.4%，是排名TOP 5厂商中唯一增加的。</strong>在节约意识增强的背景下，小米以擅长的低价产品为核心，“受到重视价格的消费者的支持”，IDC称。苹果排在第5位，受到中国企业挤压的状况仍在持续。苹果把iPhone16、iPhone16 Pro的价格下调至政府补贴的对象范围之内，缩小了出货量的降幅。值得一提的是，<strong>中国市场TOP5排名中已经看不到荣耀的身影。尽管进入2025年其产品发布密集，但在华为强势回归之后，荣耀急需向市场证明自身产品特色，撕掉以往“华为替代品”的标签</strong>。</p>\",\"createTime\":\"2025-07-18 21:39:03\",\"id\":21,\"isRecommend\":1,\"params\":{},\"title\":\"vivo和oppo紧随其后，排在第4位的是小米\",\"updateTime\":\"2025-07-18 23:30:32\"}','{\"msg\":\"操作成功\",\"code\":200}',0,NULL,'2025-07-18 23:30:32',10),(212,'博客文章',2,'com.ruoyi.system.controller.BlogArticleController.edit()','PUT',1,'admin','研发部门','/system/article','127.0.0.1','内网IP','{\"authorId\":1,\"categoryId\":1,\"content\":\"<p><strong>vivo和OPPO紧随其后，排在第4位的是小米。小米的出货量增长3.4%，是排名TOP 5厂商中唯一增加的。</strong>在节约意识增强的背景下，小米以擅长的低价产品为核心，“受到重视价格的消费者的支持”，IDC称。苹果排在第5位，受到中国企业挤压的状况仍在持续。苹果把iPhone16、iPhone16 Pro的价格下调至政府补贴的对象范围之内，缩小了出货量的降幅。值得一提的是，<strong>中国市场TOP5排名中已经看不到荣耀的身影。尽管进入2025年其产品发布密集，但在华为强势回归之后，荣耀急需向市场证明自身产品特色，撕掉以往“华为替代品”的标签</strong>。</p>\",\"createTime\":\"2025-07-18 21:23:06\",\"id\":20,\"isTop\":1,\"params\":{},\"title\":\"美国解禁h20芯片深层原因 白宫ai主管：打压华为\",\"updateTime\":\"2025-07-18 23:31:55\"}','{\"msg\":\"操作成功\",\"code\":200}',0,NULL,'2025-07-18 23:31:55',10),(213,'博客文章',2,'com.ruoyi.system.controller.BlogArticleController.edit()','PUT',1,'admin','研发部门','/system/article','127.0.0.1','内网IP','{\"authorId\":1,\"categoryId\":2,\"content\":\"<p><strong>vivo和OPPO紧随其后，排在第4位的是小米。小米的出货量增长3.4%，是排名TOP 5厂商中唯一增加的。</strong>在节约意识增强的背景下，小米以擅长的低价产品为核心，“受到重视价格的消费者的支持”，IDC称。苹果排在第5位，受到中国企业挤压的状况仍在持续。苹果把iPhone16、iPhone16 Pro的价格下调至政府补贴的对象范围之内，缩小了出货量的降幅。值得一提的是，<strong>中国市场TOP5排名中已经看不到荣耀的身影。尽管进入2025年其产品发布密集，但在华为强势回归之后，荣耀急需向市场证明自身产品特色，撕掉以往“华为替代品”的标签</strong>。</p>\",\"createTime\":\"2025-07-18 21:39:03\",\"id\":21,\"isRecommend\":1,\"params\":{},\"title\":\"vivo和oppo紧随其后，排在第4位的是小米\",\"updateTime\":\"2025-07-18 23:32:03\"}','{\"msg\":\"操作成功\",\"code\":200}',0,NULL,'2025-07-18 23:32:03',9),(214,'博客文章',2,'com.ruoyi.system.controller.BlogArticleController.edit()','PUT',1,'admin','研发部门','/system/article','127.0.0.1','内网IP','{\"authorId\":1,\"categoryId\":3,\"content\":\"<p>vivo和OPPO紧随其后，排在第4位的是小米</p>\",\"createTime\":\"2025-07-18 23:03:15\",\"id\":24,\"params\":{},\"title\":\"vivo和oppo紧随其后，排在第4位的\",\"updateTime\":\"2025-07-18 23:32:16\"}','{\"msg\":\"操作成功\",\"code\":200}',0,NULL,'2025-07-18 23:32:16',15),(215,'博客文章',2,'com.ruoyi.system.controller.BlogArticleController.edit()','PUT',1,'admin','研发部门','/system/article','127.0.0.1','内网IP','{\"authorId\":1,\"content\":\"<p><strong>vivo和OPPO紧随其后，排在第4位的是小米。小米的出货量增长3.4%，是排名TOP 5厂商中唯一增加的。</strong>在节约意识增强的背景下，小米以擅长的低价产品为核心，“受到重视价格的消费者的支持”，IDC称。苹果排在第5位，受到中国企业挤压的状况仍在持续。苹果把iPhone16、iPhone16 Pro的价格下调至政府补贴的对象范围之内，缩小了出货量的降幅。值得一提的是，<strong>中国市场TOP5排名中已经看不到荣耀的身影。尽管进入2025年其产品发布密集，但在华为强势回归之后，荣耀急需向市场证明自身产品特色，撕掉以往“华为替代品”的标签</strong>。</p>\",\"createTime\":\"2025-07-18 21:21:03\",\"id\":19,\"params\":{},\"title\":\"vivo\",\"updateTime\":\"2025-07-18 23:35:07\"}','{\"msg\":\"操作成功\",\"code\":200}',0,NULL,'2025-07-18 23:35:07',21),(216,'博客文章',2,'com.ruoyi.system.controller.BlogArticleController.edit()','PUT',1,'admin','研发部门','/system/article','127.0.0.1','内网IP','{\"categoryId\":1,\"content\":\"<p><strong>vivo和OPPO紧随其后，排在第4位的是小米。小米的出货量增长3.4%，是排名TOP 5厂商中唯一增加的。</strong>在节约意识增强的背景下，小米以擅长的低价产品为核心，“受到重视价格的消费者的支持”，IDC称。苹果排在第5位，受到中国企业挤压的状况仍在持续。苹果把iPhone16、iPhone16 Pro的价格下调至政府补贴的对象范围之内，缩小了出货量的降幅。值得一提的是，<strong>中国市场TOP5排名中已经看不到荣耀的身影。尽管进入2025年其产品发布密集，但在华为强势回归之后，荣耀急需向市场证明自身产品特色，撕掉以往“华为替代品”的标签</strong>。</p>\",\"createTime\":\"2025-07-18 21:23:06\",\"id\":20,\"isTop\":1,\"params\":{},\"title\":\"美国解禁h20芯片深层原因 白宫ai主管：打压华为\",\"updateTime\":\"2025-07-18 23:40:33\"}','{\"msg\":\"操作成功\",\"code\":200}',0,NULL,'2025-07-18 23:40:34',42),(217,'博客文章',1,'com.ruoyi.system.controller.BlogArticleController.add()','POST',1,'admin','研发部门','/system/article','127.0.0.1','内网IP','{\"authorId\":1,\"content\":\"<p><strong style=\\\"background-color: rgb(255, 255, 255); color: rgb(51, 51, 51);\\\">发布会结束后，贾总一如既往的煽情</strong><span style=\\\"background-color: rgb(255, 255, 255); color: rgb(51, 51, 51);\\\">：“洛杉矶DTLA 7.17，California sunset映照天际线，FX Super One全球公众产品发布会成功，Super EAI F.A.C.E.也终于揭幕与你们见面，且正式开启C端预定。</span></p><p><span style=\\\"background-color: rgb(255, 255, 255); color: rgb(51, 51, 51);\\\">今晚最遗憾的是没能送可儿乐儿回家，爸爸又一次缺席了，但我知道，你们会一如既往的理解和支持爸爸。追梦者的新征程新起点，我们再次把不可能变为可能”。</span></p><p><br></p>\",\"createTime\":\"2025-07-18 23:41:38\",\"id\":27,\"params\":{},\"title\":\"我们再次把不可能变为可能\"}','{\"msg\":\"操作成功\",\"code\":200}',0,NULL,'2025-07-18 23:41:38',86),(218,'菜单管理',2,'com.ruoyi.web.controller.system.SysMenuController.edit()','PUT',1,'admin','研发部门','/system/menu','127.0.0.1','内网IP','{\"children\":[],\"component\":\"system/article/index\",\"createTime\":\"2025-07-18 20:11:29\",\"icon\":\"edit\",\"isCache\":\"0\",\"isFrame\":\"1\",\"menuId\":2001,\"menuName\":\"文章管理\",\"menuType\":\"C\",\"orderNum\":1,\"params\":{},\"parentId\":0,\"path\":\"article\",\"perms\":\"system:article:list\",\"routeName\":\"\",\"status\":\"0\",\"updateBy\":\"admin\",\"visible\":\"0\"}','{\"msg\":\"操作成功\",\"code\":200}',0,NULL,'2025-07-24 09:54:56',18),(219,'博客文章',3,'com.ruoyi.system.controller.BlogArticleController.remove()','DELETE',1,'admin','研发部门','/system/article/20','127.0.0.1','内网IP','[20]','{\"msg\":\"操作成功\",\"code\":200}',0,NULL,'2025-07-24 10:15:09',12),(220,'博客文章',3,'com.ruoyi.system.controller.BlogArticleController.remove()','DELETE',1,'admin','研发部门','/system/article/24','127.0.0.1','内网IP','[24]','{\"msg\":\"操作成功\",\"code\":200}',0,NULL,'2025-07-24 10:15:14',11),(221,'博客文章',1,'com.ruoyi.system.controller.BlogArticleController.add()','POST',1,'admin','研发部门','/system/article','127.0.0.1','内网IP','{\"authorId\":1,\"content\":\"<h2><span style=\\\"background-color: rgb(255, 255, 255); color: rgb(28, 29, 31);\\\">核心功能与特色</span></h2><h3><br></h3><h3><strong style=\\\"background-color: rgb(255, 255, 255); color: rgb(28, 29, 31);\\\">1. 智能对话系统</strong></h3><ol><li data-list=\\\"bullet\\\"><span class=\\\"ql-ui\\\" contenteditable=\\\"false\\\"></span><br></li><li data-list=\\\"bullet\\\"><span class=\\\"ql-ui\\\" contenteditable=\\\"false\\\"></span><strong style=\\\"background-color: rgb(255, 255, 255); color: rgb(28, 29, 31);\\\">多模型对比</strong><span style=\\\"background-color: rgb(255, 255, 255); color: rgb(28, 29, 31);\\\">：支持同时连接 ChatGPT 4o/Claude 3.5/DeepSeek 等先进模型，自由切换体验不同 AI 风格</span></li><li data-list=\\\"bullet\\\"><span class=\\\"ql-ui\\\" contenteditable=\\\"false\\\"></span><br></li><li data-list=\\\"bullet\\\"><span class=\\\"ql-ui\\\" contenteditable=\\\"false\\\"></span><strong style=\\\"background-color: rgb(255, 255, 255); color: rgb(28, 29, 31);\\\">上下文记忆</strong><span style=\\\"background-color: rgb(255, 255, 255); color: rgb(28, 29, 31);\\\">：自动保存完整对话历史，支持 Markdown/HTML/TXT 多种格式导出</span></li><li data-list=\\\"bullet\\\"><span class=\\\"ql-ui\\\" contenteditable=\\\"false\\\"></span><br></li><li data-list=\\\"bullet\\\"><span class=\\\"ql-ui\\\" contenteditable=\\\"false\\\"></span><strong style=\\\"background-color: rgb(255, 255, 255); color: rgb(28, 29, 31);\\\">个性化设置</strong><span style=\\\"background-color: rgb(255, 255, 255); color: rgb(28, 29, 31);\\\">：可自定义温度、最大 token 等参数，精准控制 AI 输出</span></li></ol><h3><br></h3><h3><strong style=\\\"background-color: rgb(255, 255, 255); color: rgb(28, 29, 31);\\\">2. 生产力增强套件</strong></h3><ol><li data-list=\\\"bullet\\\"><span class=\\\"ql-ui\\\" contenteditable=\\\"false\\\"></span><br></li><li data-list=\\\"bullet\\\"><span class=\\\"ql-ui\\\" contenteditable=\\\"false\\\"></span><strong style=\\\"background-color: rgb(255, 255, 255); color: rgb(28, 29, 31);\\\">文件理解</strong><span style=\\\"background-color: rgb(255, 255, 255); color: rgb(28, 29, 31);\\\">：直接解析PDF/Word/Excel/图片中的内容</span></li><li data-list=\\\"bullet\\\"><span class=\\\"ql-ui\\\" content','{\"msg\":\"操作成功\",\"code\":200}',0,NULL,'2025-07-24 10:15:56',20),(222,'博客文章',3,'com.ruoyi.system.controller.BlogArticleController.remove()','DELETE',1,'admin','研发部门','/system/article/22','127.0.0.1','内网IP','[22]','{\"msg\":\"操作成功\",\"code\":200}',0,NULL,'2025-07-24 10:17:35',7),(223,'博客文章',3,'com.ruoyi.system.controller.BlogArticleController.remove()','DELETE',1,'admin','研发部门','/system/article/26','127.0.0.1','内网IP','[26]','{\"msg\":\"操作成功\",\"code\":200}',0,NULL,'2025-07-24 10:17:39',4),(224,'博客文章',3,'com.ruoyi.system.controller.BlogArticleController.remove()','DELETE',1,'admin','研发部门','/system/article/19','127.0.0.1','内网IP','[19]','{\"msg\":\"操作成功\",\"code\":200}',0,NULL,'2025-07-24 10:30:29',8),(225,'博客文章',1,'com.ruoyi.system.controller.BlogArticleController.add()','POST',1,'admin','研发部门','/system/article','127.0.0.1','内网IP','{\"author\":\"若依\",\"content\":\"<p>用</p>\",\"createTime\":\"2025-07-24 10:45:02\",\"id\":29,\"params\":{},\"title\":\"秀\"}','{\"msg\":\"操作成功\",\"code\":200}',0,NULL,'2025-07-24 10:45:02',15),(226,'博客文章',3,'com.ruoyi.system.controller.BlogArticleController.remove()','DELETE',1,'admin','研发部门','/system/article/29','127.0.0.1','内网IP','[29]','{\"msg\":\"操作成功\",\"code\":200}',0,NULL,'2025-07-24 10:45:07',7),(227,'博客文章',3,'com.ruoyi.system.controller.BlogArticleController.remove()','DELETE',1,'admin','研发部门','/system/article/21','127.0.0.1','内网IP','[21]','{\"msg\":\"操作成功\",\"code\":200}',0,NULL,'2025-07-24 10:45:12',8),(228,'博客文章',1,'com.ruoyi.system.controller.BlogArticleController.add()','POST',1,'admin','研发部门','/system/article','127.0.0.1','内网IP','{\"author\":\"若依\",\"content\":\"<p><span style=\\\"background-color: rgb(255, 255, 255); color: rgb(28, 29, 31);\\\">现在有越来越多的开源模型，可以让你在自己的电脑或服务器上运行。使用本地模型有许多优势：</span></p><ol><li data-list=\\\"bullet\\\"><span class=\\\"ql-ui\\\" contenteditable=\\\"false\\\"></span><br></li><li data-list=\\\"bullet\\\"><span class=\\\"ql-ui\\\" contenteditable=\\\"false\\\"></span><span style=\\\"background-color: rgb(255, 255, 255); color: rgb(28, 29, 31);\\\">完全离线运行，保护隐私数据安全</span></li><li data-list=\\\"bullet\\\"><span class=\\\"ql-ui\\\" contenteditable=\\\"false\\\"></span><br></li><li data-list=\\\"bullet\\\"><span class=\\\"ql-ui\\\" contenteditable=\\\"false\\\"></span><span style=\\\"background-color: rgb(255, 255, 255); color: rgb(28, 29, 31);\\\">无需支付在线 API 费用</span></li><li data-list=\\\"bullet\\\"><span class=\\\"ql-ui\\\" contenteditable=\\\"false\\\"></span><br></li><li data-list=\\\"bullet\\\"><span class=\\\"ql-ui\\\" contenteditable=\\\"false\\\"></span><span style=\\\"background-color: rgb(255, 255, 255); color: rgb(28, 29, 31);\\\">完全离线，服务稳定，无网络延迟</span></li><li data-list=\\\"bullet\\\"><span class=\\\"ql-ui\\\" contenteditable=\\\"false\\\"></span><br></li><li data-list=\\\"bullet\\\"><span class=\\\"ql-ui\\\" contenteditable=\\\"false\\\"></span><span style=\\\"background-color: rgb(255, 255, 255); color: rgb(28, 29, 31);\\\">可以自由调整和定制模型参数</span></li></ol><p><span style=\\\"background-color: rgb(255, 255, 255); color: rgb(28, 29, 31);\\\">Chatbox 可以很好地连接到 Ollama 服务，让你在使用本地模型时可以获取 Chatbox 提供的更多强大功能，比如 Artifact Preview、文件解析、会话话题管理、Prompt 管理等。</span></p><p><span style=\\\"background-color: rgb(255, 255, 255); color: rgb(28, 29, 31);\\\">（注意：运行本地模型对你的电脑配置有一定要求，包括内存、GPU 等。如果出现卡顿，请尝试降低模型参数。）</span></p><p><br></p>\",\"createTime\":\"2025-07-24 10:52:06\",\"id\":30,\"params\":{},\"title\":\"如何将 chatbox 连接到远程 ollama 服务：逐步指南\"}','{\"msg\":\"操作成功\",\"code\":200}',0,NULL,'2025-07-24 10:52:06',10),(229,'个人信息',2,'com.ruoyi.web.controller.system.SysProfileController.updateProfile()','PUT',1,'admin','研发部门','/system/user/profile','127.0.0.1','内网IP','{\"admin\":false,\"email\":\"ry@163.com\",\"nickName\":\"江屿\",\"params\":{},\"phonenumber\":\"15888888888\",\"sex\":\"1\"}','{\"msg\":\"操作成功\",\"code\":200}',0,NULL,'2025-07-24 11:09:45',24),(230,'个人信息',2,'com.ruoyi.web.controller.system.SysProfileController.updateProfile()','PUT',1,'admin','研发部门','/system/user/profile','127.0.0.1','内网IP','{\"admin\":false,\"email\":\"ry@163.com\",\"nickName\":\"江屿\",\"params\":{},\"phonenumber\":\"15888888888\",\"sex\":\"1\"}','{\"msg\":\"操作成功\",\"code\":200}',0,NULL,'2025-07-24 11:13:35',19),(231,'博客文章',1,'com.ruoyi.system.controller.BlogArticleController.add()','POST',1,'admin','研发部门','/system/article','127.0.0.1','内网IP','{\"author\":\"江屿\",\"categoryId\":1,\"content\":\"<p>test</p>\",\"createTime\":\"2025-07-24 11:13:52\",\"id\":31,\"params\":{},\"title\":\"test\"}','{\"msg\":\"操作成功\",\"code\":200}',0,NULL,'2025-07-24 11:13:52',10),(232,'博客文章',3,'com.ruoyi.system.controller.BlogArticleController.remove()','DELETE',1,'admin','研发部门','/system/article/31','127.0.0.1','内网IP','[31]','{\"msg\":\"操作成功\",\"code\":200}',0,NULL,'2025-07-24 11:13:57',7),(233,'博客文章',1,'com.ruoyi.system.controller.BlogArticleController.add()','POST',1,'admin','研发部门','/system/article','127.0.0.1','内网IP','{\"author\":\"江屿\",\"categoryId\":1,\"content\":\"<p>快科技7月24日消息，据工信部官网公告，近日，工信部、公安部、市场监管总局、国家消防救援局联合印发《关于强化电动自行车强制性国家标准实施加快新产品供应的意见》。</p><p>其中明确，《电动自行车安全技术规范》（GB 17761—2024，以下简称《技术规范》）是电动自行车标准体系的核心，也就是近期备受关注的新国标。</p><p>新国标明确规定电动自行车最高设计车速不得超过25km/h，并要求超过25km/h时电动机自动停止动力输出，可有效遏制超速行驶带来的安全隐患。</p><p class=\\\"ql-align-center\\\"><img src=\\\"https://img1.mydrivers.com/img/20250724/b88c3b4e-888b-4956-a46b-b1c4d2a16a6c.png\\\" alt=\\\"工信部：12月1日起 所有销售电动自行车车必须符合新国标\\\"></p><p>该标准将于9月1日正式实施，设定了两个实施时间，其中生产环节实施时间是2025年9月1日，销售环节实施时间是2025年12月1日。</p><p>9月1日后，对于生产企业，所有新生产的电动自行车都必须符合新标准要求。</p><p>但是2025年9月1日之前按照旧标准生产的车辆可以继续销售至2025年11月30日，2025年12月1日起，所有销售的电动自行车必须符合新标准。</p><p>因此，对于经销商，12月1日前可继续销售按照旧标准生产的车辆，但鼓励消费者从即日起就优先购买安全性更高、实用性更好的新标准车辆，减少身边的安全隐患。</p><p class=\\\"ql-align-center\\\"><img src=\\\"https://img1.mydrivers.com/img/20250724/993d5490-7e8d-4b78-9804-daa14dd24999.jpg\\\" alt=\\\"工信部：12月1日起 所有销售电动自行车车必须符合新国标\\\"></p><p>很多人都非常疑惑，自己的旧国标车辆还能不能正常上路，需不需要换新款。</p><p>专家对此表示：消费者已经购买的不符合新标准的车辆不会被强制淘汰。</p><p>新国标具体变化如下：</p><p>强化了非金属材料防火阻燃要求；</p><p>明确了电动自行车使用塑料的总质量不应超过整车质量的5.5%；</p><p>增加了电动机低速运行转矩等要求；</p><p>完善了电池组、控制器、限速器的防篡改要求；</p><p>提升了制动性能要求；</p><p>将使用铅酸蓄电池的电动自行车整车质量上限由55kg提升到63kg；</p><p>新增了企业质量保证能力和产品一致性要求；</p><p>要求电动自行车具备北斗定位、通信与动态安全监测功能；</p><p>不再强制要求所有车型均安装脚踏骑行装置；</p><p>明确了电动自行车鼓励安装后视镜。</p><p><br></p>\",\"createTime\":\"2025-07-24 11:26:14\",\"id\":32,\"params\":{},\"title\":\"工信部：12月1日起 所有销售电动自行车必须符合新国标\"}','{\"msg\":\"操作成功\",\"code\":200}',0,NULL,'2025-07-24 11:26:14',25),(234,'博客文章',2,'com.ruoyi.system.controller.BlogArticleController.edit()','PUT',1,'admin','研发部门','/system/article','127.0.0.1','内网IP','{\"author\":\"江屿\",\"categoryId\":1,\"content\":\"<p>快科技7月24日消息，据工信部官网公告，近日，工信部、公安部、市场监管总局、国家消防救援局联合印发《关于强化电动自行车强制性国家标准实施加快新产品供应的意见》。</p><p>其中明确，《电动自行车安全技术规范》（GB 17761—2024，以下简称《技术规范》）是电动自行车标准体系的核心，也就是近期备受关注的新国标。</p><p>新国标明确规定电动自行车最高设计车速不得超过25km/h，并要求超过25km/h时电动机自动停止动力输出，可有效遏制超速行驶带来的安全隐患。</p><p class=\\\"ql-align-center\\\"><img src=\\\"https://img1.mydrivers.com/img/20250724/b88c3b4e-888b-4956-a46b-b1c4d2a16a6c.png\\\" alt=\\\"工信部：12月1日起 所有销售电动自行车车必须符合新国标\\\"></p><p>该标准将于9月1日正式实施，设定了两个实施时间，其中生产环节实施时间是2025年9月1日，销售环节实施时间是2025年12月1日。</p><p>9月1日后，对于生产企业，所有新生产的电动自行车都必须符合新标准要求。</p><p>但是2025年9月1日之前按照旧标准生产的车辆可以继续销售至2025年11月30日，2025年12月1日起，所有销售的电动自行车必须符合新标准。</p><p>因此，对于经销商，12月1日前可继续销售按照旧标准生产的车辆，但鼓励消费者从即日起就优先购买安全性更高、实用性更好的新标准车辆，减少身边的安全隐患。</p><p class=\\\"ql-align-center\\\"><img src=\\\"https://img1.mydrivers.com/img/20250724/993d5490-7e8d-4b78-9804-daa14dd24999.jpg\\\" alt=\\\"工信部：12月1日起 所有销售电动自行车车必须符合新国标\\\"></p><p>很多人都非常疑惑，自己的旧国标车辆还能不能正常上路，需不需要换新款。</p><p>专家对此表示：消费者已经购买的不符合新标准的车辆不会被强制淘汰。</p><p>新国标具体变化如下：</p><p>强化了非金属材料防火阻燃要求；</p><p>明确了电动自行车使用塑料的总质量不应超过整车质量的5.5%；</p><p>增加了电动机低速运行转矩等要求；</p><p>完善了电池组、控制器、限速器的防篡改要求；</p><p>提升了制动性能要求；</p><p>将使用铅酸蓄电池的电动自行车整车质量上限由55kg提升到63kg；</p><p>新增了企业质量保证能力和产品一致性要求；</p><p>要求电动自行车具备北斗定位、通信与动态安全监测功能；</p><p>不再强制要求所有车型均安装脚踏骑行装置；</p><p>明确了电动自行车鼓励安装后视镜。</p>\",\"coverUrl\":\"/profile/upload/2025/07/24/2023tbh_20250724112640A001.jpg\",\"createTime\":\"2025-07-24 11:26:14\",\"id\":32,\"params\":{},\"title\":\"工信部：12月1日起 所有销售电动自行车必须符合新国标\",\"updateTime\":\"2025-07-24 11:26:52\"}','{\"msg\":\"操作成功\",\"code\":200}',0,NULL,'2025-07-24 11:26:52',14),(235,'博客文章',2,'com.ruoyi.system.controller.BlogArticleController.edit()','PUT',1,'admin','研发部门','/system/article','127.0.0.1','内网IP','{\"author\":\"江屿\",\"content\":\"<h2><span style=\\\"color: rgb(28, 29, 31); background-color: rgb(255, 255, 255);\\\">核心功能与特色</span></h2><h3><br></h3><h3><strong style=\\\"color: rgb(28, 29, 31); background-color: rgb(255, 255, 255);\\\">1. 智能对话系统</strong></h3><ol><li data-list=\\\"bullet\\\"><span class=\\\"ql-ui\\\" contenteditable=\\\"false\\\"></span><br></li><li data-list=\\\"bullet\\\"><span class=\\\"ql-ui\\\" contenteditable=\\\"false\\\"></span><strong style=\\\"color: rgb(28, 29, 31); background-color: rgb(255, 255, 255);\\\">多模型对比</strong><span style=\\\"color: rgb(28, 29, 31); background-color: rgb(255, 255, 255);\\\">：支持同时连接 ChatGPT 4o/Claude 3.5/DeepSeek 等先进模型，自由切换体验不同 AI 风格</span></li><li data-list=\\\"bullet\\\"><span class=\\\"ql-ui\\\" contenteditable=\\\"false\\\"></span><br></li><li data-list=\\\"bullet\\\"><span class=\\\"ql-ui\\\" contenteditable=\\\"false\\\"></span><strong style=\\\"color: rgb(28, 29, 31); background-color: rgb(255, 255, 255);\\\">上下文记忆</strong><span style=\\\"color: rgb(28, 29, 31); background-color: rgb(255, 255, 255);\\\">：自动保存完整对话历史，支持 Markdown/HTML/TXT 多种格式导出</span></li><li data-list=\\\"bullet\\\"><span class=\\\"ql-ui\\\" contenteditable=\\\"false\\\"></span><br></li><li data-list=\\\"bullet\\\"><span class=\\\"ql-ui\\\" contenteditable=\\\"false\\\"></span><strong style=\\\"color: rgb(28, 29, 31); background-color: rgb(255, 255, 255);\\\">个性化设置</strong><span style=\\\"color: rgb(28, 29, 31); background-color: rgb(255, 255, 255);\\\">：可自定义温度、最大 token 等参数，精准控制 AI 输出</span></li></ol><h3><br></h3><h3><strong style=\\\"color: rgb(28, 29, 31); background-color: rgb(255, 255, 255);\\\">2. 生产力增强套件</strong></h3><ol><li data-list=\\\"bullet\\\"><span class=\\\"ql-ui\\\" contenteditable=\\\"false\\\"></span><br></li><li data-list=\\\"bullet\\\"><span class=\\\"ql-ui\\\" contenteditable=\\\"false\\\"></span><strong style=\\\"color: rgb(28, 29, 31); background-color: rgb(255, 255, 255);\\\">文件理解</strong><span style=\\\"color: rgb(28, 29, 31); background-color: rgb(255, 255, 255);\\\">：直接解析PDF/Word/Excel/图片中的内容</span></li><li data-list=\\\"bullet\\\"><span class=\\\"ql-ui\\\" conten','{\"msg\":\"操作成功\",\"code\":200}',0,NULL,'2025-07-24 11:29:10',12),(236,'个人信息',2,'com.ruoyi.web.controller.system.SysProfileController.updateProfile()','PUT',1,'admin','研发部门','/system/user/profile','127.0.0.1','内网IP','{\"admin\":false,\"email\":\"bdzppc@126.com\",\"nickName\":\"江屿\",\"params\":{},\"phonenumber\":\"15809172201\",\"sex\":\"0\"}','{\"msg\":\"操作成功\",\"code\":200}',0,NULL,'2025-07-24 11:29:40',11),(237,'用户头像',2,'com.ruoyi.web.controller.system.SysProfileController.avatar()','POST',1,'admin','研发部门','/system/user/profile/avatar','127.0.0.1','内网IP','','{\"msg\":\"操作成功\",\"imgUrl\":\"/profile/avatar/2025/07/24/ffe515d55bf140beb36bfad34dad50ce.jpg\",\"code\":200}',0,NULL,'2025-07-24 11:30:38',12),(238,'个人信息',2,'com.ruoyi.web.controller.system.SysProfileController.updateProfile()','PUT',1,'admin','研发部门','/system/user/profile','127.0.0.1','内网IP','{\"admin\":false,\"email\":\"bdzppc@126.com\",\"nickName\":\"江屿\",\"params\":{},\"phonenumber\":\"15809172201\",\"sex\":\"0\"}','{\"msg\":\"操作成功\",\"code\":200}',0,NULL,'2025-07-24 11:30:40',10),(239,'博客文章',1,'com.ruoyi.system.controller.BlogArticleController.add()','POST',1,'admin','研发部门','/system/article','127.0.0.1','内网IP','{\"author\":\"江屿\",\"categoryId\":1,\"content\":\"<p class=\\\"ql-align-center\\\">来源：宝鸡市发展和改革委员会发布时间：2025-06-03 09:27</p><p class=\\\"ql-align-center\\\">分享：</p><p class=\\\"ql-align-center\\\"><br></p><p>\\t</p><p>\\t为了充分体现公开、公平、公正，进一步加强和规范财政专项扶贫资金使用与管理，提高资金使用精准度和效益，接受社会各界监督，根据《陕西省财政衔接推进乡村振兴补助资金管理办法》要求，现将2025年第二批省级财政以工代赈任务计划下达情况予以公告。注：下达我市省级财政以工代赈资金300万元。</p><p>\\t公告时限：长期公开，接受社会监督</p><p> 监督举报电话：12317 0917-3260346 （市发展改革委）</p><p>\\t0917-3262111（市财政局）&nbsp;&nbsp;&nbsp;0917-3261772&nbsp;（市农业农村局）</p><p>\\t联系邮箱：baojiquyuke@163.com</p><p>\\t办公地址：行政中心1号楼554室</p><p>\\t<a href=\\\"http://fgw.baoji.gov.cn/col4059/col4072/202506/P020250603349215495469.pdf\\\" rel=\\\"noopener noreferrer\\\" target=\\\"_blank\\\" style=\\\"background-color: transparent; color: rgb(11, 119, 205);\\\">附件：关于下达2025年第二批省级财政以工代赈任务计划的通知(宝发改投资发〔2025〕330号)</a></p><p><a href=\\\"http://fgw.baoji.gov.cn/col4059/col4072/202506/P020250603349215495469.pdf\\\" rel=\\\"noopener noreferrer\\\" target=\\\"_blank\\\" style=\\\"background-color: transparent; color: rgb(11, 119, 205);\\\">\\t</a></p><p><a href=\\\"http://fgw.baoji.gov.cn/col4059/col4072/202506/P020250603349215495469.pdf\\\" rel=\\\"noopener noreferrer\\\" target=\\\"_blank\\\" style=\\\"background-color: transparent; color: rgb(11, 119, 205);\\\">\\t</a></p><p><a href=\\\"http://fgw.baoji.gov.cn/col4059/col4072/202506/P020250603349215495469.pdf\\\" rel=\\\"noopener noreferrer\\\" target=\\\"_blank\\\" style=\\\"background-color: transparent; color: rgb(11, 119, 205);\\\">\\t&nbsp;&nbsp;&nbsp;&nbsp;&nbsp;宝鸡发展和改革委员会</a></p><p><a href=\\\"http://fgw.baoji.gov.cn/col4059/col4072/202506/P020250603349215495469.pdf\\\" rel=\\\"noopener noreferrer\\\" target=\\\"_blank\\\" style=\\\"background-color: transparent; color: rgb(11, 119, 205);\\\">\\t&nbsp;&nbsp;&nbsp;&nbsp;2025年6月3日</a></p><p><a href=\\\"http://fgw.baoji.gov.cn/col4059/col4072/202506/P020250603349215495469.pdf\\\" rel=\\\"noopener noreferrer\\\" target=\\\"_blank\\\" style=\\\"background-color: transparent; color: rgb(11, 119, 205);\\\"><br></a></p>\",\"coverUrl\":\"/profile/upload/2025/07/28/科技新城推介_20250728153144A001.pn','{\"msg\":\"操作成功\",\"code\":200}',0,NULL,'2025-07-28 15:31:50',24),(240,'博客文章',2,'com.ruoyi.system.controller.BlogArticleController.edit()','PUT',1,'admin','研发部门','/system/article','127.0.0.1','内网IP','{\"author\":\"江屿\",\"categoryId\":1,\"content\":\"<p>快科技7月24日消息，据工信部官网公告，近日，工信部、公安部、市场监管总局、国家消防救援局联合印发《关于强化电动自行车强制性国家标准实施加快新产品供应的意见》。</p><p>其中明确，《电动自行车安全技术规范》（GB 17761—2024，以下简称《技术规范》）是电动自行车标准体系的核心，也就是近期备受关注的新国标。</p><p>新国标明确规定电动自行车最高设计车速不得超过25km/h，并要求超过25km/h时电动机自动停止动力输出，可有效遏制超速行驶带来的安全隐患。</p><p class=\\\"ql-align-center\\\"><img src=\\\"https://img1.mydrivers.com/img/20250724/b88c3b4e-888b-4956-a46b-b1c4d2a16a6c.png\\\" alt=\\\"工信部：12月1日起 所有销售电动自行车车必须符合新国标\\\"></p><p>该标准将于9月1日正式实施，设定了两个实施时间，其中生产环节实施时间是2025年9月1日，销售环节实施时间是2025年12月1日。</p><p>9月1日后，对于生产企业，所有新生产的电动自行车都必须符合新标准要求。</p><p>但是2025年9月1日之前按照旧标准生产的车辆可以继续销售至2025年11月30日，2025年12月1日起，所有销售的电动自行车必须符合新标准。</p><p>因此，对于经销商，12月1日前可继续销售按照旧标准生产的车辆，但鼓励消费者从即日起就优先购买安全性更高、实用性更好的新标准车辆，减少身边的安全隐患。</p><p class=\\\"ql-align-center\\\"><img src=\\\"https://img1.mydrivers.com/img/20250724/993d5490-7e8d-4b78-9804-daa14dd24999.jpg\\\" alt=\\\"工信部：12月1日起 所有销售电动自行车车必须符合新国标\\\"></p><p>很多人都非常疑惑，自己的旧国标车辆还能不能正常上路，需不需要换新款。</p><p>专家对此表示：消费者已经购买的不符合新标准的车辆不会被强制淘汰。</p><p>新国标具体变化如下：</p><p>强化了非金属材料防火阻燃要求；</p><p>明确了电动自行车使用塑料的总质量不应超过整车质量的5.5%；</p><p>增加了电动机低速运行转矩等要求；</p><p>完善了电池组、控制器、限速器的防篡改要求；</p><p>提升了制动性能要求；</p><p>将使用铅酸蓄电池的电动自行车整车质量上限由55kg提升到63kg；</p><p>新增了企业质量保证能力和产品一致性要求；</p><p>要求电动自行车具备北斗定位、通信与动态安全监测功能；</p><p>不再强制要求所有车型均安装脚踏骑行装置；</p><p>明确了电动自行车鼓励安装后视镜。</p>\",\"coverUrl\":\"/profile/upload/2025/07/28/2022高企培训3_20250728163811A001.png\",\"createTime\":\"2025-07-24 11:26:14\",\"id\":32,\"params\":{},\"title\":\"工信部：12月1日起 所有销售电动自行车必须符合新国标\",\"updateTime\":\"2025-07-28 16:38:14\"}','{\"msg\":\"操作成功\",\"code\":200}',0,NULL,'2025-07-28 16:38:14',34),(241,'博客文章',2,'com.ruoyi.system.controller.BlogArticleController.edit()','PUT',1,'admin','研发部门','/system/article','127.0.0.1','内网IP','{\"author\":\"江屿\",\"content\":\"<h2><span style=\\\"background-color: rgb(255, 255, 255); color: rgb(28, 29, 31);\\\">核心功能与特色</span></h2><h3><br></h3><h3><strong style=\\\"background-color: rgb(255, 255, 255); color: rgb(28, 29, 31);\\\">1. 智能对话系统</strong></h3><ol><li data-list=\\\"bullet\\\"><span class=\\\"ql-ui\\\" contenteditable=\\\"false\\\"></span><br></li><li data-list=\\\"bullet\\\"><span class=\\\"ql-ui\\\" contenteditable=\\\"false\\\"></span><strong style=\\\"background-color: rgb(255, 255, 255); color: rgb(28, 29, 31);\\\">多模型对比</strong><span style=\\\"background-color: rgb(255, 255, 255); color: rgb(28, 29, 31);\\\">：支持同时连接 ChatGPT 4o/Claude 3.5/DeepSeek 等先进模型，自由切换体验不同 AI 风格</span></li><li data-list=\\\"bullet\\\"><span class=\\\"ql-ui\\\" contenteditable=\\\"false\\\"></span><br></li><li data-list=\\\"bullet\\\"><span class=\\\"ql-ui\\\" contenteditable=\\\"false\\\"></span><strong style=\\\"background-color: rgb(255, 255, 255); color: rgb(28, 29, 31);\\\">上下文记忆</strong><span style=\\\"background-color: rgb(255, 255, 255); color: rgb(28, 29, 31);\\\">：自动保存完整对话历史，支持 Markdown/HTML/TXT 多种格式导出</span></li><li data-list=\\\"bullet\\\"><span class=\\\"ql-ui\\\" contenteditable=\\\"false\\\"></span><br></li><li data-list=\\\"bullet\\\"><span class=\\\"ql-ui\\\" contenteditable=\\\"false\\\"></span><strong style=\\\"background-color: rgb(255, 255, 255); color: rgb(28, 29, 31);\\\">个性化设置</strong><span style=\\\"background-color: rgb(255, 255, 255); color: rgb(28, 29, 31);\\\">：可自定义温度、最大 token 等参数，精准控制 AI 输出</span></li></ol><h3><br></h3><h3><strong style=\\\"background-color: rgb(255, 255, 255); color: rgb(28, 29, 31);\\\">2. 生产力增强套件</strong></h3><ol><li data-list=\\\"bullet\\\"><span class=\\\"ql-ui\\\" contenteditable=\\\"false\\\"></span><br></li><li data-list=\\\"bullet\\\"><span class=\\\"ql-ui\\\" contenteditable=\\\"false\\\"></span><strong style=\\\"background-color: rgb(255, 255, 255); color: rgb(28, 29, 31);\\\">文件理解</strong><span style=\\\"background-color: rgb(255, 255, 255); color: rgb(28, 29, 31);\\\">：直接解析PDF/Word/Excel/图片中的内容</span></li><li data-list=\\\"bullet\\\"><span class=\\\"ql-ui\\\" conten','{\"msg\":\"操作成功\",\"code\":200}',0,NULL,'2025-07-28 16:38:39',14),(242,'博客文章',2,'com.ruoyi.system.controller.BlogArticleController.edit()','PUT',1,'admin','研发部门','/system/article','127.0.0.1','内网IP','{\"author\":\"江屿\",\"content\":\"<p><span style=\\\"color: rgb(28, 29, 31); background-color: rgb(255, 255, 255);\\\">现在有越来越多的开源模型，可以让你在自己的电脑或服务器上运行。使用本地模型有许多优势：</span></p><ol><li data-list=\\\"bullet\\\"><span class=\\\"ql-ui\\\" contenteditable=\\\"false\\\"></span><br></li><li data-list=\\\"bullet\\\"><span class=\\\"ql-ui\\\" contenteditable=\\\"false\\\"></span><span style=\\\"color: rgb(28, 29, 31); background-color: rgb(255, 255, 255);\\\">完全离线运行，保护隐私数据安全</span></li><li data-list=\\\"bullet\\\"><span class=\\\"ql-ui\\\" contenteditable=\\\"false\\\"></span><br></li><li data-list=\\\"bullet\\\"><span class=\\\"ql-ui\\\" contenteditable=\\\"false\\\"></span><span style=\\\"color: rgb(28, 29, 31); background-color: rgb(255, 255, 255);\\\">无需支付在线 API 费用</span></li><li data-list=\\\"bullet\\\"><span class=\\\"ql-ui\\\" contenteditable=\\\"false\\\"></span><br></li><li data-list=\\\"bullet\\\"><span class=\\\"ql-ui\\\" contenteditable=\\\"false\\\"></span><span style=\\\"color: rgb(28, 29, 31); background-color: rgb(255, 255, 255);\\\">完全离线，服务稳定，无网络延迟</span></li><li data-list=\\\"bullet\\\"><span class=\\\"ql-ui\\\" contenteditable=\\\"false\\\"></span><br></li><li data-list=\\\"bullet\\\"><span class=\\\"ql-ui\\\" contenteditable=\\\"false\\\"></span><span style=\\\"color: rgb(28, 29, 31); background-color: rgb(255, 255, 255);\\\">可以自由调整和定制模型参数</span></li></ol><p><span style=\\\"color: rgb(28, 29, 31); background-color: rgb(255, 255, 255);\\\">Chatbox 可以很好地连接到 Ollama 服务，让你在使用本地模型时可以获取 Chatbox 提供的更多强大功能，比如 Artifact Preview、文件解析、会话话题管理、Prompt 管理等。</span></p><p><span style=\\\"color: rgb(28, 29, 31); background-color: rgb(255, 255, 255);\\\">（注意：运行本地模型对你的电脑配置有一定要求，包括内存、GPU 等。如果出现卡顿，请尝试降低模型参数。）</span></p>\",\"coverUrl\":\"/profile/upload/2025/07/28/1621491196702576_20250728164802A001.jpg\",\"createTime\":\"2025-07-24 10:52:06\",\"id\":30,\"params\":{},\"title\":\"如何将 chatbox 连接到远程 ollama 服务：逐步指南\",\"updateTime\":\"2025-07-28 16:48:05\"}','{\"msg\":\"操作成功\",\"code\":200}',0,NULL,'2025-07-28 16:48:05',27),(243,'博客文章',2,'com.ruoyi.system.controller.BlogArticleController.edit()','PUT',1,'admin','研发部门','/system/article','127.0.0.1','内网IP','{\"author\":\"江屿\",\"content\":\"<p>vivo和OPPO紧随其后，排在第4位的是小米</p>\",\"coverUrl\":\"/profile/upload/2025/07/28/金融咨讯 (2)._20250728164923A002.png\",\"createTime\":\"2025-07-18 23:03:44\",\"id\":25,\"params\":{},\"title\":\"vivo和oppo紧随其后，4位的是小米\",\"updateTime\":\"2025-07-28 16:49:26\"}','{\"msg\":\"操作成功\",\"code\":200}',0,NULL,'2025-07-28 16:49:26',10),(244,'博客文章',2,'com.ruoyi.system.controller.BlogArticleController.edit()','PUT',1,'admin','研发部门','/system/article','127.0.0.1','内网IP','{\"author\":\"江屿\",\"categoryId\":1,\"content\":\"<p>快科技7月24日消息，据工信部官网公告，近日，工信部、公安部、市场监管总局、国家消防救援局联合印发《关于强化电动自行车强制性国家标准实施加快新产品供应的意见》。</p><p>其中明确，《电动自行车安全技术规范》（GB 17761—2024，以下简称《技术规范》）是电动自行车标准体系的核心，也就是近期备受关注的新国标。</p><p>新国标明确规定电动自行车最高设计车速不得超过25km/h，并要求超过25km/h时电动机自动停止动力输出，可有效遏制超速行驶带来的安全隐患。</p><p class=\\\"ql-align-center\\\"><img src=\\\"https://img1.mydrivers.com/img/20250724/b88c3b4e-888b-4956-a46b-b1c4d2a16a6c.png\\\" alt=\\\"工信部：12月1日起 所有销售电动自行车车必须符合新国标\\\"></p><p>该标准将于9月1日正式实施，设定了两个实施时间，其中生产环节实施时间是2025年9月1日，销售环节实施时间是2025年12月1日。</p><p>9月1日后，对于生产企业，所有新生产的电动自行车都必须符合新标准要求。</p><p>但是2025年9月1日之前按照旧标准生产的车辆可以继续销售至2025年11月30日，2025年12月1日起，所有销售的电动自行车必须符合新标准。</p><p>因此，对于经销商，12月1日前可继续销售按照旧标准生产的车辆，但鼓励消费者从即日起就优先购买安全性更高、实用性更好的新标准车辆，减少身边的安全隐患。</p><p class=\\\"ql-align-center\\\"><img src=\\\"https://img1.mydrivers.com/img/20250724/993d5490-7e8d-4b78-9804-daa14dd24999.jpg\\\" alt=\\\"工信部：12月1日起 所有销售电动自行车车必须符合新国标\\\"></p><p>很多人都非常疑惑，自己的旧国标车辆还能不能正常上路，需不需要换新款。</p><p>专家对此表示：消费者已经购买的不符合新标准的车辆不会被强制淘汰。</p><p>新国标具体变化如下：</p><p>强化了非金属材料防火阻燃要求；</p><p>明确了电动自行车使用塑料的总质量不应超过整车质量的5.5%；</p><p>增加了电动机低速运行转矩等要求；</p><p>完善了电池组、控制器、限速器的防篡改要求；</p><p>提升了制动性能要求；</p><p>将使用铅酸蓄电池的电动自行车整车质量上限由55kg提升到63kg；</p><p>新增了企业质量保证能力和产品一致性要求；</p><p>要求电动自行车具备北斗定位、通信与动态安全监测功能；</p><p>不再强制要求所有车型均安装脚踏骑行装置；</p><p>明确了电动自行车鼓励安装后视镜。</p>\",\"coverUrl\":\"\",\"createTime\":\"2025-07-24 11:26:14\",\"id\":32,\"params\":{},\"title\":\"工信部：12月1日起 所有销售电动自行车必须符合新国标\",\"updateTime\":\"2025-07-28 16:50:33\"}','{\"msg\":\"操作成功\",\"code\":200}',0,NULL,'2025-07-28 16:50:33',11),(245,'菜单管理',3,'com.ruoyi.web.controller.system.SysMenuController.remove()','DELETE',1,'admin','研发部门','/system/menu/4','127.0.0.1','内网IP','4','{\"msg\":\"菜单已分配,不允许删除\",\"code\":601}',0,NULL,'2025-07-28 16:55:45',80),(246,'菜单管理',2,'com.ruoyi.web.controller.system.SysMenuController.edit()','PUT',1,'admin','研发部门','/system/menu','127.0.0.1','内网IP','{\"children\":[],\"createTime\":\"2025-07-18 18:58:46\",\"icon\":\"guide\",\"isCache\":\"0\",\"isFrame\":\"0\",\"menuId\":4,\"menuName\":\"若依官网\",\"menuType\":\"M\",\"orderNum\":4,\"params\":{},\"parentId\":0,\"path\":\"http://ruoyi.vip\",\"perms\":\"\",\"query\":\"\",\"routeName\":\"\",\"status\":\"1\",\"updateBy\":\"admin\",\"visible\":\"0\"}','{\"msg\":\"操作成功\",\"code\":200}',0,NULL,'2025-07-28 16:55:58',16),(247,'菜单管理',3,'com.ruoyi.web.controller.system.SysMenuController.remove()','DELETE',1,'admin','研发部门','/system/menu/4','127.0.0.1','内网IP','4','{\"msg\":\"菜单已分配,不允许删除\",\"code\":601}',0,NULL,'2025-07-28 16:56:03',4),(248,'博客文章',2,'com.ruoyi.system.controller.BlogArticleController.edit()','PUT',1,'admin','研发部门','/system/article','127.0.0.1','内网IP','{\"author\":\"江屿\",\"content\":\"<h2><span style=\\\"background-color: rgb(255, 255, 255); color: rgb(28, 29, 31);\\\">核心功能与特色</span></h2><h3><br></h3><h3><strong style=\\\"background-color: rgb(255, 255, 255); color: rgb(28, 29, 31);\\\">1. 智能对话系统</strong></h3><ol><li data-list=\\\"bullet\\\"><span class=\\\"ql-ui\\\" contenteditable=\\\"false\\\"></span><br></li><li data-list=\\\"bullet\\\"><span class=\\\"ql-ui\\\" contenteditable=\\\"false\\\"></span><strong style=\\\"background-color: rgb(255, 255, 255); color: rgb(28, 29, 31);\\\">多模型对比</strong><span style=\\\"background-color: rgb(255, 255, 255); color: rgb(28, 29, 31);\\\">：支持同时连接 ChatGPT 4o/Claude 3.5/DeepSeek 等先进模型，自由切换体验不同 AI 风格</span></li><li data-list=\\\"bullet\\\"><span class=\\\"ql-ui\\\" contenteditable=\\\"false\\\"></span><br></li><li data-list=\\\"bullet\\\"><span class=\\\"ql-ui\\\" contenteditable=\\\"false\\\"></span><strong style=\\\"background-color: rgb(255, 255, 255); color: rgb(28, 29, 31);\\\">上下文记忆</strong><span style=\\\"background-color: rgb(255, 255, 255); color: rgb(28, 29, 31);\\\">：自动保存完整对话历史，支持 Markdown/HTML/TXT 多种格式导出</span></li><li data-list=\\\"bullet\\\"><span class=\\\"ql-ui\\\" contenteditable=\\\"false\\\"></span><br></li><li data-list=\\\"bullet\\\"><span class=\\\"ql-ui\\\" contenteditable=\\\"false\\\"></span><strong style=\\\"background-color: rgb(255, 255, 255); color: rgb(28, 29, 31);\\\">个性化设置</strong><span style=\\\"background-color: rgb(255, 255, 255); color: rgb(28, 29, 31);\\\">：可自定义温度、最大 token 等参数，精准控制 AI 输出</span></li></ol><h3><br></h3><h3><strong style=\\\"background-color: rgb(255, 255, 255); color: rgb(28, 29, 31);\\\">2. 生产力增强套件</strong></h3><ol><li data-list=\\\"bullet\\\"><span class=\\\"ql-ui\\\" contenteditable=\\\"false\\\"></span><br></li><li data-list=\\\"bullet\\\"><span class=\\\"ql-ui\\\" contenteditable=\\\"false\\\"></span><strong style=\\\"background-color: rgb(255, 255, 255); color: rgb(28, 29, 31);\\\">文件理解</strong><span style=\\\"background-color: rgb(255, 255, 255); color: rgb(28, 29, 31);\\\">：直接解析PDF/Word/Excel/图片中的内容</span></li><li data-list=\\\"bullet\\\"><span class=\\\"ql-ui\\\" conten','{\"msg\":\"操作成功\",\"code\":200}',0,NULL,'2025-07-28 17:03:14',22),(249,'博客文章',3,'com.ruoyi.system.controller.BlogArticleController.remove()','DELETE',1,'admin','研发部门','/system/article/28','127.0.0.1','内网IP','[28]','{\"msg\":\"操作成功\",\"code\":200}',0,NULL,'2025-07-28 17:03:44',10),(250,'博客文章',3,'com.ruoyi.system.controller.BlogArticleController.remove()','DELETE',1,'admin','研发部门','/system/article/23','127.0.0.1','内网IP','[23]','{\"msg\":\"操作成功\",\"code\":200}',0,NULL,'2025-07-28 17:03:48',6),(251,'博客文章',1,'com.ruoyi.system.controller.BlogArticleController.add()','POST',1,'admin','研发部门','/system/article','127.0.0.1','内网IP','{\"author\":\"江屿\",\"categoryId\":1,\"content\":\"<p>test111111</p>\",\"coverUrl\":\"/profile/upload/2025/07/28/金融咨讯 (2)._20250728170427A003.png\",\"createTime\":\"2025-07-28 17:04:33\",\"id\":34,\"isRecommend\":0,\"isTop\":0,\"params\":{},\"title\":\"test111111\"}','{\"msg\":\"操作成功\",\"code\":200}',0,NULL,'2025-07-28 17:04:33',11),(252,'博客文章',2,'com.ruoyi.system.controller.BlogArticleController.edit()','PUT',1,'admin','研发部门','/system/article','127.0.0.1','内网IP','{\"author\":\"江屿\",\"content\":\"<p>vivo和OPPO紧随其后，排在第4位的是小米</p>\",\"coverUrl\":\"/profile/upload/2025/07/29/金融咨讯 (2)._20250729093140A001.png\",\"createTime\":\"2025-07-18 23:03:44\",\"id\":25,\"params\":{},\"title\":\"vivo和oppo紧随其后，4位的是小米\",\"updateTime\":\"2025-07-29 09:31:44\"}','{\"msg\":\"操作成功\",\"code\":200}',0,NULL,'2025-07-29 09:31:44',34),(253,'博客文章',3,'com.ruoyi.system.controller.BlogArticleController.remove()','DELETE',1,'admin','研发部门','/system/article/34','127.0.0.1','内网IP','[34]','{\"msg\":\"操作成功\",\"code\":200}',0,NULL,'2025-08-12 09:41:48',10),(254,'用户头像',2,'com.ruoyi.web.controller.system.SysProfileController.avatar()','POST',1,'admin','研发部门','/system/user/profile/avatar','127.0.0.1','内网IP','',NULL,1,'文件[OIP.jfif]后缀[jfif]不正确，请上传[bmp, gif, jpg, jpeg, png]格式','2025-08-12 10:18:26',10),(255,'用户头像',2,'com.ruoyi.web.controller.system.SysProfileController.avatar()','POST',1,'admin','研发部门','/system/user/profile/avatar','127.0.0.1','内网IP','','{\"msg\":\"操作成功\",\"imgUrl\":\"/profile/avatar/2025/08/13/ea9fb05b677f4d7fab6414099b977d46.png\",\"code\":200}',0,NULL,'2025-08-13 15:52:27',59),(256,'个人信息',2,'com.ruoyi.web.controller.system.SysProfileController.updateProfile()','PUT',1,'admin','研发部门','/system/user/profile','127.0.0.1','内网IP','{\"admin\":false,\"email\":\"bdzppc@126.com\",\"nickName\":\"江屿\",\"params\":{},\"phonenumber\":\"15809172201\",\"sex\":\"0\"}','{\"msg\":\"操作成功\",\"code\":200}',0,NULL,'2025-08-13 15:52:29',13),(257,'个人信息',2,'com.ruoyi.web.controller.system.SysProfileController.updateProfile()','PUT',1,'admin','研发部门','/system/user/profile','127.0.0.1','内网IP','{\"admin\":false,\"email\":\"bdzppc@126.com\",\"nickName\":\"江屿\",\"params\":{},\"phonenumber\":\"15809172201\",\"sex\":\"0\"}','{\"msg\":\"操作成功\",\"code\":200}',0,NULL,'2025-08-13 15:52:42',10),(258,'博客文章',2,'com.ruoyi.system.controller.BlogArticleController.edit()','PUT',1,'admin','研发部门','/system/article','127.0.0.1','内网IP','{\"author\":\"江屿\",\"content\":\"<p>vivo和OPPO紧随其后，排在第4位的是小米</p>\",\"coverUrl\":\"/profile/upload/2025/08/13/baoti_20250813155849A001.jpg\",\"createTime\":\"2025-07-18 23:03:44\",\"id\":25,\"params\":{},\"title\":\"vivo和oppo紧随其后，4位的是小米\",\"updateTime\":\"2025-08-13 15:58:51\"}','{\"msg\":\"操作成功\",\"code\":200}',0,NULL,'2025-08-13 15:58:51',17),(259,'博客文章',2,'com.ruoyi.system.controller.BlogArticleController.edit()','PUT',1,'admin','研发部门','/system/article','127.0.0.1','内网IP','{\"author\":\"江屿\",\"content\":\"<p>vivo和OPPO紧随其后，排在第4位的是小米</p>\",\"coverUrl\":\"/profile/upload/2025/08/13/baoti_20250813155849A001.jpg\",\"createTime\":\"2025-07-18 23:03:44\",\"id\":25,\"params\":{},\"status\":1,\"title\":\"vivo和oppo紧随其后，4位的是小米\",\"updateTime\":\"2025-08-13 15:59:04\"}','{\"msg\":\"操作成功\",\"code\":200}',0,NULL,'2025-08-13 15:59:04',7),(260,'博客文章',2,'com.ruoyi.system.controller.BlogArticleController.edit()','PUT',1,'admin','研发部门','/system/article','127.0.0.1','内网IP','{\"author\":\"江屿\",\"content\":\"<p>vivo和OPPO紧随其后，排在第4位的是小米</p>\",\"coverUrl\":\"/profile/upload/2025/08/13/baoti_20250813155849A001.jpg\",\"createTime\":\"2025-07-18 23:03:44\",\"id\":25,\"params\":{},\"status\":1,\"title\":\"vivo和oppo紧随其后，4位的是小米\",\"updateTime\":\"2025-08-13 15:59:10\"}','{\"msg\":\"操作成功\",\"code\":200}',0,NULL,'2025-08-13 15:59:10',8),(261,'博客文章',2,'com.ruoyi.system.controller.BlogArticleController.edit()','PUT',1,'admin','研发部门','/system/article','127.0.0.1','内网IP','{\"author\":\"江屿\",\"content\":\"<p>vivo和OPPO紧随其后，排在第4位的是小米</p>\",\"coverUrl\":\"/profile/upload/2025/08/13/baoti_20250813155849A001.jpg\",\"createTime\":\"2025-07-18 23:03:44\",\"id\":25,\"params\":{},\"status\":1,\"title\":\"vivo和oppo紧随其后，4位的是小米\",\"updateTime\":\"2025-08-13 15:59:53\"}','{\"msg\":\"操作成功\",\"code\":200}',0,NULL,'2025-08-13 15:59:53',6),(262,'菜单管理',3,'com.ruoyi.web.controller.system.SysMenuController.remove()','DELETE',1,'admin','研发部门','/system/menu/4','127.0.0.1','内网IP','4','{\"msg\":\"菜单已分配,不允许删除\",\"code\":601}',0,NULL,'2025-08-13 16:00:38',13),(263,'菜单管理',3,'com.ruoyi.web.controller.system.SysMenuController.remove()','DELETE',1,'admin','研发部门','/system/menu/4','127.0.0.1','内网IP','4','{\"msg\":\"菜单已分配,不允许删除\",\"code\":601}',0,NULL,'2025-08-13 16:00:42',2),(264,'菜单管理',2,'com.ruoyi.web.controller.system.SysMenuController.edit()','PUT',1,'admin','研发部门','/system/menu','127.0.0.1','内网IP','{\"children\":[],\"createTime\":\"2025-07-18 18:58:46\",\"icon\":\"system\",\"isCache\":\"0\",\"isFrame\":\"1\",\"menuId\":1,\"menuName\":\"系统管理\",\"menuType\":\"M\",\"orderNum\":20,\"params\":{},\"parentId\":0,\"path\":\"system\",\"perms\":\"\",\"query\":\"\",\"routeName\":\"\",\"status\":\"0\",\"updateBy\":\"admin\",\"visible\":\"0\"}','{\"msg\":\"操作成功\",\"code\":200}',0,NULL,'2025-08-13 16:02:10',11),(265,'菜单管理',3,'com.ruoyi.web.controller.system.SysMenuController.remove()','DELETE',1,'admin','研发部门','/system/menu/4','127.0.0.1','内网IP','4','{\"msg\":\"菜单已分配,不允许删除\",\"code\":601}',0,NULL,'2025-08-13 16:03:38',4),(266,'菜单管理',2,'com.ruoyi.web.controller.system.SysMenuController.edit()','PUT',1,'admin','研发部门','/system/menu','127.0.0.1','内网IP','{\"children\":[],\"createTime\":\"2025-07-18 18:58:46\",\"icon\":\"guide\",\"isCache\":\"0\",\"isFrame\":\"0\",\"menuId\":4,\"menuName\":\"若依官网\",\"menuType\":\"F\",\"orderNum\":4,\"params\":{},\"parentId\":0,\"path\":\"http://ruoyi.vip\",\"perms\":\"\",\"query\":\"\",\"routeName\":\"\",\"status\":\"1\",\"updateBy\":\"admin\",\"visible\":\"0\"}','{\"msg\":\"操作成功\",\"code\":200}',0,NULL,'2025-08-13 16:03:47',7),(267,'菜单管理',3,'com.ruoyi.web.controller.system.SysMenuController.remove()','DELETE',1,'admin','研发部门','/system/menu/4','127.0.0.1','内网IP','4','{\"msg\":\"菜单已分配,不允许删除\",\"code\":601}',0,NULL,'2025-08-13 16:03:50',3),(268,'菜单管理',2,'com.ruoyi.web.controller.system.SysMenuController.edit()','PUT',1,'admin','研发部门','/system/menu','127.0.0.1','内网IP','{\"children\":[],\"createTime\":\"2025-07-18 18:58:46\",\"icon\":\"tool\",\"isCache\":\"0\",\"isFrame\":\"1\",\"menuId\":3,\"menuName\":\"系统工具\",\"menuType\":\"M\",\"orderNum\":20,\"params\":{},\"parentId\":0,\"path\":\"tool\",\"perms\":\"\",\"query\":\"\",\"routeName\":\"\",\"status\":\"0\",\"updateBy\":\"admin\",\"visible\":\"0\"}','{\"msg\":\"操作成功\",\"code\":200}',0,NULL,'2025-08-13 16:04:09',6),(269,'菜单管理',2,'com.ruoyi.web.controller.system.SysMenuController.edit()','PUT',1,'admin','研发部门','/system/menu','127.0.0.1','内网IP','{\"children\":[],\"createTime\":\"2025-07-18 18:58:46\",\"icon\":\"monitor\",\"isCache\":\"0\",\"isFrame\":\"1\",\"menuId\":2,\"menuName\":\"系统监控\",\"menuType\":\"M\",\"orderNum\":20,\"params\":{},\"parentId\":0,\"path\":\"monitor\",\"perms\":\"\",\"query\":\"\",\"routeName\":\"\",\"status\":\"0\",\"updateBy\":\"admin\",\"visible\":\"0\"}','{\"msg\":\"操作成功\",\"code\":200}',0,NULL,'2025-08-13 16:04:19',6),(270,'菜单管理',2,'com.ruoyi.web.controller.system.SysMenuController.edit()','PUT',1,'admin','研发部门','/system/menu','127.0.0.1','内网IP','{\"children\":[],\"createTime\":\"2025-07-18 18:58:46\",\"icon\":\"system\",\"isCache\":\"0\",\"isFrame\":\"1\",\"menuId\":1,\"menuName\":\"系统管理\",\"menuType\":\"M\",\"orderNum\":50,\"params\":{},\"parentId\":0,\"path\":\"system\",\"perms\":\"\",\"query\":\"\",\"routeName\":\"\",\"status\":\"0\",\"updateBy\":\"admin\",\"visible\":\"0\"}','{\"msg\":\"操作成功\",\"code\":200}',0,NULL,'2025-08-13 16:04:27',7),(271,'菜单管理',2,'com.ruoyi.web.controller.system.SysMenuController.edit()','PUT',1,'admin','研发部门','/system/menu','127.0.0.1','内网IP','{\"children\":[],\"createTime\":\"2025-07-18 18:58:46\",\"icon\":\"monitor\",\"isCache\":\"0\",\"isFrame\":\"1\",\"menuId\":2,\"menuName\":\"系统监控\",\"menuType\":\"M\",\"orderNum\":40,\"params\":{},\"parentId\":0,\"path\":\"monitor\",\"perms\":\"\",\"query\":\"\",\"routeName\":\"\",\"status\":\"0\",\"updateBy\":\"admin\",\"visible\":\"0\"}','{\"msg\":\"操作成功\",\"code\":200}',0,NULL,'2025-08-13 16:04:34',7),(272,'菜单管理',3,'com.ruoyi.web.controller.system.SysMenuController.remove()','DELETE',1,'admin','研发部门','/system/menu/4','127.0.0.1','内网IP','4','{\"msg\":\"菜单已分配,不允许删除\",\"code\":601}',0,NULL,'2025-08-13 16:06:19',3),(273,'菜单管理',2,'com.ruoyi.web.controller.system.SysMenuController.edit()','PUT',1,'admin','研发部门','/system/menu','127.0.0.1','内网IP','{\"children\":[],\"createTime\":\"2025-07-18 18:58:46\",\"icon\":\"guide\",\"isCache\":\"0\",\"isFrame\":\"0\",\"menuId\":4,\"menuName\":\"若依官网\",\"menuType\":\"F\",\"orderNum\":4,\"params\":{},\"parentId\":0,\"path\":\"http://ruoyi.vip\",\"perms\":\"\",\"query\":\"\",\"routeName\":\"\",\"status\":\"1\",\"updateBy\":\"admin\",\"visible\":\"0\"}','{\"msg\":\"操作成功\",\"code\":200}',0,NULL,'2025-08-13 16:06:36',7),(274,'菜单管理',3,'com.ruoyi.web.controller.system.SysMenuController.remove()','DELETE',1,'admin','研发部门','/system/menu/4','127.0.0.1','内网IP','4','{\"msg\":\"菜单已分配,不允许删除\",\"code\":601}',0,NULL,'2025-08-13 16:06:49',5),(275,'菜单管理',3,'com.ruoyi.web.controller.system.SysMenuController.remove()','DELETE',1,'admin','研发部门','/system/menu/4','127.0.0.1','内网IP','4','{\"msg\":\"菜单已分配,不允许删除\",\"code\":601}',0,NULL,'2025-08-13 16:07:50',3),(276,'博客文章',1,'com.ruoyi.system.controller.BlogArticleController.add()','POST',1,'admin','研发部门','/system/article','127.0.0.1','内网IP','{\"author\":\"江屿\",\"content\":\"<p><span style=\\\"background-color: rgb(255, 255, 255); color: rgb(51, 51, 51);\\\">我国也将根据日内瓦联合声明的商定，采取或者维持必要措施，暂停或取消针对美国的非关税反制措施。</span></p><p><strong style=\\\"background-color: rgb(255, 255, 255); color: rgb(255, 0, 0);\\\">声明原文如下：</strong></p><p><span style=\\\"background-color: rgb(255, 255, 255); color: rgb(51, 51, 51);\\\">中华人民共和国政府（“中国”）和美利坚合众国政府（“美国”），</span></p><p><span style=\\\"background-color: rgb(255, 255, 255); color: rgb(51, 51, 51);\\\">忆及2025年5月12日达成的中美日内瓦经贸会谈联合声明（“日内瓦联合声明”）；</span></p><p><span style=\\\"background-color: rgb(255, 255, 255); color: rgb(51, 51, 51);\\\">以及考虑到双方2025年6月9至10日伦敦会谈和2025年7月28至29日斯德哥尔摩会谈；</span></p><p><span style=\\\"background-color: rgb(255, 255, 255); color: rgb(51, 51, 51);\\\">双方忆及日内瓦联合声明下所作承诺，并同意于2025年8月12日前采取以下举措：</span></p><p><span style=\\\"background-color: rgb(255, 255, 255); color: rgb(51, 51, 51);\\\">一、美国将继续修改2025年4月2日第14257号行政令中规定的对中国商品（包括香港特别行政区和澳门特别行政区商品）加征从价关税的实施，</span><strong style=\\\"background-color: rgb(255, 255, 255); color: rgb(51, 51, 51);\\\">自2025年8月12日起再次暂停实施24%的关税90天，同时保留按该行政令规定对这些商品加征的剩余10%的关税。</strong></p><p><span style=\\\"background-color: rgb(255, 255, 255); color: rgb(51, 51, 51);\\\">二、中国将继续（一）修改税委会公告2025年第4号规定的对美国商品加征的从价关税的实施，</span><strong style=\\\"background-color: rgb(255, 255, 255); color: rgb(51, 51, 51);\\\">自2025年8月12日起再次暂停实施24%的关税90天，同时保留对这些商品加征的剩余10%的关税；</strong><span style=\\\"background-color: rgb(255, 255, 255); color: rgb(51, 51, 51);\\\">并（二）根据日内瓦联合声明的商定，采取或者维持必要措施，暂停或取消针对美国的非关税反制措施。</span></p><p><span style=\\\"background-color: rgb(255, 255, 255); color: rgb(51, 51, 51);\\\">本联合声明基于中美斯德哥尔摩经贸会谈讨论情况。本次会谈是根据日内瓦联合声明所建立的机制框架下召开的会议。中方代表是国务院副总理何立峰，美方代表是财政部长斯科特·贝森特和美国贸易代表贾米森·格里尔。</span></p><p><br></p>\",\"createTime\":\"2025-08-14 16:15:33\",\"id\":35,\"isRecommend\":0,\"isTop\":0,\"params\":{},\"status\":1,\"title\":\"中美联合声明：再次暂停实施24%的关税90天\"}','{\"msg\":\"操作成功\",\"code\":200}',0,NULL,'2025-08-14 16:15:33',18),(277,'博客文章',2,'com.ruoyi.system.controller.BlogArticleController.edit()','PUT',1,'admin','研发部门','/system/article','127.0.0.1','内网IP','{\"author\":\"江屿\",\"content\":\"<p><span style=\\\"background-color: rgb(255, 255, 255); color: rgb(51, 51, 51);\\\">我国也将根据日内瓦联合声明的商定，采取或者维持必要措施，暂停或取消针对美国的非关税反制措施。</span></p><p><strong style=\\\"background-color: rgb(255, 255, 255); color: rgb(255, 0, 0);\\\">声明原文如下：</strong></p><p><span style=\\\"background-color: rgb(255, 255, 255); color: rgb(51, 51, 51);\\\">中华人民共和国政府（“中国”）和美利坚合众国政府（“美国”），</span></p><p><span style=\\\"background-color: rgb(255, 255, 255); color: rgb(51, 51, 51);\\\">忆及2025年5月12日达成的中美日内瓦经贸会谈联合声明（“日内瓦联合声明”）；</span></p><p><span style=\\\"background-color: rgb(255, 255, 255); color: rgb(51, 51, 51);\\\">以及考虑到双方2025年6月9至10日伦敦会谈和2025年7月28至29日斯德哥尔摩会谈；</span></p><p><span style=\\\"background-color: rgb(255, 255, 255); color: rgb(51, 51, 51);\\\">双方忆及日内瓦联合声明下所作承诺，并同意于2025年8月12日前采取以下举措：</span></p><p><span style=\\\"background-color: rgb(255, 255, 255); color: rgb(51, 51, 51);\\\">一、美国将继续修改2025年4月2日第14257号行政令中规定的对中国商品（包括香港特别行政区和澳门特别行政区商品）加征从价关税的实施，</span><strong style=\\\"background-color: rgb(255, 255, 255); color: rgb(51, 51, 51);\\\">自2025年8月12日起再次暂停实施24%的关税90天，同时保留按该行政令规定对这些商品加征的剩余10%的关税。</strong></p><p><span style=\\\"background-color: rgb(255, 255, 255); color: rgb(51, 51, 51);\\\">二、中国将继续（一）修改税委会公告2025年第4号规定的对美国商品加征的从价关税的实施，</span><strong style=\\\"background-color: rgb(255, 255, 255); color: rgb(51, 51, 51);\\\">自2025年8月12日起再次暂停实施24%的关税90天，同时保留对这些商品加征的剩余10%的关税；</strong><span style=\\\"background-color: rgb(255, 255, 255); color: rgb(51, 51, 51);\\\">并（二）根据日内瓦联合声明的商定，采取或者维持必要措施，暂停或取消针对美国的非关税反制措施。</span></p><p><span style=\\\"background-color: rgb(255, 255, 255); color: rgb(51, 51, 51);\\\">本联合声明基于中美斯德哥尔摩经贸会谈讨论情况。本次会谈是根据日内瓦联合声明所建立的机制框架下召开的会议。中方代表是国务院副总理何立峰，美方代表是财政部长斯科特·贝森特和美国贸易代表贾米森·格里尔。</span></p><p><br></p>\",\"createTime\":\"2025-08-14 16:15:34\",\"id\":35,\"isRecommend\":0,\"isTop\":0,\"params\":{},\"status\":1,\"title\":\"中美联合声明：再次暂停实施24%的关税90天\",\"updateTime\":\"2025-08-14 16:15:40\"}','{\"msg\":\"操作成功\",\"code\":200}',0,NULL,'2025-08-14 16:15:40',11),(278,'博客文章',2,'com.ruoyi.system.controller.BlogArticleController.edit()','PUT',1,'admin','研发部门','/system/article','127.0.0.1','内网IP','{\"author\":\"江屿\",\"content\":\"<p><span style=\\\"color: rgb(28, 29, 31); background-color: rgb(255, 255, 255);\\\">现在有越来越多的开源模型，可以让你在自己的电脑或服务器上运行。使用本地模型有许多优势：</span></p><ol><li data-list=\\\"bullet\\\"><span class=\\\"ql-ui\\\" contenteditable=\\\"false\\\"></span><br></li><li data-list=\\\"bullet\\\"><span class=\\\"ql-ui\\\" contenteditable=\\\"false\\\"></span><span style=\\\"color: rgb(28, 29, 31); background-color: rgb(255, 255, 255);\\\">完全离线运行，保护隐私数据安全</span></li><li data-list=\\\"bullet\\\"><span class=\\\"ql-ui\\\" contenteditable=\\\"false\\\"></span><br></li><li data-list=\\\"bullet\\\"><span class=\\\"ql-ui\\\" contenteditable=\\\"false\\\"></span><span style=\\\"color: rgb(28, 29, 31); background-color: rgb(255, 255, 255);\\\">无需支付在线 API 费用</span></li><li data-list=\\\"bullet\\\"><span class=\\\"ql-ui\\\" contenteditable=\\\"false\\\"></span><br></li><li data-list=\\\"bullet\\\"><span class=\\\"ql-ui\\\" contenteditable=\\\"false\\\"></span><span style=\\\"color: rgb(28, 29, 31); background-color: rgb(255, 255, 255);\\\">完全离线，服务稳定，无网络延迟</span></li><li data-list=\\\"bullet\\\"><span class=\\\"ql-ui\\\" contenteditable=\\\"false\\\"></span><br></li><li data-list=\\\"bullet\\\"><span class=\\\"ql-ui\\\" contenteditable=\\\"false\\\"></span><span style=\\\"color: rgb(28, 29, 31); background-color: rgb(255, 255, 255);\\\">可以自由调整和定制模型参数</span></li></ol><p><span style=\\\"color: rgb(28, 29, 31); background-color: rgb(255, 255, 255);\\\">Chatbox 可以很好地连接到 Ollama 服务，让你在使用本地模型时可以获取 Chatbox 提供的更多强大功能，比如 Artifact Preview、文件解析、会话话题管理、Prompt 管理等。</span></p><p><span style=\\\"color: rgb(28, 29, 31); background-color: rgb(255, 255, 255);\\\">（注意：运行本地模型对你的电脑配置有一定要求，包括内存、GPU 等。如果出现卡顿，请尝试降低模型参数。）</span></p>\",\"coverUrl\":\"/profile/upload/2025/08/14/fst_20250814161950A001.jpg\",\"createTime\":\"2025-07-24 10:52:06\",\"id\":30,\"params\":{},\"status\":1,\"title\":\"如何将 chatbox 连接到远程 ollama 服务：逐步指南\",\"updateTime\":\"2025-08-14 16:19:54\"}','{\"msg\":\"操作成功\",\"code\":200}',0,NULL,'2025-08-14 16:19:54',18),(279,'用户头像',2,'com.ruoyi.web.controller.system.SysProfileController.avatar()','POST',1,'admin','研发部门','/system/user/profile/avatar','127.0.0.1','内网IP','',NULL,1,'/home/ruoyi/uploadPath/avatar/2025/08/26/059975f9836149dd9fab9546d8224347.jpg','2025-08-26 15:20:39',55),(280,'用户头像',2,'com.ruoyi.web.controller.system.SysProfileController.avatar()','POST',1,'admin','研发部门','/system/user/profile/avatar','127.0.0.1','内网IP','',NULL,1,'/home/ruoyi/uploadPath/avatar/2025/08/26/eb818239076b4338b5eff8c581ab4424.jpg','2025-08-26 15:20:41',1),(281,'用户头像',2,'com.ruoyi.web.controller.system.SysProfileController.avatar()','POST',1,'admin','研发部门','/system/user/profile/avatar','127.0.0.1','内网IP','',NULL,1,'/home/ruoyi/uploadPath/avatar/2025/08/26/72aa8e13a8fc46b386f3160e2eff5657.jpg','2025-08-26 15:21:00',0),(282,'用户头像',2,'com.ruoyi.web.controller.system.SysProfileController.avatar()','POST',1,'admin','研发部门','/system/user/profile/avatar','127.0.0.1','内网IP','',NULL,1,'/home/ruoyi/uploadPath/avatar/2025/08/26/a991b9f429334223aa0d9af56c200a6c.jpg','2025-08-26 15:35:17',43),(283,'菜单管理',2,'com.ruoyi.web.controller.system.SysMenuController.edit()','PUT',1,'admin','研发部门','/system/menu','127.0.0.1','内网IP','{\"children\":[],\"component\":\"system/tag/index\",\"createTime\":\"2025-08-26 15:33:03\",\"icon\":\"tab\",\"isCache\":\"0\",\"isFrame\":\"1\",\"menuId\":2009,\"menuName\":\"标签管理\",\"menuType\":\"C\",\"orderNum\":3,\"params\":{},\"parentId\":2007,\"path\":\"tag\",\"perms\":\"system:tag:list\",\"routeName\":\"\",\"status\":\"0\",\"updateBy\":\"admin\",\"visible\":\"0\"}','{\"msg\":\"操作成功\",\"code\":200}',0,NULL,'2025-08-26 15:36:12',18),(284,'菜单管理',3,'com.ruoyi.web.controller.system.SysMenuController.remove()','DELETE',1,'admin','研发部门','/system/menu/4','127.0.0.1','内网IP','4','{\"msg\":\"菜单已分配,不允许删除\",\"code\":601}',0,NULL,'2025-08-26 15:36:42',6),(285,'博客文章',1,'com.ruoyi.system.controller.BlogArticleController.add()','POST',1,'admin','研发部门','/system/article','127.0.0.1','内网IP','{\"author\":\"江屿\",\"content\":\"在全球经济加速数字化的浪潮中，企业面临着前所未有的机遇和挑战。如何在复杂多变的市场环境中保持竞争优势，已成为每个企业领导者必须直面的核心问题。商业模式的创新不仅是企业应对数字化挑战的有效策略，更是驱动持续增长和价值创造的关键动力。本文将深入解读TOGAF®（The Open Group Architecture Framework）标准中关于商业模式的核心内容，探讨企业如何通过企业架构的方法，实现数字化时代的商业模式创新与落地。&lt;img src=\\\"https:\",\"createTime\":\"2025-08-26 16:02:34\",\"id\":36,\"isRecommend\":0,\"isTop\":0,\"params\":{},\"status\":1,\"title\":\"数字化转型下的商业模式创新：深度解读togaf标准在企业架构实践\"}','{\"msg\":\"操作成功\",\"code\":200}',0,NULL,'2025-08-26 16:02:34',93),(286,'博客文章',1,'com.ruoyi.system.controller.BlogArticleController.add()','POST',1,'admin','研发部门','/system/article','127.0.0.1','内网IP','{\"author\":\"江屿\",\"categoryId\":1,\"commentCount\":0,\"content\":\"PHA+PHNwYW4gc3R5bGU9ImJhY2tncm91bmQtY29sb3I6IHJnYigyNTUsIDI1NSwgMjU1KTsgY29sb3I6IHJnYigyMiwgMjIsIDIyKTsiPumAgueUqOS6jiBMaW51eCDnmoQgV2luZG93cyDlrZDns7vnu5/vvIhXU0zvvInlhYHorrjlvIDlj5HkurrlkZjnm7TmjqXlnKggV2luZG93cyDkuIrov5DooYwgR05VL0xpbnV4IOeOr+Wig++8iOWMheaLrOWkp+WkmuaVsOWRveS7pOihjOW3peWFt+OAgeWunueUqOW3peWFt+WSjOW6lOeUqOeoi+W6j++8ie+8jOaXoOmcgOS8oOe7n+iZmuaLn+acuuaIluWPjOWQr+WKqOiuvue9rueahOW8gOmUgOOAgjwvc3Bhbj48L3A+PHA+PGEgaHJlZj0iaHR0cHM6Ly9sZWFybi5taWNyb3NvZnQuY29tL3poLWNuL3dpbmRvd3Mvd3NsL2luc3RhbGwiIHJlbD0ibm9vcGVuZXIgbm9yZWZlcnJlciIgdGFyZ2V0PSJfYmxhbmsiIHN0eWxlPSJiYWNrZ3JvdW5kLWNvbG9yOiByZ2JhKDAsIDAsIDAsIDApOyBjb2xvcjogcmdiKDAsIDEwMSwgMTc5KTsiPuWuieijhSBXU0w8L2E+PC9wPjxoMj48c3BhbiBzdHlsZT0iYmFja2dyb3VuZC1jb2xvcjogcmdiKDI1NSwgMjU1LCAyNTUpOyBjb2xvcjogcmdiKDIyLCAyMiwgMjIpOyI+5LqG6Kej6K+m57uG5L+h5oGvPC9zcGFuPjwvaDI+PG9sPjxsaSBkYXRhLWxpc3Q9ImJ1bGxldCI+PHNwYW4gY2xhc3M9InFsLXVpIiBjb250ZW50ZWRpdGFibGU9ImZhbHNlIj48L3NwYW4+PGEgaHJlZj0iaHR0cHM6Ly9sZWFybi5taWNyb3NvZnQuY29tL3poLWNuL3dpbmRvd3Mvd3NsL2Fib3V0IiByZWw9Im5vb3BlbmVyIG5vcmVmZXJyZXIiIHRhcmdldD0iX2JsYW5rIiBzdHlsZT0iYmFja2dyb3VuZC1jb2xvcjogcmdiYSgwLCAwLCAwLCAwKTsgY29sb3I6IHJnYigwLCAxMDEsIDE3OSk7Ij7ku4DkuYjmmK/pgILnlKjkuo4gTGludXgg55qEIFdpbmRvd3Mg5a2Q57O757uf77yIV1NM77yJ77yfPC9hPjwvbGk+PGxpIGRhdGEtbGlzdD0iYnVsbGV0Ij48c3BhbiBjbGFzcz0icWwtdWkiIGNvbnRlbnRlZGl0YWJsZT0iZmFsc2UiPjwvc3Bhbj48YSBocmVmPSJodHRwczovL2Jsb2dzLndpbmRvd3MuY29tL3dpbmRvd3NkZXZlbG9wZXIvMjAyNS8wNS8xOS90aGUtd2luZG93cy1zdWJzeXN0ZW0tZm9yLWxpbnV4LWlzLW5vdy1vcGVuLXNvdXJjZS8iIHJlbD0ibm9vcGVuZXIgbm9yZWZlcnJlciIgdGFyZ2V0PSJfYmxhbmsiIHN0eWxlPSJiYWNrZ3JvdW5kLWNvbG9yOiByZ2JhKDAsIDAsIDAsIDApOyBjb2xvcjogcmdiKDAsIDEwMSwgMTc5KTsiPumAgueUqOS6jiBMaW51eCDnmoQgV2luZG93cyDlrZDns7vnu5/njrDlt7LlvIDmlL7mupDku6PnoIE8L2E+PC9saT48bGkgZGF0YS1saXN0PSJidWxsZXQiPjxzcGFuIGNsYXNzPSJxbC11aSIgY29udGVudGVkaXRhYmxlPSJmYWxzZSI+PC9zcGFuPjxhIGhyZWY9Imh0dHBzOi8vbGVhcm4ubWljcm9zb2Z0LmNvbS96aC1jbi93aW5kb3dzL3dzbC9jb21wYXJlLXZlcnNpb25zI3','{\"msg\":\"操作成功\",\"code\":200}',0,NULL,'2025-08-26 17:37:30',34),(287,'博客文章',2,'com.ruoyi.system.controller.BlogArticleController.edit()','PUT',1,'admin','研发部门','/system/article','127.0.0.1','内网IP','{\"author\":\"江屿\",\"categoryId\":1,\"commentCount\":0,\"content\":\"PHA+UEhBK1BITndZVzRnYzNSNWJHVTlJbUpoWTJ0bmNtOTFibVF0WTI5c2IzSTZJSEpuWWlneU5UVXNJREkxTlN3Z01qVTFLVHNnWTI5c2IzSTZJSEpuWWlneU1pd2dNaklzSURJeUtUc2lQdW1BZ3VlVXFPUzZqaUJNYVc1MWVDRG5tb1FnVjJsdVpHOTNjeURsclpEbnM3dm51NS92dkloWFUwenZ2SW5saFlIb3Jyamx2SURsajVIa3VycmxrWmpubTdUbWpxWGxuS2dnVjJsdVpHOTNjeURrdUlyb3Y1RG9vWXdnUjA1VkwweHBiblY0SU9lT3IrV2lnKys4aU9XTWhlYUxyT1drcCtXa211YVZzT1dSdmVTN3BPaWhqT1czcGVXRnQrT0FnZVd1bnVlVXFPVzNwZVdGdCtXU2pPVzZsT2VVcU9lb2krVzZqKys4aWUrOGpPYVhvT21jZ09TOG9PZTduK2labXVhTG4rYWN1dWFJbHVXUGpPV1FyK1dLcU9pdXZ1ZTlydWVhaE9XOGdPbVVnT09BZ2p3dmMzQmhiajQ4TDNBK1BIQStQR0VnYUhKbFpqMGlhSFIwY0hNNkx5OXNaV0Z5Ymk1dGFXTnliM052Wm5RdVkyOXRMM3BvTFdOdUwzZHBibVJ2ZDNNdmQzTnNMMmx1YzNSaGJHd2lJSEpsYkQwaWJtOXZjR1Z1WlhJZ2JtOXlaV1psY25KbGNpSWdkR0Z5WjJWMFBTSmZZbXhoYm1zaUlITjBlV3hsUFNKaVlXTnJaM0p2ZFc1a0xXTnZiRzl5T2lCeVoySmhLREFzSURBc0lEQXNJREFwT3lCamIyeHZjam9nY21kaUtEQXNJREV3TVN3Z01UYzVLVHNpUHVXdWllaWpoU0JYVTB3OEwyRStQQzl3UGp4b01qNDhjM0JoYmlCemRIbHNaVDBpWW1GamEyZHliM1Z1WkMxamIyeHZjam9nY21kaUtESTFOU3dnTWpVMUxDQXlOVFVwT3lCamIyeHZjam9nY21kaUtESXlMQ0F5TWl3Z01qSXBPeUkrNUxxRzZLZWo2SyttNTd1RzVMK2g1b0d2UEM5emNHRnVQand2YURJK1BHOXNQanhzYVNCa1lYUmhMV3hwYzNROUltSjFiR3hsZENJK1BITndZVzRnWTJ4aGMzTTlJbkZzTFhWcElpQmpiMjUwWlc1MFpXUnBkR0ZpYkdVOUltWmhiSE5sSWo0OEwzTndZVzQrUEdFZ2FISmxaajBpYUhSMGNITTZMeTlzWldGeWJpNXRhV055YjNOdlpuUXVZMjl0TDNwb0xXTnVMM2RwYm1SdmQzTXZkM05zTDJGaWIzVjBJaUJ5Wld3OUltNXZiM0JsYm1WeUlHNXZjbVZtWlhKeVpYSWlJSFJoY21kbGREMGlYMkpzWVc1cklpQnpkSGxzWlQwaVltRmphMmR5YjNWdVpDMWpiMnh2Y2pvZ2NtZGlZU2d3TENBd0xDQXdMQ0F3S1RzZ1kyOXNiM0k2SUhKbllpZ3dMQ0F4TURFc0lERTNPU2s3SWo3a3U0RGt1WWptbUsvcGdJTG5sS2prdW80Z1RHbHVkWGdnNTVxRUlGZHBibVJ2ZDNNZzVhMlE1N083NTd1Zjc3eUlWMU5NNzd5Sjc3eWZQQzloUGp3dmJHaytQR3hwSUdSaGRHRXRiR2x6ZEQwaVluVnNiR1YwSWo0OGMzQmhiaUJqYkdGemN6MGljV3d0ZFdraUlHTnZiblJsYm5SbFpHbDBZV0pzWlQwaVptRnNjMlVpUGp3dmMzQmhiajQ4WVNCb2NtVm1QU0pvZEhSd2N6b3ZMMkpzYjJkekxuZHBibVJ2ZDNNdVkyOXRMM2RwYm1SdmQzTmtaWFpsYkc5d1pYSXZNakF5TlM4d05TOHhPUzkwYUdVdGQybHVaRzkzY3','{\"msg\":\"操作成功\",\"code\":200}',0,NULL,'2025-08-26 17:38:28',34),(288,'博客文章',1,'com.ruoyi.system.controller.BlogArticleController.add()','POST',1,'admin','研发部门','/system/article','127.0.0.1','内网IP','{\"author\":\"江屿\",\"categoryId\":1,\"commentCount\":0,\"content\":\"PHA+6YCC55So5LqOIExpbnV4IOeahCBXaW5kb3dzIOWtkOezu+e7n++8iFdTTO+8ieWFgeiuuOW8gOWPkeS6uuWRmOebtOaOpeWcqCBXaW5kb3dzIOS4iui/kOihjCBHTlUvTGludXgg546v5aKD77yI5YyF5ous5aSn5aSa5pWw5ZG95Luk6KGM5bel5YW344CB5a6e55So5bel5YW35ZKM5bqU55So56iL5bqP77yJ77yM5peg6ZyA5Lyg57uf6Jma5ouf5py65oiW5Y+M5ZCv5Yqo6K6+572u55qE5byA6ZSA44CCPC9wPjxwPjxhIGhyZWY9Imh0dHBzOi8vbGVhcm4ubWljcm9zb2Z0LmNvbS96aC1jbi93aW5kb3dzL3dzbC9pbnN0YWxsIiByZWw9Im5vb3BlbmVyIG5vcmVmZXJyZXIiIHRhcmdldD0iX2JsYW5rIiBzdHlsZT0iYmFja2dyb3VuZC1jb2xvcjogcmdiYSgwLCAwLCAwLCAwKTsgY29sb3I6IHJnYigwLCAxMDEsIDE3OSk7Ij7lronoo4UgV1NMPC9hPjwvcD48aDI+5LqG6Kej6K+m57uG5L+h5oGvPC9oMj48b2w+PGxpIGRhdGEtbGlzdD0iYnVsbGV0Ij48c3BhbiBjbGFzcz0icWwtdWkiIGNvbnRlbnRlZGl0YWJsZT0iZmFsc2UiPjwvc3Bhbj48YSBocmVmPSJodHRwczovL2xlYXJuLm1pY3Jvc29mdC5jb20vemgtY24vd2luZG93cy93c2wvYWJvdXQiIHJlbD0ibm9vcGVuZXIgbm9yZWZlcnJlciIgdGFyZ2V0PSJfYmxhbmsiIHN0eWxlPSJiYWNrZ3JvdW5kLWNvbG9yOiByZ2JhKDAsIDAsIDAsIDApOyBjb2xvcjogcmdiKDAsIDEwMSwgMTc5KTsiPuS7gOS5iOaYr+mAgueUqOS6jiBMaW51eCDnmoQgV2luZG93cyDlrZDns7vnu5/vvIhXU0zvvInvvJ88L2E+PC9saT48bGkgZGF0YS1saXN0PSJidWxsZXQiPjxzcGFuIGNsYXNzPSJxbC11aSIgY29udGVudGVkaXRhYmxlPSJmYWxzZSI+PC9zcGFuPjxhIGhyZWY9Imh0dHBzOi8vYmxvZ3Mud2luZG93cy5jb20vd2luZG93c2RldmVsb3Blci8yMDI1LzA1LzE5L3RoZS13aW5kb3dzLXN1YnN5c3RlbS1mb3ItbGludXgtaXMtbm93LW9wZW4tc291cmNlLyIgcmVsPSJub29wZW5lciBub3JlZmVycmVyIiB0YXJnZXQ9Il9ibGFuayIgc3R5bGU9ImJhY2tncm91bmQtY29sb3I6IHJnYmEoMCwgMCwgMCwgMCk7IGNvbG9yOiByZ2IoMCwgMTAxLCAxNzkpOyI+6YCC55So5LqOIExpbnV4IOeahCBXaW5kb3dzIOWtkOezu+e7n+eOsOW3suW8gOaUvua6kOS7o+eggTwvYT48L2xpPjxsaSBkYXRhLWxpc3Q9ImJ1bGxldCI+PHNwYW4gY2xhc3M9InFsLXVpIiBjb250ZW50ZWRpdGFibGU9ImZhbHNlIj48L3NwYW4+PGEgaHJlZj0iaHR0cHM6Ly9sZWFybi5taWNyb3NvZnQuY29tL3poLWNuL3dpbmRvd3Mvd3NsL2NvbXBhcmUtdmVyc2lvbnMjd2hhdHMtbmV3LWluLXdzbC0yIiByZWw9Im5vb3BlbmVyIG5vcmVmZXJyZXIiIHRhcmdldD0iX2JsYW5rIiBzdHlsZT0iYmFja2dyb3VuZC1jb2xvcjogcmdiYSgwLCAwLCAwLCAwKTsgY29sb3I6IHJnYigwLCAxMDEsIDE3OSk7Ij5XU0wgMiDnmoTmlrDlop7lip/og73mnInlk6rkupvvvJ88L2','{\"msg\":\"操作成功\",\"code\":200}',0,NULL,'2025-08-26 17:46:35',24),(289,'博客文章',1,'com.ruoyi.system.controller.BlogArticleController.add()','POST',1,'admin','研发部门','/system/article','127.0.0.1','内网IP','{\"categoryId\":1,\"commentCount\":0,\"content\":\"PHA+6YCC55So5LqOIExpbnV4IOeahCBXaW5kb3dzIOWtkOezu+e7n++8iFdTTO+8ieWFgeiuuOW8gOWPkeS6uuWRmOebtOaOpeWcqCBXaW5kb3dzIOS4iui/kOihjCBHTlUvTGludXgg546v5aKD77yI5YyF5ous5aSn5aSa5pWw5ZG95Luk6KGM5bel5YW344CB5a6e55So5bel5YW35ZKM5bqU55So56iL5bqP77yJ77yM5peg6ZyA5Lyg57uf6Jma5ouf5py65oiW5Y+M5ZCv5Yqo6K6+572u55qE5byA6ZSA44CCPC9wPjxwPjxhIGhyZWY9Imh0dHBzOi8vbGVhcm4ubWljcm9zb2Z0LmNvbS96aC1jbi93aW5kb3dzL3dzbC9pbnN0YWxsIiByZWw9Im5vb3BlbmVyIG5vcmVmZXJyZXIiIHRhcmdldD0iX2JsYW5rIiBzdHlsZT0iYmFja2dyb3VuZC1jb2xvcjogcmdiYSgwLCAwLCAwLCAwKTsgY29sb3I6IHJnYigwLCAxMDEsIDE3OSk7Ij7lronoo4UgV1NMPC9hPjwvcD48aDI+5LqG6Kej6K+m57uG5L+h5oGvPC9oMj48b2w+PGxpIGRhdGEtbGlzdD0iYnVsbGV0Ij48c3BhbiBjbGFzcz0icWwtdWkiIGNvbnRlbnRlZGl0YWJsZT0iZmFsc2UiPjwvc3Bhbj48YSBocmVmPSJodHRwczovL2xlYXJuLm1pY3Jvc29mdC5jb20vemgtY24vd2luZG93cy93c2wvYWJvdXQiIHJlbD0ibm9vcGVuZXIgbm9yZWZlcnJlciIgdGFyZ2V0PSJfYmxhbmsiIHN0eWxlPSJiYWNrZ3JvdW5kLWNvbG9yOiByZ2JhKDAsIDAsIDAsIDApOyBjb2xvcjogcmdiKDAsIDEwMSwgMTc5KTsiPuS7gOS5iOaYr+mAgueUqOS6jiBMaW51eCDnmoQgV2luZG93cyDlrZDns7vnu5/vvIhXU0zvvInvvJ88L2E+PC9saT48bGkgZGF0YS1saXN0PSJidWxsZXQiPjxzcGFuIGNsYXNzPSJxbC11aSIgY29udGVudGVkaXRhYmxlPSJmYWxzZSI+PC9zcGFuPjxhIGhyZWY9Imh0dHBzOi8vYmxvZ3Mud2luZG93cy5jb20vd2luZG93c2RldmVsb3Blci8yMDI1LzA1LzE5L3RoZS13aW5kb3dzLXN1YnN5c3RlbS1mb3ItbGludXgtaXMtbm93LW9wZW4tc291cmNlLyIgcmVsPSJub29wZW5lciBub3JlZmVycmVyIiB0YXJnZXQ9Il9ibGFuayIgc3R5bGU9ImJhY2tncm91bmQtY29sb3I6IHJnYmEoMCwgMCwgMCwgMCk7IGNvbG9yOiByZ2IoMCwgMTAxLCAxNzkpOyI+6YCC55So5LqOIExpbnV4IOeahCBXaW5kb3dzIOWtkOezu+e7n+eOsOW3suW8gOaUvua6kOS7o+eggTwvYT48L2xpPjxsaSBkYXRhLWxpc3Q9ImJ1bGxldCI+PHNwYW4gY2xhc3M9InFsLXVpIiBjb250ZW50ZWRpdGFibGU9ImZhbHNlIj48L3NwYW4+PGEgaHJlZj0iaHR0cHM6Ly9sZWFybi5taWNyb3NvZnQuY29tL3poLWNuL3dpbmRvd3Mvd3NsL2NvbXBhcmUtdmVyc2lvbnMjd2hhdHMtbmV3LWluLXdzbC0yIiByZWw9Im5vb3BlbmVyIG5vcmVmZXJyZXIiIHRhcmdldD0iX2JsYW5rIiBzdHlsZT0iYmFja2dyb3VuZC1jb2xvcjogcmdiYSgwLCAwLCAwLCAwKTsgY29sb3I6IHJnYigwLCAxMDEsIDE3OSk7Ij5XU0wgMiDnmoTmlrDlop7lip/og73mnInlk6rkupvvvJ88L2E+PC9saT48bGkg',NULL,1,'文章标题已存在，请更换标题！','2025-08-26 17:50:55',27),(290,'博客文章',1,'com.ruoyi.system.controller.BlogArticleController.add()','POST',1,'admin','研发部门','/system/article','127.0.0.1','内网IP','{\"author\":\"江屿\",\"categoryId\":1,\"commentCount\":0,\"content\":\"PHA+6YCC55So5LqOIExpbnV4IOeahCBXaW5kb3dzIOWtkOezu+e7n++8iFdTTO+8ieWFgeiuuOW8gOWPkeS6uuWRmOebtOaOpeWcqCBXaW5kb3dzIOS4iui/kOihjCBHTlUvTGludXgg546v5aKD77yI5YyF5ous5aSn5aSa5pWw5ZG95Luk6KGM5bel5YW344CB5a6e55So5bel5YW35ZKM5bqU55So56iL5bqP77yJ77yM5peg6ZyA5Lyg57uf6Jma5ouf5py65oiW5Y+M5ZCv5Yqo6K6+572u55qE5byA6ZSA44CCPC9wPjxwPjxhIGhyZWY9Imh0dHBzOi8vbGVhcm4ubWljcm9zb2Z0LmNvbS96aC1jbi93aW5kb3dzL3dzbC9pbnN0YWxsIiByZWw9Im5vb3BlbmVyIG5vcmVmZXJyZXIiIHRhcmdldD0iX2JsYW5rIiBzdHlsZT0iYmFja2dyb3VuZC1jb2xvcjogcmdiYSgwLCAwLCAwLCAwKTsgY29sb3I6IHJnYigwLCAxMDEsIDE3OSk7Ij7lronoo4UgV1NMPC9hPjwvcD48aDI+5LqG6Kej6K+m57uG5L+h5oGvPC9oMj48b2w+PGxpIGRhdGEtbGlzdD0iYnVsbGV0Ij48c3BhbiBjbGFzcz0icWwtdWkiIGNvbnRlbnRlZGl0YWJsZT0iZmFsc2UiPjwvc3Bhbj48YSBocmVmPSJodHRwczovL2xlYXJuLm1pY3Jvc29mdC5jb20vemgtY24vd2luZG93cy93c2wvYWJvdXQiIHJlbD0ibm9vcGVuZXIgbm9yZWZlcnJlciIgdGFyZ2V0PSJfYmxhbmsiIHN0eWxlPSJiYWNrZ3JvdW5kLWNvbG9yOiByZ2JhKDAsIDAsIDAsIDApOyBjb2xvcjogcmdiKDAsIDEwMSwgMTc5KTsiPuS7gOS5iOaYr+mAgueUqOS6jiBMaW51eCDnmoQgV2luZG93cyDlrZDns7vnu5/vvIhXU0zvvInvvJ88L2E+PC9saT48bGkgZGF0YS1saXN0PSJidWxsZXQiPjxzcGFuIGNsYXNzPSJxbC11aSIgY29udGVudGVkaXRhYmxlPSJmYWxzZSI+PC9zcGFuPjxhIGhyZWY9Imh0dHBzOi8vYmxvZ3Mud2luZG93cy5jb20vd2luZG93c2RldmVsb3Blci8yMDI1LzA1LzE5L3RoZS13aW5kb3dzLXN1YnN5c3RlbS1mb3ItbGludXgtaXMtbm93LW9wZW4tc291cmNlLyIgcmVsPSJub29wZW5lciBub3JlZmVycmVyIiB0YXJnZXQ9Il9ibGFuayIgc3R5bGU9ImJhY2tncm91bmQtY29sb3I6IHJnYmEoMCwgMCwgMCwgMCk7IGNvbG9yOiByZ2IoMCwgMTAxLCAxNzkpOyI+6YCC55So5LqOIExpbnV4IOeahCBXaW5kb3dzIOWtkOezu+e7n+eOsOW3suW8gOaUvua6kOS7o+eggTwvYT48L2xpPjxsaSBkYXRhLWxpc3Q9ImJ1bGxldCI+PHNwYW4gY2xhc3M9InFsLXVpIiBjb250ZW50ZWRpdGFibGU9ImZhbHNlIj48L3NwYW4+PGEgaHJlZj0iaHR0cHM6Ly9sZWFybi5taWNyb3NvZnQuY29tL3poLWNuL3dpbmRvd3Mvd3NsL2NvbXBhcmUtdmVyc2lvbnMjd2hhdHMtbmV3LWluLXdzbC0yIiByZWw9Im5vb3BlbmVyIG5vcmVmZXJyZXIiIHRhcmdldD0iX2JsYW5rIiBzdHlsZT0iYmFja2dyb3VuZC1jb2xvcjogcmdiYSgwLCAwLCAwLCAwKTsgY29sb3I6IHJnYigwLCAxMDEsIDE3OSk7Ij5XU0wgMiDnmoTmlrDlop7lip/og73mnInlk6rkupvvvJ88L2','{\"msg\":\"操作成功\",\"code\":200}',0,NULL,'2025-08-26 17:51:03',20),(291,'博客文章',1,'com.ruoyi.system.controller.BlogArticleController.add()','POST',1,'admin','研发部门','/system/article','127.0.0.1','内网IP','{\"categoryId\":1,\"commentCount\":0,\"content\":\"PHA+6YCC55So5LqOIExpbnV4IOeahCBXaW5kb3dzIOWtkOezu+e7n++8iFdTTO+8ieWFgeiuuOW8gOWPkeS6uuWRmOebtOaOpeWcqCBXaW5kb3dzIOS4iui/kOihjCBHTlUvTGludXgg546v5aKD77yI5YyF5ous5aSn5aSa5pWw5ZG95Luk6KGM5bel5YW344CB5a6e55So5bel5YW35ZKM5bqU55So56iL5bqP77yJ77yM5peg6ZyA5Lyg57uf6Jma5ouf5py65oiW5Y+M5ZCv5Yqo6K6+572u55qE5byA6ZSA44CCPC9wPjxwPjxhIGhyZWY9Imh0dHBzOi8vbGVhcm4ubWljcm9zb2Z0LmNvbS96aC1jbi93aW5kb3dzL3dzbC9pbnN0YWxsIiByZWw9Im5vb3BlbmVyIG5vcmVmZXJyZXIiIHRhcmdldD0iX2JsYW5rIiBzdHlsZT0iYmFja2dyb3VuZC1jb2xvcjogcmdiYSgwLCAwLCAwLCAwKTsgY29sb3I6IHJnYigwLCAxMDEsIDE3OSk7Ij7lronoo4UgV1NMPC9hPjwvcD48aDI+5LqG6Kej6K+m57uG5L+h5oGvPC9oMj48b2w+PGxpIGRhdGEtbGlzdD0iYnVsbGV0Ij48c3BhbiBjbGFzcz0icWwtdWkiIGNvbnRlbnRlZGl0YWJsZT0iZmFsc2UiPjwvc3Bhbj48YSBocmVmPSJodHRwczovL2xlYXJuLm1pY3Jvc29mdC5jb20vemgtY24vd2luZG93cy93c2wvYWJvdXQiIHJlbD0ibm9vcGVuZXIgbm9yZWZlcnJlciIgdGFyZ2V0PSJfYmxhbmsiIHN0eWxlPSJiYWNrZ3JvdW5kLWNvbG9yOiByZ2JhKDAsIDAsIDAsIDApOyBjb2xvcjogcmdiKDAsIDEwMSwgMTc5KTsiPuS7gOS5iOaYr+mAgueUqOS6jiBMaW51eCDnmoQgV2luZG93cyDlrZDns7vnu5/vvIhXU0zvvInvvJ88L2E+PC9saT48bGkgZGF0YS1saXN0PSJidWxsZXQiPjxzcGFuIGNsYXNzPSJxbC11aSIgY29udGVudGVkaXRhYmxlPSJmYWxzZSI+PC9zcGFuPjxhIGhyZWY9Imh0dHBzOi8vYmxvZ3Mud2luZG93cy5jb20vd2luZG93c2RldmVsb3Blci8yMDI1LzA1LzE5L3RoZS13aW5kb3dzLXN1YnN5c3RlbS1mb3ItbGludXgtaXMtbm93LW9wZW4tc291cmNlLyIgcmVsPSJub29wZW5lciBub3JlZmVycmVyIiB0YXJnZXQ9Il9ibGFuayIgc3R5bGU9ImJhY2tncm91bmQtY29sb3I6IHJnYmEoMCwgMCwgMCwgMCk7IGNvbG9yOiByZ2IoMCwgMTAxLCAxNzkpOyI+6YCC55So5LqOIExpbnV4IOeahCBXaW5kb3dzIOWtkOezu+e7n+eOsOW3suW8gOaUvua6kOS7o+eggTwvYT48L2xpPjxsaSBkYXRhLWxpc3Q9ImJ1bGxldCI+PHNwYW4gY2xhc3M9InFsLXVpIiBjb250ZW50ZWRpdGFibGU9ImZhbHNlIj48L3NwYW4+PGEgaHJlZj0iaHR0cHM6Ly9sZWFybi5taWNyb3NvZnQuY29tL3poLWNuL3dpbmRvd3Mvd3NsL2NvbXBhcmUtdmVyc2lvbnMjd2hhdHMtbmV3LWluLXdzbC0yIiByZWw9Im5vb3BlbmVyIG5vcmVmZXJyZXIiIHRhcmdldD0iX2JsYW5rIiBzdHlsZT0iYmFja2dyb3VuZC1jb2xvcjogcmdiYSgwLCAwLCAwLCAwKTsgY29sb3I6IHJnYigwLCAxMDEsIDE3OSk7Ij5XU0wgMiDnmoTmlrDlop7lip/og73mnInlk6rkupvvvJ88L2E+PC9saT48bGkg',NULL,1,'文章标题已存在，请更换标题！','2025-08-26 18:09:09',9),(292,'博客文章',1,'com.ruoyi.system.controller.BlogArticleController.add()','POST',1,'admin','研发部门','/system/article','127.0.0.1','内网IP','{\"categoryId\":1,\"commentCount\":0,\"content\":\"PHA+6YCC55So5LqOIExpbnV4IOeahCBXaW5kb3dzIOWtkOezu+e7n++8iFdTTO+8ieWFgeiuuOW8gOWPkeS6uuWRmOebtOaOpeWcqCBXaW5kb3dzIOS4iui/kOihjCBHTlUvTGludXgg546v5aKD77yI5YyF5ous5aSn5aSa5pWw5ZG95Luk6KGM5bel5YW344CB5a6e55So5bel5YW35ZKM5bqU55So56iL5bqP77yJ77yM5peg6ZyA5Lyg57uf6Jma5ouf5py65oiW5Y+M5ZCv5Yqo6K6+572u55qE5byA6ZSA44CCPC9wPjxwPjxhIGhyZWY9Imh0dHBzOi8vbGVhcm4ubWljcm9zb2Z0LmNvbS96aC1jbi93aW5kb3dzL3dzbC9pbnN0YWxsIiByZWw9Im5vb3BlbmVyIG5vcmVmZXJyZXIiIHRhcmdldD0iX2JsYW5rIiBzdHlsZT0iYmFja2dyb3VuZC1jb2xvcjogcmdiYSgwLCAwLCAwLCAwKTsgY29sb3I6IHJnYigwLCAxMDEsIDE3OSk7Ij7lronoo4UgV1NMPC9hPjwvcD48aDI+5LqG6Kej6K+m57uG5L+h5oGvPC9oMj48b2w+PGxpIGRhdGEtbGlzdD0iYnVsbGV0Ij48c3BhbiBjbGFzcz0icWwtdWkiIGNvbnRlbnRlZGl0YWJsZT0iZmFsc2UiPjwvc3Bhbj48YSBocmVmPSJodHRwczovL2xlYXJuLm1pY3Jvc29mdC5jb20vemgtY24vd2luZG93cy93c2wvYWJvdXQiIHJlbD0ibm9vcGVuZXIgbm9yZWZlcnJlciIgdGFyZ2V0PSJfYmxhbmsiIHN0eWxlPSJiYWNrZ3JvdW5kLWNvbG9yOiByZ2JhKDAsIDAsIDAsIDApOyBjb2xvcjogcmdiKDAsIDEwMSwgMTc5KTsiPuS7gOS5iOaYr+mAgueUqOS6jiBMaW51eCDnmoQgV2luZG93cyDlrZDns7vnu5/vvIhXU0zvvInvvJ88L2E+PC9saT48bGkgZGF0YS1saXN0PSJidWxsZXQiPjxzcGFuIGNsYXNzPSJxbC11aSIgY29udGVudGVkaXRhYmxlPSJmYWxzZSI+PC9zcGFuPjxhIGhyZWY9Imh0dHBzOi8vYmxvZ3Mud2luZG93cy5jb20vd2luZG93c2RldmVsb3Blci8yMDI1LzA1LzE5L3RoZS13aW5kb3dzLXN1YnN5c3RlbS1mb3ItbGludXgtaXMtbm93LW9wZW4tc291cmNlLyIgcmVsPSJub29wZW5lciBub3JlZmVycmVyIiB0YXJnZXQ9Il9ibGFuayIgc3R5bGU9ImJhY2tncm91bmQtY29sb3I6IHJnYmEoMCwgMCwgMCwgMCk7IGNvbG9yOiByZ2IoMCwgMTAxLCAxNzkpOyI+6YCC55So5LqOIExpbnV4IOeahCBXaW5kb3dzIOWtkOezu+e7n+eOsOW3suW8gOaUvua6kOS7o+eggTwvYT48L2xpPjxsaSBkYXRhLWxpc3Q9ImJ1bGxldCI+PHNwYW4gY2xhc3M9InFsLXVpIiBjb250ZW50ZWRpdGFibGU9ImZhbHNlIj48L3NwYW4+PGEgaHJlZj0iaHR0cHM6Ly9sZWFybi5taWNyb3NvZnQuY29tL3poLWNuL3dpbmRvd3Mvd3NsL2NvbXBhcmUtdmVyc2lvbnMjd2hhdHMtbmV3LWluLXdzbC0yIiByZWw9Im5vb3BlbmVyIG5vcmVmZXJyZXIiIHRhcmdldD0iX2JsYW5rIiBzdHlsZT0iYmFja2dyb3VuZC1jb2xvcjogcmdiYSgwLCAwLCAwLCAwKTsgY29sb3I6IHJnYigwLCAxMDEsIDE3OSk7Ij5XU0wgMiDnmoTmlrDlop7lip/og73mnInlk6rkupvvvJ88L2E+PC9saT48bGkg',NULL,1,'文章标题已存在，请更换标题！','2025-08-26 18:09:15',4),(293,'博客文章',1,'com.ruoyi.system.controller.BlogArticleController.add()','POST',1,'admin','研发部门','/system/article','127.0.0.1','内网IP','{\"author\":\"江屿\",\"categoryId\":1,\"commentCount\":0,\"content\":\"PHA+6YCC55So5LqOIExpbnV4IOeahCBXaW5kb3dzIOWtkOezu+e7n++8iFdTTO+8ieWFgeiuuOW8gOWPkeS6uuWRmOebtOaOpeWcqCBXaW5kb3dzIOS4iui/kOihjCBHTlUvTGludXgg546v5aKD77yI5YyF5ous5aSn5aSa5pWw5ZG95Luk6KGM5bel5YW344CB5a6e55So5bel5YW35ZKM5bqU55So56iL5bqP77yJ77yM5peg6ZyA5Lyg57uf6Jma5ouf5py65oiW5Y+M5ZCv5Yqo6K6+572u55qE5byA6ZSA44CCPC9wPjxwPjxhIGhyZWY9Imh0dHBzOi8vbGVhcm4ubWljcm9zb2Z0LmNvbS96aC1jbi93aW5kb3dzL3dzbC9pbnN0YWxsIiByZWw9Im5vb3BlbmVyIG5vcmVmZXJyZXIiIHRhcmdldD0iX2JsYW5rIiBzdHlsZT0iYmFja2dyb3VuZC1jb2xvcjogcmdiYSgwLCAwLCAwLCAwKTsgY29sb3I6IHJnYigwLCAxMDEsIDE3OSk7Ij7lronoo4UgV1NMPC9hPjwvcD48aDI+5LqG6Kej6K+m57uG5L+h5oGvPC9oMj48b2w+PGxpIGRhdGEtbGlzdD0iYnVsbGV0Ij48c3BhbiBjbGFzcz0icWwtdWkiIGNvbnRlbnRlZGl0YWJsZT0iZmFsc2UiPjwvc3Bhbj48YSBocmVmPSJodHRwczovL2xlYXJuLm1pY3Jvc29mdC5jb20vemgtY24vd2luZG93cy93c2wvYWJvdXQiIHJlbD0ibm9vcGVuZXIgbm9yZWZlcnJlciIgdGFyZ2V0PSJfYmxhbmsiIHN0eWxlPSJiYWNrZ3JvdW5kLWNvbG9yOiByZ2JhKDAsIDAsIDAsIDApOyBjb2xvcjogcmdiKDAsIDEwMSwgMTc5KTsiPuS7gOS5iOaYr+mAgueUqOS6jiBMaW51eCDnmoQgV2luZG93cyDlrZDns7vnu5/vvIhXU0zvvInvvJ88L2E+PC9saT48bGkgZGF0YS1saXN0PSJidWxsZXQiPjxzcGFuIGNsYXNzPSJxbC11aSIgY29udGVudGVkaXRhYmxlPSJmYWxzZSI+PC9zcGFuPjxhIGhyZWY9Imh0dHBzOi8vYmxvZ3Mud2luZG93cy5jb20vd2luZG93c2RldmVsb3Blci8yMDI1LzA1LzE5L3RoZS13aW5kb3dzLXN1YnN5c3RlbS1mb3ItbGludXgtaXMtbm93LW9wZW4tc291cmNlLyIgcmVsPSJub29wZW5lciBub3JlZmVycmVyIiB0YXJnZXQ9Il9ibGFuayIgc3R5bGU9ImJhY2tncm91bmQtY29sb3I6IHJnYmEoMCwgMCwgMCwgMCk7IGNvbG9yOiByZ2IoMCwgMTAxLCAxNzkpOyI+6YCC55So5LqOIExpbnV4IOeahCBXaW5kb3dzIOWtkOezu+e7n+eOsOW3suW8gOaUvua6kOS7o+eggTwvYT48L2xpPjxsaSBkYXRhLWxpc3Q9ImJ1bGxldCI+PHNwYW4gY2xhc3M9InFsLXVpIiBjb250ZW50ZWRpdGFibGU9ImZhbHNlIj48L3NwYW4+PGEgaHJlZj0iaHR0cHM6Ly9sZWFybi5taWNyb3NvZnQuY29tL3poLWNuL3dpbmRvd3Mvd3NsL2NvbXBhcmUtdmVyc2lvbnMjd2hhdHMtbmV3LWluLXdzbC0yIiByZWw9Im5vb3BlbmVyIG5vcmVmZXJyZXIiIHRhcmdldD0iX2JsYW5rIiBzdHlsZT0iYmFja2dyb3VuZC1jb2xvcjogcmdiYSgwLCAwLCAwLCAwKTsgY29sb3I6IHJnYigwLCAxMDEsIDE3OSk7Ij5XU0wgMiDnmoTmlrDlop7lip/og73mnInlk6rkupvvvJ88L2','{\"msg\":\"操作成功\",\"code\":200}',0,NULL,'2025-08-26 18:09:22',16),(294,'博客文章',3,'com.ruoyi.system.controller.BlogArticleController.remove()','DELETE',1,'admin','研发部门','/system/article/37','127.0.0.1','内网IP','[37]','{\"msg\":\"操作成功\",\"code\":200}',0,NULL,'2025-08-26 18:09:30',10),(295,'博客文章',3,'com.ruoyi.system.controller.BlogArticleController.remove()','DELETE',1,'admin','研发部门','/system/article/38','127.0.0.1','内网IP','[38]','{\"msg\":\"操作成功\",\"code\":200}',0,NULL,'2025-08-26 18:09:32',9),(296,'博客文章',3,'com.ruoyi.system.controller.BlogArticleController.remove()','DELETE',1,'admin','研发部门','/system/article/40','127.0.0.1','内网IP','[40]','{\"msg\":\"操作成功\",\"code\":200}',0,NULL,'2025-08-26 18:09:34',4),(297,'博客文章',3,'com.ruoyi.system.controller.BlogArticleController.remove()','DELETE',1,'admin','研发部门','/system/article/39','127.0.0.1','内网IP','[39]','{\"msg\":\"操作成功\",\"code\":200}',0,NULL,'2025-08-26 18:09:39',5),(298,'博客文章',1,'com.ruoyi.system.controller.BlogArticleController.add()','POST',1,'admin','研发部门','/system/article','127.0.0.1','内网IP','{\"author\":\"江屿\",\"categoryId\":1,\"commentCount\":0,\"content\":\"PHA+6YCC55So5LqOIExpbnV4IOeahCBXaW5kb3dzIOWtkOezu+e7n++8iFdTTO+8ieWFgeiuuOW8gOWPkeS6uuWRmOebtOaOpeWcqCBXaW5kb3dzIOS4iui/kOihjCBHTlUvTGludXgg546v5aKD77yI5YyF5ous5aSn5aSa5pWw5ZG95Luk6KGM5bel5YW344CB5a6e55So5bel5YW35ZKM5bqU55So56iL5bqP77yJ77yM5peg6ZyA5Lyg57uf6Jma5ouf5py65oiW5Y+M5ZCv5Yqo6K6+572u55qE5byA6ZSA44CCPC9wPjxwPjxhIGhyZWY9Imh0dHBzOi8vbGVhcm4ubWljcm9zb2Z0LmNvbS96aC1jbi93aW5kb3dzL3dzbC9pbnN0YWxsIiByZWw9Im5vb3BlbmVyIG5vcmVmZXJyZXIiIHRhcmdldD0iX2JsYW5rIiBzdHlsZT0iYmFja2dyb3VuZC1jb2xvcjogcmdiYSgwLCAwLCAwLCAwKTsgY29sb3I6IHJnYigwLCAxMDEsIDE3OSk7Ij7lronoo4UgV1NMPC9hPjwvcD48aDI+5LqG6Kej6K+m57uG5L+h5oGvPC9oMj48b2w+PGxpIGRhdGEtbGlzdD0iYnVsbGV0Ij48c3BhbiBjbGFzcz0icWwtdWkiIGNvbnRlbnRlZGl0YWJsZT0iZmFsc2UiPjwvc3Bhbj48YSBocmVmPSJodHRwczovL2xlYXJuLm1pY3Jvc29mdC5jb20vemgtY24vd2luZG93cy93c2wvYWJvdXQiIHJlbD0ibm9vcGVuZXIgbm9yZWZlcnJlciIgdGFyZ2V0PSJfYmxhbmsiIHN0eWxlPSJiYWNrZ3JvdW5kLWNvbG9yOiByZ2JhKDAsIDAsIDAsIDApOyBjb2xvcjogcmdiKDAsIDEwMSwgMTc5KTsiPuS7gOS5iOaYr+mAgueUqOS6jiBMaW51eCDnmoQgV2luZG93cyDlrZDns7vnu5/vvIhXU0zvvInvvJ88L2E+PC9saT48bGkgZGF0YS1saXN0PSJidWxsZXQiPjxzcGFuIGNsYXNzPSJxbC11aSIgY29udGVudGVkaXRhYmxlPSJmYWxzZSI+PC9zcGFuPjxhIGhyZWY9Imh0dHBzOi8vYmxvZ3Mud2luZG93cy5jb20vd2luZG93c2RldmVsb3Blci8yMDI1LzA1LzE5L3RoZS13aW5kb3dzLXN1YnN5c3RlbS1mb3ItbGludXgtaXMtbm93LW9wZW4tc291cmNlLyIgcmVsPSJub29wZW5lciBub3JlZmVycmVyIiB0YXJnZXQ9Il9ibGFuayIgc3R5bGU9ImJhY2tncm91bmQtY29sb3I6IHJnYmEoMCwgMCwgMCwgMCk7IGNvbG9yOiByZ2IoMCwgMTAxLCAxNzkpOyI+6YCC55So5LqOIExpbnV4IOeahCBXaW5kb3dzIOWtkOezu+e7n+eOsOW3suW8gOaUvua6kOS7o+eggTwvYT48L2xpPjxsaSBkYXRhLWxpc3Q9ImJ1bGxldCI+PHNwYW4gY2xhc3M9InFsLXVpIiBjb250ZW50ZWRpdGFibGU9ImZhbHNlIj48L3NwYW4+PGEgaHJlZj0iaHR0cHM6Ly9sZWFybi5taWNyb3NvZnQuY29tL3poLWNuL3dpbmRvd3Mvd3NsL2NvbXBhcmUtdmVyc2lvbnMjd2hhdHMtbmV3LWluLXdzbC0yIiByZWw9Im5vb3BlbmVyIG5vcmVmZXJyZXIiIHRhcmdldD0iX2JsYW5rIiBzdHlsZT0iYmFja2dyb3VuZC1jb2xvcjogcmdiYSgwLCAwLCAwLCAwKTsgY29sb3I6IHJnYigwLCAxMDEsIDE3OSk7Ij5XU0wgMiDnmoTmlrDlop7lip/og73mnInlk6rkupvvvJ88L2','{\"msg\":\"操作成功\",\"code\":200}',0,NULL,'2025-08-26 18:09:56',11),(299,'博客文章',3,'com.ruoyi.system.controller.BlogArticleController.remove()','DELETE',1,'admin','研发部门','/system/article/41','127.0.0.1','内网IP','[41]','{\"msg\":\"操作成功\",\"code\":200}',0,NULL,'2025-08-26 18:13:57',12),(300,'博客文章',1,'com.ruoyi.system.controller.BlogArticleController.add()','POST',1,'admin','研发部门','/system/article','127.0.0.1','内网IP','{\"author\":\"江屿\",\"categoryId\":1,\"commentCount\":0,\"content\":\"PHA+6YCC55So5LqOIExpbnV4IOeahCBXaW5kb3dzIOWtkOezu+e7n++8iFdTTO+8ieWFgeiuuOW8gOWPkeS6uuWRmOebtOaOpeWcqCBXaW5kb3dzIOS4iui/kOihjCBHTlUvTGludXgg546v5aKD77yI5YyF5ous5aSn5aSa5pWw5ZG95Luk6KGM5bel5YW344CB5a6e55So5bel5YW35ZKM5bqU55So56iL5bqP77yJ77yM5peg6ZyA5Lyg57uf6Jma5ouf5py65oiW5Y+M5ZCv5Yqo6K6+572u55qE5byA6ZSA44CCPC9wPjxwPjxhIGhyZWY9Imh0dHBzOi8vbGVhcm4ubWljcm9zb2Z0LmNvbS96aC1jbi93aW5kb3dzL3dzbC9pbnN0YWxsIiByZWw9Im5vb3BlbmVyIG5vcmVmZXJyZXIiIHRhcmdldD0iX2JsYW5rIiBzdHlsZT0iYmFja2dyb3VuZC1jb2xvcjogcmdiYSgwLCAwLCAwLCAwKTsgY29sb3I6IHJnYigwLCAxMDEsIDE3OSk7Ij7lronoo4UgV1NMPC9hPjwvcD48aDI+5LqG6Kej6K+m57uG5L+h5oGvPC9oMj48b2w+PGxpIGRhdGEtbGlzdD0iYnVsbGV0Ij48c3BhbiBjbGFzcz0icWwtdWkiIGNvbnRlbnRlZGl0YWJsZT0iZmFsc2UiPjwvc3Bhbj48YSBocmVmPSJodHRwczovL2xlYXJuLm1pY3Jvc29mdC5jb20vemgtY24vd2luZG93cy93c2wvYWJvdXQiIHJlbD0ibm9vcGVuZXIgbm9yZWZlcnJlciIgdGFyZ2V0PSJfYmxhbmsiIHN0eWxlPSJiYWNrZ3JvdW5kLWNvbG9yOiByZ2JhKDAsIDAsIDAsIDApOyBjb2xvcjogcmdiKDAsIDEwMSwgMTc5KTsiPuS7gOS5iOaYr+mAgueUqOS6jiBMaW51eCDnmoQgV2luZG93cyDlrZDns7vnu5/vvIhXU0zvvInvvJ88L2E+PC9saT48bGkgZGF0YS1saXN0PSJidWxsZXQiPjxzcGFuIGNsYXNzPSJxbC11aSIgY29udGVudGVkaXRhYmxlPSJmYWxzZSI+PC9zcGFuPjxhIGhyZWY9Imh0dHBzOi8vYmxvZ3Mud2luZG93cy5jb20vd2luZG93c2RldmVsb3Blci8yMDI1LzA1LzE5L3RoZS13aW5kb3dzLXN1YnN5c3RlbS1mb3ItbGludXgtaXMtbm93LW9wZW4tc291cmNlLyIgcmVsPSJub29wZW5lciBub3JlZmVycmVyIiB0YXJnZXQ9Il9ibGFuayIgc3R5bGU9ImJhY2tncm91bmQtY29sb3I6IHJnYmEoMCwgMCwgMCwgMCk7IGNvbG9yOiByZ2IoMCwgMTAxLCAxNzkpOyI+6YCC55So5LqOIExpbnV4IOeahCBXaW5kb3dzIOWtkOezu+e7n+eOsOW3suW8gOaUvua6kOS7o+eggTwvYT48L2xpPjxsaSBkYXRhLWxpc3Q9ImJ1bGxldCI+PHNwYW4gY2xhc3M9InFsLXVpIiBjb250ZW50ZWRpdGFibGU9ImZhbHNlIj48L3NwYW4+PGEgaHJlZj0iaHR0cHM6Ly9sZWFybi5taWNyb3NvZnQuY29tL3poLWNuL3dpbmRvd3Mvd3NsL2NvbXBhcmUtdmVyc2lvbnMjd2hhdHMtbmV3LWluLXdzbC0yIiByZWw9Im5vb3BlbmVyIG5vcmVmZXJyZXIiIHRhcmdldD0iX2JsYW5rIiBzdHlsZT0iYmFja2dyb3VuZC1jb2xvcjogcmdiYSgwLCAwLCAwLCAwKTsgY29sb3I6IHJnYigwLCAxMDEsIDE3OSk7Ij5XU0wgMiDnmoTmlrDlop7lip/og73mnInlk6rkupvvvJ88L2','{\"msg\":\"操作成功\",\"code\":200}',0,NULL,'2025-08-26 18:14:23',22),(301,'博客文章',1,'com.ruoyi.system.controller.BlogArticleController.add()','POST',1,'admin','研发部门','/system/article','127.0.0.1','内网IP','{\"categoryId\":1,\"commentCount\":0,\"content\":\"PHA+6YCC55So5LqOIExpbnV4IOeahCBXaW5kb3dzIOWtkOezu+e7n++8iFdTTO+8ieWFgeiuuOW8gOWPkeS6uuWRmOebtOaOpeWcqCBXaW5kb3dzIOS4iui/kOihjCBHTlUvTGludXgg546v5aKD77yI5YyF5ous5aSn5aSa5pWw5ZG95Luk6KGM5bel5YW344CB5a6e55So5bel5YW35ZKM5bqU55So56iL5bqP77yJ77yM5peg6ZyA5Lyg57uf6Jma5ouf5py65oiW5Y+M5ZCv5Yqo6K6+572u55qE5byA6ZSA44CCPC9wPjxwPjxhIGhyZWY9Imh0dHBzOi8vbGVhcm4ubWljcm9zb2Z0LmNvbS96aC1jbi93aW5kb3dzL3dzbC9pbnN0YWxsIiByZWw9Im5vb3BlbmVyIG5vcmVmZXJyZXIiIHRhcmdldD0iX2JsYW5rIiBzdHlsZT0iYmFja2dyb3VuZC1jb2xvcjogcmdiYSgwLCAwLCAwLCAwKTsgY29sb3I6IHJnYigwLCAxMDEsIDE3OSk7Ij7lronoo4UgV1NMPC9hPjwvcD48aDI+5LqG6Kej6K+m57uG5L+h5oGvPC9oMj48b2w+PGxpIGRhdGEtbGlzdD0iYnVsbGV0Ij48c3BhbiBjbGFzcz0icWwtdWkiIGNvbnRlbnRlZGl0YWJsZT0iZmFsc2UiPjwvc3Bhbj48YSBocmVmPSJodHRwczovL2xlYXJuLm1pY3Jvc29mdC5jb20vemgtY24vd2luZG93cy93c2wvYWJvdXQiIHJlbD0ibm9vcGVuZXIgbm9yZWZlcnJlciIgdGFyZ2V0PSJfYmxhbmsiIHN0eWxlPSJiYWNrZ3JvdW5kLWNvbG9yOiByZ2JhKDAsIDAsIDAsIDApOyBjb2xvcjogcmdiKDAsIDEwMSwgMTc5KTsiPuS7gOS5iOaYr+mAgueUqOS6jiBMaW51eCDnmoQgV2luZG93cyDlrZDns7vnu5/vvIhXU0zvvInvvJ88L2E+PC9saT48bGkgZGF0YS1saXN0PSJidWxsZXQiPjxzcGFuIGNsYXNzPSJxbC11aSIgY29udGVudGVkaXRhYmxlPSJmYWxzZSI+PC9zcGFuPjxhIGhyZWY9Imh0dHBzOi8vYmxvZ3Mud2luZG93cy5jb20vd2luZG93c2RldmVsb3Blci8yMDI1LzA1LzE5L3RoZS13aW5kb3dzLXN1YnN5c3RlbS1mb3ItbGludXgtaXMtbm93LW9wZW4tc291cmNlLyIgcmVsPSJub29wZW5lciBub3JlZmVycmVyIiB0YXJnZXQ9Il9ibGFuayIgc3R5bGU9ImJhY2tncm91bmQtY29sb3I6IHJnYmEoMCwgMCwgMCwgMCk7IGNvbG9yOiByZ2IoMCwgMTAxLCAxNzkpOyI+6YCC55So5LqOIExpbnV4IOeahCBXaW5kb3dzIOWtkOezu+e7n+eOsOW3suW8gOaUvua6kOS7o+eggTwvYT48L2xpPjxsaSBkYXRhLWxpc3Q9ImJ1bGxldCI+PHNwYW4gY2xhc3M9InFsLXVpIiBjb250ZW50ZWRpdGFibGU9ImZhbHNlIj48L3NwYW4+PGEgaHJlZj0iaHR0cHM6Ly9sZWFybi5taWNyb3NvZnQuY29tL3poLWNuL3dpbmRvd3Mvd3NsL2NvbXBhcmUtdmVyc2lvbnMjd2hhdHMtbmV3LWluLXdzbC0yIiByZWw9Im5vb3BlbmVyIG5vcmVmZXJyZXIiIHRhcmdldD0iX2JsYW5rIiBzdHlsZT0iYmFja2dyb3VuZC1jb2xvcjogcmdiYSgwLCAwLCAwLCAwKTsgY29sb3I6IHJnYigwLCAxMDEsIDE3OSk7Ij5XU0wgMiDnmoTmlrDlop7lip/og73mnInlk6rkupvvvJ88L2E+PC9saT48bGkg',NULL,1,'文章标题已存在，请更换标题！','2025-08-26 18:17:57',13),(302,'博客文章',1,'com.ruoyi.system.controller.BlogArticleController.add()','POST',1,'admin','研发部门','/system/article','127.0.0.1','内网IP','{\"author\":\"江屿\",\"categoryId\":1,\"commentCount\":0,\"content\":\"PHA+6YCC55So5LqOIExpbnV4IOeahCBXaW5kb3dzIOWtkOezu+e7n++8iFdTTO+8ieWFgeiuuOW8gOWPkeS6uuWRmOebtOaOpeWcqCBXaW5kb3dzIOS4iui/kOihjCBHTlUvTGludXgg546v5aKD77yI5YyF5ous5aSn5aSa5pWw5ZG95Luk6KGM5bel5YW344CB5a6e55So5bel5YW35ZKM5bqU55So56iL5bqP77yJ77yM5peg6ZyA5Lyg57uf6Jma5ouf5py65oiW5Y+M5ZCv5Yqo6K6+572u55qE5byA6ZSA44CCPC9wPjxwPjxhIGhyZWY9Imh0dHBzOi8vbGVhcm4ubWljcm9zb2Z0LmNvbS96aC1jbi93aW5kb3dzL3dzbC9pbnN0YWxsIiByZWw9Im5vb3BlbmVyIG5vcmVmZXJyZXIiIHRhcmdldD0iX2JsYW5rIiBzdHlsZT0iYmFja2dyb3VuZC1jb2xvcjogcmdiYSgwLCAwLCAwLCAwKTsgY29sb3I6IHJnYigwLCAxMDEsIDE3OSk7Ij7lronoo4UgV1NMPC9hPjwvcD48aDI+5LqG6Kej6K+m57uG5L+h5oGvPC9oMj48b2w+PGxpIGRhdGEtbGlzdD0iYnVsbGV0Ij48c3BhbiBjbGFzcz0icWwtdWkiIGNvbnRlbnRlZGl0YWJsZT0iZmFsc2UiPjwvc3Bhbj48YSBocmVmPSJodHRwczovL2xlYXJuLm1pY3Jvc29mdC5jb20vemgtY24vd2luZG93cy93c2wvYWJvdXQiIHJlbD0ibm9vcGVuZXIgbm9yZWZlcnJlciIgdGFyZ2V0PSJfYmxhbmsiIHN0eWxlPSJiYWNrZ3JvdW5kLWNvbG9yOiByZ2JhKDAsIDAsIDAsIDApOyBjb2xvcjogcmdiKDAsIDEwMSwgMTc5KTsiPuS7gOS5iOaYr+mAgueUqOS6jiBMaW51eCDnmoQgV2luZG93cyDlrZDns7vnu5/vvIhXU0zvvInvvJ88L2E+PC9saT48bGkgZGF0YS1saXN0PSJidWxsZXQiPjxzcGFuIGNsYXNzPSJxbC11aSIgY29udGVudGVkaXRhYmxlPSJmYWxzZSI+PC9zcGFuPjxhIGhyZWY9Imh0dHBzOi8vYmxvZ3Mud2luZG93cy5jb20vd2luZG93c2RldmVsb3Blci8yMDI1LzA1LzE5L3RoZS13aW5kb3dzLXN1YnN5c3RlbS1mb3ItbGludXgtaXMtbm93LW9wZW4tc291cmNlLyIgcmVsPSJub29wZW5lciBub3JlZmVycmVyIiB0YXJnZXQ9Il9ibGFuayIgc3R5bGU9ImJhY2tncm91bmQtY29sb3I6IHJnYmEoMCwgMCwgMCwgMCk7IGNvbG9yOiByZ2IoMCwgMTAxLCAxNzkpOyI+6YCC55So5LqOIExpbnV4IOeahCBXaW5kb3dzIOWtkOezu+e7n+eOsOW3suW8gOaUvua6kOS7o+eggTwvYT48L2xpPjxsaSBkYXRhLWxpc3Q9ImJ1bGxldCI+PHNwYW4gY2xhc3M9InFsLXVpIiBjb250ZW50ZWRpdGFibGU9ImZhbHNlIj48L3NwYW4+PGEgaHJlZj0iaHR0cHM6Ly9sZWFybi5taWNyb3NvZnQuY29tL3poLWNuL3dpbmRvd3Mvd3NsL2NvbXBhcmUtdmVyc2lvbnMjd2hhdHMtbmV3LWluLXdzbC0yIiByZWw9Im5vb3BlbmVyIG5vcmVmZXJyZXIiIHRhcmdldD0iX2JsYW5rIiBzdHlsZT0iYmFja2dyb3VuZC1jb2xvcjogcmdiYSgwLCAwLCAwLCAwKTsgY29sb3I6IHJnYigwLCAxMDEsIDE3OSk7Ij5XU0wgMiDnmoTmlrDlop7lip/og73mnInlk6rkupvvvJ88L2','{\"msg\":\"操作成功\",\"code\":200}',0,NULL,'2025-08-26 18:18:04',19),(303,'博客文章',1,'com.ruoyi.system.controller.BlogArticleController.add()','POST',1,'admin','研发部门','/system/article','127.0.0.1','内网IP','{\"categoryId\":1,\"commentCount\":0,\"content\":\"PHA+PHNwYW4gc3R5bGU9ImJhY2tncm91bmQtY29sb3I6IHJnYigyNTUsIDI1NSwgMjU1KTsgY29sb3I6IHJnYigyMiwgMjIsIDIyKTsiPumAgueUqOS6jiBMaW51eCDnmoQgV2luZG93cyDlrZDns7vnu5/vvIhXU0zvvInlhYHorrjlvIDlj5HkurrlkZjnm7TmjqXlnKggV2luZG93cyDkuIrov5DooYwgR05VL0xpbnV4IOeOr+Wig++8iOWMheaLrOWkp+WkmuaVsOWRveS7pOihjOW3peWFt+OAgeWunueUqOW3peWFt+WSjOW6lOeUqOeoi+W6j++8ie+8jOaXoOmcgOS8oOe7n+iZmuaLn+acuuaIluWPjOWQr+WKqOiuvue9rueahOW8gOmUgOOAgjwvc3Bhbj48L3A+PHA+PGEgaHJlZj0iaHR0cHM6Ly9sZWFybi5taWNyb3NvZnQuY29tL3poLWNuL3dpbmRvd3Mvd3NsL2luc3RhbGwiIHJlbD0ibm9vcGVuZXIgbm9yZWZlcnJlciIgdGFyZ2V0PSJfYmxhbmsiIHN0eWxlPSJiYWNrZ3JvdW5kLWNvbG9yOiByZ2JhKDAsIDAsIDAsIDApOyBjb2xvcjogcmdiKDAsIDEwMSwgMTc5KTsiPuWuieijhSBXU0w8L2E+PC9wPjxoMj48c3BhbiBzdHlsZT0iYmFja2dyb3VuZC1jb2xvcjogcmdiKDI1NSwgMjU1LCAyNTUpOyBjb2xvcjogcmdiKDIyLCAyMiwgMjIpOyI+5LqG6Kej6K+m57uG5L+h5oGvPC9zcGFuPjwvaDI+PG9sPjxsaSBkYXRhLWxpc3Q9ImJ1bGxldCI+PHNwYW4gY2xhc3M9InFsLXVpIiBjb250ZW50ZWRpdGFibGU9ImZhbHNlIj48L3NwYW4+PGEgaHJlZj0iaHR0cHM6Ly9sZWFybi5taWNyb3NvZnQuY29tL3poLWNuL3dpbmRvd3Mvd3NsL2Fib3V0IiByZWw9Im5vb3BlbmVyIG5vcmVmZXJyZXIiIHRhcmdldD0iX2JsYW5rIiBzdHlsZT0iYmFja2dyb3VuZC1jb2xvcjogcmdiYSgwLCAwLCAwLCAwKTsgY29sb3I6IHJnYigwLCAxMDEsIDE3OSk7Ij7ku4DkuYjmmK/pgILnlKjkuo4gTGludXgg55qEIFdpbmRvd3Mg5a2Q57O757uf77yIV1NM77yJ77yfPC9hPjwvbGk+PGxpIGRhdGEtbGlzdD0iYnVsbGV0Ij48c3BhbiBjbGFzcz0icWwtdWkiIGNvbnRlbnRlZGl0YWJsZT0iZmFsc2UiPjwvc3Bhbj48YSBocmVmPSJodHRwczovL2Jsb2dzLndpbmRvd3MuY29tL3dpbmRvd3NkZXZlbG9wZXIvMjAyNS8wNS8xOS90aGUtd2luZG93cy1zdWJzeXN0ZW0tZm9yLWxpbnV4LWlzLW5vdy1vcGVuLXNvdXJjZS8iIHJlbD0ibm9vcGVuZXIgbm9yZWZlcnJlciIgdGFyZ2V0PSJfYmxhbmsiIHN0eWxlPSJiYWNrZ3JvdW5kLWNvbG9yOiByZ2JhKDAsIDAsIDAsIDApOyBjb2xvcjogcmdiKDAsIDEwMSwgMTc5KTsiPumAgueUqOS6jiBMaW51eCDnmoQgV2luZG93cyDlrZDns7vnu5/njrDlt7LlvIDmlL7mupDku6PnoIE8L2E+PC9saT48bGkgZGF0YS1saXN0PSJidWxsZXQiPjxzcGFuIGNsYXNzPSJxbC11aSIgY29udGVudGVkaXRhYmxlPSJmYWxzZSI+PC9zcGFuPjxhIGhyZWY9Imh0dHBzOi8vbGVhcm4ubWljcm9zb2Z0LmNvbS96aC1jbi93aW5kb3dzL3dzbC9jb21wYXJlLXZlcnNpb25zI3doYXRzLW5ldy1p',NULL,1,'文章标题已存在，请更换标题！','2025-08-26 18:21:30',17),(304,'博客文章',1,'com.ruoyi.system.controller.BlogArticleController.add()','POST',1,'admin','研发部门','/system/article','127.0.0.1','内网IP','{\"author\":\"江屿\",\"categoryId\":1,\"commentCount\":0,\"content\":\"PHA+PHNwYW4gc3R5bGU9ImJhY2tncm91bmQtY29sb3I6IHJnYigyNTUsIDI1NSwgMjU1KTsgY29sb3I6IHJnYigyMiwgMjIsIDIyKTsiPumAgueUqOS6jiBMaW51eCDnmoQgV2luZG93cyDlrZDns7vnu5/vvIhXU0zvvInlhYHorrjlvIDlj5HkurrlkZjnm7TmjqXlnKggV2luZG93cyDkuIrov5DooYwgR05VL0xpbnV4IOeOr+Wig++8iOWMheaLrOWkp+WkmuaVsOWRveS7pOihjOW3peWFt+OAgeWunueUqOW3peWFt+WSjOW6lOeUqOeoi+W6j++8ie+8jOaXoOmcgOS8oOe7n+iZmuaLn+acuuaIluWPjOWQr+WKqOiuvue9rueahOW8gOmUgOOAgjwvc3Bhbj48L3A+PHA+PGEgaHJlZj0iaHR0cHM6Ly9sZWFybi5taWNyb3NvZnQuY29tL3poLWNuL3dpbmRvd3Mvd3NsL2luc3RhbGwiIHJlbD0ibm9vcGVuZXIgbm9yZWZlcnJlciIgdGFyZ2V0PSJfYmxhbmsiIHN0eWxlPSJiYWNrZ3JvdW5kLWNvbG9yOiByZ2JhKDAsIDAsIDAsIDApOyBjb2xvcjogcmdiKDAsIDEwMSwgMTc5KTsiPuWuieijhSBXU0w8L2E+PC9wPjxoMj48c3BhbiBzdHlsZT0iYmFja2dyb3VuZC1jb2xvcjogcmdiKDI1NSwgMjU1LCAyNTUpOyBjb2xvcjogcmdiKDIyLCAyMiwgMjIpOyI+5LqG6Kej6K+m57uG5L+h5oGvPC9zcGFuPjwvaDI+PG9sPjxsaSBkYXRhLWxpc3Q9ImJ1bGxldCI+PHNwYW4gY2xhc3M9InFsLXVpIiBjb250ZW50ZWRpdGFibGU9ImZhbHNlIj48L3NwYW4+PGEgaHJlZj0iaHR0cHM6Ly9sZWFybi5taWNyb3NvZnQuY29tL3poLWNuL3dpbmRvd3Mvd3NsL2Fib3V0IiByZWw9Im5vb3BlbmVyIG5vcmVmZXJyZXIiIHRhcmdldD0iX2JsYW5rIiBzdHlsZT0iYmFja2dyb3VuZC1jb2xvcjogcmdiYSgwLCAwLCAwLCAwKTsgY29sb3I6IHJnYigwLCAxMDEsIDE3OSk7Ij7ku4DkuYjmmK/pgILnlKjkuo4gTGludXgg55qEIFdpbmRvd3Mg5a2Q57O757uf77yIV1NM77yJ77yfPC9hPjwvbGk+PGxpIGRhdGEtbGlzdD0iYnVsbGV0Ij48c3BhbiBjbGFzcz0icWwtdWkiIGNvbnRlbnRlZGl0YWJsZT0iZmFsc2UiPjwvc3Bhbj48YSBocmVmPSJodHRwczovL2Jsb2dzLndpbmRvd3MuY29tL3dpbmRvd3NkZXZlbG9wZXIvMjAyNS8wNS8xOS90aGUtd2luZG93cy1zdWJzeXN0ZW0tZm9yLWxpbnV4LWlzLW5vdy1vcGVuLXNvdXJjZS8iIHJlbD0ibm9vcGVuZXIgbm9yZWZlcnJlciIgdGFyZ2V0PSJfYmxhbmsiIHN0eWxlPSJiYWNrZ3JvdW5kLWNvbG9yOiByZ2JhKDAsIDAsIDAsIDApOyBjb2xvcjogcmdiKDAsIDEwMSwgMTc5KTsiPumAgueUqOS6jiBMaW51eCDnmoQgV2luZG93cyDlrZDns7vnu5/njrDlt7LlvIDmlL7mupDku6PnoIE8L2E+PC9saT48bGkgZGF0YS1saXN0PSJidWxsZXQiPjxzcGFuIGNsYXNzPSJxbC11aSIgY29udGVudGVkaXRhYmxlPSJmYWxzZSI+PC9zcGFuPjxhIGhyZWY9Imh0dHBzOi8vbGVhcm4ubWljcm9zb2Z0LmNvbS96aC1jbi93aW5kb3dzL3dzbC9jb21wYXJlLXZlcnNpb25zI3','{\"msg\":\"操作成功\",\"code\":200}',0,NULL,'2025-08-26 18:21:35',24),(305,'博客文章',1,'com.ruoyi.system.controller.BlogArticleController.add()','POST',1,'admin','研发部门','/system/article','127.0.0.1','内网IP','{\"author\":\"江屿\",\"categoryId\":1,\"commentCount\":0,\"content\":\"PHA+PHNwYW4gc3R5bGU9ImJhY2tncm91bmQtY29sb3I6IHJnYigyNTUsIDI1NSwgMjU1KTsgY29sb3I6IHJnYigyMiwgMjIsIDIyKTsiPumAgueUqOS6jiBMaW51eCDnmoQgV2luZG93cyDlrZDns7vnu5/vvIhXU0zvvInlhYHorrjlvIDlj5HkurrlkZjnm7TmjqXlnKggV2luZG93cyDkuIrov5DooYwgR05VL0xpbnV4IOeOr+Wig++8iOWMheaLrOWkp+WkmuaVsOWRveS7pOihjOW3peWFt+OAgeWunueUqOW3peWFt+WSjOW6lOeUqOeoi+W6j++8ie+8jOaXoOmcgOS8oOe7n+iZmuaLn+acuuaIluWPjOWQr+WKqOiuvue9rueahOW8gOmUgOOAgjwvc3Bhbj48L3A+PHA+PGEgaHJlZj0iaHR0cHM6Ly9sZWFybi5taWNyb3NvZnQuY29tL3poLWNuL3dpbmRvd3Mvd3NsL2luc3RhbGwiIHJlbD0ibm9vcGVuZXIgbm9yZWZlcnJlciIgdGFyZ2V0PSJfYmxhbmsiIHN0eWxlPSJiYWNrZ3JvdW5kLWNvbG9yOiByZ2JhKDAsIDAsIDAsIDApOyBjb2xvcjogcmdiKDAsIDEwMSwgMTc5KTsiPuWuieijhSBXU0w8L2E+PC9wPjxoMj48c3BhbiBzdHlsZT0iYmFja2dyb3VuZC1jb2xvcjogcmdiKDI1NSwgMjU1LCAyNTUpOyBjb2xvcjogcmdiKDIyLCAyMiwgMjIpOyI+5LqG6Kej6K+m57uG5L+h5oGvPC9zcGFuPjwvaDI+PG9sPjxsaSBkYXRhLWxpc3Q9ImJ1bGxldCI+PHNwYW4gY2xhc3M9InFsLXVpIiBjb250ZW50ZWRpdGFibGU9ImZhbHNlIj48L3NwYW4+PGEgaHJlZj0iaHR0cHM6Ly9sZWFybi5taWNyb3NvZnQuY29tL3poLWNuL3dpbmRvd3Mvd3NsL2Fib3V0IiByZWw9Im5vb3BlbmVyIG5vcmVmZXJyZXIiIHRhcmdldD0iX2JsYW5rIiBzdHlsZT0iYmFja2dyb3VuZC1jb2xvcjogcmdiYSgwLCAwLCAwLCAwKTsgY29sb3I6IHJnYigwLCAxMDEsIDE3OSk7Ij7ku4DkuYjmmK/pgILnlKjkuo4gTGludXgg55qEIFdpbmRvd3Mg5a2Q57O757uf77yIV1NM77yJ77yfPC9hPjwvbGk+PGxpIGRhdGEtbGlzdD0iYnVsbGV0Ij48c3BhbiBjbGFzcz0icWwtdWkiIGNvbnRlbnRlZGl0YWJsZT0iZmFsc2UiPjwvc3Bhbj48YSBocmVmPSJodHRwczovL2Jsb2dzLndpbmRvd3MuY29tL3dpbmRvd3NkZXZlbG9wZXIvMjAyNS8wNS8xOS90aGUtd2luZG93cy1zdWJzeXN0ZW0tZm9yLWxpbnV4LWlzLW5vdy1vcGVuLXNvdXJjZS8iIHJlbD0ibm9vcGVuZXIgbm9yZWZlcnJlciIgdGFyZ2V0PSJfYmxhbmsiIHN0eWxlPSJiYWNrZ3JvdW5kLWNvbG9yOiByZ2JhKDAsIDAsIDAsIDApOyBjb2xvcjogcmdiKDAsIDEwMSwgMTc5KTsiPumAgueUqOS6jiBMaW51eCDnmoQgV2luZG93cyDlrZDns7vnu5/njrDlt7LlvIDmlL7mupDku6PnoIE8L2E+PC9saT48bGkgZGF0YS1saXN0PSJidWxsZXQiPjxzcGFuIGNsYXNzPSJxbC11aSIgY29udGVudGVkaXRhYmxlPSJmYWxzZSI+PC9zcGFuPjxhIGhyZWY9Imh0dHBzOi8vbGVhcm4ubWljcm9zb2Z0LmNvbS96aC1jbi93aW5kb3dzL3dzbC9jb21wYXJlLXZlcnNpb25zI3','{\"msg\":\"操作成功\",\"code\":200}',0,NULL,'2025-08-26 18:26:46',86),(306,'博客文章',1,'com.ruoyi.system.controller.BlogArticleController.add()','POST',1,'admin','研发部门','/system/article','127.0.0.1','内网IP','{\"author\":\"江屿\",\"categoryId\":1,\"commentCount\":0,\"content\":\"PHA+PHNwYW4gc3R5bGU9ImNvbG9yOiByZ2IoMjIsIDIyLCAyMik7Ij7pgILnlKjkuo4gTGludXgg55qEIFdpbmRvd3Mg5a2Q57O757uf77yIV1NM77yJ5YWB6K645byA5Y+R5Lq65ZGY55u05o6l5ZyoIFdpbmRvd3Mg5LiK6L+Q6KGMIEdOVS9MaW51eCDnjq/looPvvIjljIXmi6zlpKflpJrmlbDlkb3ku6TooYzlt6XlhbfjgIHlrp7nlKjlt6XlhbflkozlupTnlKjnqIvluo/vvInvvIzml6DpnIDkvKDnu5/omZrmi5/mnLrmiJblj4zlkK/liqjorr7nva7nmoTlvIDplIDjgII8L3NwYW4+PC9wPjxwPjxhIGhyZWY9Imh0dHBzOi8vbGVhcm4ubWljcm9zb2Z0LmNvbS96aC1jbi93aW5kb3dzL3dzbC9pbnN0YWxsIiByZWw9Im5vb3BlbmVyIG5vcmVmZXJyZXIiIHRhcmdldD0iX2JsYW5rIiBzdHlsZT0iYmFja2dyb3VuZC1jb2xvcjogcmdiYSgwLCAwLCAwLCAwKTsgY29sb3I6IHJnYigwLCAxMDEsIDE3OSk7Ij7lronoo4UgV1NMPC9hPjwvcD48aDI+PHNwYW4gc3R5bGU9ImNvbG9yOiByZ2IoMjIsIDIyLCAyMik7Ij7kuobop6Por6bnu4bkv6Hmga88L3NwYW4+PC9oMj48b2w+PGxpIGRhdGEtbGlzdD0iYnVsbGV0Ij48c3BhbiBjbGFzcz0icWwtdWkiIGNvbnRlbnRlZGl0YWJsZT0iZmFsc2UiPjwvc3Bhbj48YSBocmVmPSJodHRwczovL2xlYXJuLm1pY3Jvc29mdC5jb20vemgtY24vd2luZG93cy93c2wvYWJvdXQiIHJlbD0ibm9vcGVuZXIgbm9yZWZlcnJlciIgdGFyZ2V0PSJfYmxhbmsiIHN0eWxlPSJiYWNrZ3JvdW5kLWNvbG9yOiByZ2JhKDAsIDAsIDAsIDApOyBjb2xvcjogcmdiKDAsIDEwMSwgMTc5KTsiPuS7gOS5iOaYr+mAgueUqOS6jiBMaW51eCDnmoQgV2luZG93cyDlrZDns7vnu5/vvIhXU0zvvInvvJ88L2E+PC9saT48bGkgZGF0YS1saXN0PSJidWxsZXQiPjxzcGFuIGNsYXNzPSJxbC11aSIgY29udGVudGVkaXRhYmxlPSJmYWxzZSI+PC9zcGFuPjxhIGhyZWY9Imh0dHBzOi8vYmxvZ3Mud2luZG93cy5jb20vd2luZG93c2RldmVsb3Blci8yMDI1LzA1LzE5L3RoZS13aW5kb3dzLXN1YnN5c3RlbS1mb3ItbGludXgtaXMtbm93LW9wZW4tc291cmNlLyIgcmVsPSJub29wZW5lciBub3JlZmVycmVyIiB0YXJnZXQ9Il9ibGFuayIgc3R5bGU9ImJhY2tncm91bmQtY29sb3I6IHJnYmEoMCwgMCwgMCwgMCk7IGNvbG9yOiByZ2IoMCwgMTAxLCAxNzkpOyI+6YCC55So5LqOIExpbnV4IOeahCBXaW5kb3dzIOWtkOezu+e7n+eOsOW3suW8gOaUvua6kOS7o+eggTwvYT48L2xpPjxsaSBkYXRhLWxpc3Q9ImJ1bGxldCI+PHNwYW4gY2xhc3M9InFsLXVpIiBjb250ZW50ZWRpdGFibGU9ImZhbHNlIj48L3NwYW4+PGEgaHJlZj0iaHR0cHM6Ly9sZWFybi5taWNyb3NvZnQuY29tL3poLWNuL3dpbmRvd3Mvd3NsL2NvbXBhcmUtdmVyc2lvbnMjd2hhdHMtbmV3LWluLXdzbC0yIiByZWw9Im5vb3BlbmVyIG5vcmVmZXJyZXIiIHRhcmdldD0iX2JsYW5rIiBzdHlsZT0iYmFja2dyb3','{\"msg\":\"操作成功\",\"code\":200}',0,NULL,'2025-08-26 18:30:06',94),(307,'博客文章',1,'com.ruoyi.system.controller.BlogArticleController.add()','POST',1,'admin','研发部门','/system/article','127.0.0.1','内网IP','{\"author\":\"江屿\",\"categoryId\":1,\"commentCount\":0,\"content\":\"PHA+PHNwYW4gc3R5bGU9ImNvbG9yOiByZ2IoMjIsIDIyLCAyMik7Ij7pgILnlKjkuo4gTGludXgg55qEIFdpbmRvd3Mg5a2Q57O757uf77yIV1NM77yJ5YWB6K645byA5Y+R5Lq65ZGY55u05o6l5ZyoIFdpbmRvd3Mg5LiK6L+Q6KGMIEdOVS9MaW51eCDnjq/looPvvIjljIXmi6zlpKflpJrmlbDlkb3ku6TooYzlt6XlhbfjgIHlrp7nlKjlt6XlhbflkozlupTnlKjnqIvluo/vvInvvIzml6DpnIDkvKDnu5/omZrmi5/mnLrmiJblj4zlkK/liqjorr7nva7nmoTlvIDplIDjgII8L3NwYW4+PC9wPjxwPjxhIGhyZWY9Imh0dHBzOi8vbGVhcm4ubWljcm9zb2Z0LmNvbS96aC1jbi93aW5kb3dzL3dzbC9pbnN0YWxsIiByZWw9Im5vb3BlbmVyIG5vcmVmZXJyZXIiIHRhcmdldD0iX2JsYW5rIiBzdHlsZT0iYmFja2dyb3VuZC1jb2xvcjogcmdiYSgwLCAwLCAwLCAwKTsgY29sb3I6IHJnYigwLCAxMDEsIDE3OSk7Ij7lronoo4UgV1NMPC9hPjwvcD48aDI+PHNwYW4gc3R5bGU9ImNvbG9yOiByZ2IoMjIsIDIyLCAyMik7Ij7kuobop6Por6bnu4bkv6Hmga88L3NwYW4+PC9oMj48b2w+PGxpIGRhdGEtbGlzdD0iYnVsbGV0Ij48c3BhbiBjbGFzcz0icWwtdWkiIGNvbnRlbnRlZGl0YWJsZT0iZmFsc2UiPjwvc3Bhbj48YSBocmVmPSJodHRwczovL2xlYXJuLm1pY3Jvc29mdC5jb20vemgtY24vd2luZG93cy93c2wvYWJvdXQiIHJlbD0ibm9vcGVuZXIgbm9yZWZlcnJlciIgdGFyZ2V0PSJfYmxhbmsiIHN0eWxlPSJiYWNrZ3JvdW5kLWNvbG9yOiByZ2JhKDAsIDAsIDAsIDApOyBjb2xvcjogcmdiKDAsIDEwMSwgMTc5KTsiPuS7gOS5iOaYr+mAgueUqOS6jiBMaW51eCDnmoQgV2luZG93cyDlrZDns7vnu5/vvIhXU0zvvInvvJ88L2E+PC9saT48bGkgZGF0YS1saXN0PSJidWxsZXQiPjxzcGFuIGNsYXNzPSJxbC11aSIgY29udGVudGVkaXRhYmxlPSJmYWxzZSI+PC9zcGFuPjxhIGhyZWY9Imh0dHBzOi8vYmxvZ3Mud2luZG93cy5jb20vd2luZG93c2RldmVsb3Blci8yMDI1LzA1LzE5L3RoZS13aW5kb3dzLXN1YnN5c3RlbS1mb3ItbGludXgtaXMtbm93LW9wZW4tc291cmNlLyIgcmVsPSJub29wZW5lciBub3JlZmVycmVyIiB0YXJnZXQ9Il9ibGFuayIgc3R5bGU9ImJhY2tncm91bmQtY29sb3I6IHJnYmEoMCwgMCwgMCwgMCk7IGNvbG9yOiByZ2IoMCwgMTAxLCAxNzkpOyI+6YCC55So5LqOIExpbnV4IOeahCBXaW5kb3dzIOWtkOezu+e7n+eOsOW3suW8gOaUvua6kOS7o+eggTwvYT48L2xpPjxsaSBkYXRhLWxpc3Q9ImJ1bGxldCI+PHNwYW4gY2xhc3M9InFsLXVpIiBjb250ZW50ZWRpdGFibGU9ImZhbHNlIj48L3NwYW4+PGEgaHJlZj0iaHR0cHM6Ly9sZWFybi5taWNyb3NvZnQuY29tL3poLWNuL3dpbmRvd3Mvd3NsL2NvbXBhcmUtdmVyc2lvbnMjd2hhdHMtbmV3LWluLXdzbC0yIiByZWw9Im5vb3BlbmVyIG5vcmVmZXJyZXIiIHRhcmdldD0iX2JsYW5rIiBzdHlsZT0iYmFja2dyb3','{\"msg\":\"操作成功\",\"code\":200}',0,NULL,'2025-08-26 18:32:49',79),(308,'博客文章',3,'com.ruoyi.system.controller.BlogArticleController.remove()','DELETE',1,'admin','研发部门','/system/article/42','127.0.0.1','内网IP','[42]','{\"msg\":\"操作成功\",\"code\":200}',0,NULL,'2025-08-26 18:36:16',8),(309,'博客文章',3,'com.ruoyi.system.controller.BlogArticleController.remove()','DELETE',1,'admin','研发部门','/system/article/43','127.0.0.1','内网IP','[43]','{\"msg\":\"操作成功\",\"code\":200}',0,NULL,'2025-08-26 18:36:20',5),(310,'博客文章',3,'com.ruoyi.system.controller.BlogArticleController.remove()','DELETE',1,'admin','研发部门','/system/article/44','127.0.0.1','内网IP','[44]','{\"msg\":\"操作成功\",\"code\":200}',0,NULL,'2025-08-26 18:36:22',4),(311,'博客文章',3,'com.ruoyi.system.controller.BlogArticleController.remove()','DELETE',1,'admin','研发部门','/system/article/45','127.0.0.1','内网IP','[45]','{\"msg\":\"操作成功\",\"code\":200}',0,NULL,'2025-08-26 18:36:24',6),(312,'博客文章',1,'com.ruoyi.system.controller.BlogArticleController.add()','POST',1,'admin','研发部门','/system/article','127.0.0.1','内网IP','{\"author\":\"江屿\",\"categoryId\":2,\"commentCount\":0,\"content\":\"PHA+PHNwYW4gc3R5bGU9ImNvbG9yOiByZ2IoMjIsIDIyLCAyMik7Ij7pgILnlKjkuo4gTGludXgg55qEIFdpbmRvd3Mg5a2Q57O757uf77yIV1NM77yJ5YWB6K645byA5Y+R5Lq65ZGY55u05o6l5ZyoIFdpbmRvd3Mg5LiK6L+Q6KGMIEdOVS9MaW51eCDnjq/looPvvIjljIXmi6zlpKflpJrmlbDlkb3ku6TooYzlt6XlhbfjgIHlrp7nlKjlt6XlhbflkozlupTnlKjnqIvluo/vvInvvIzml6DpnIDkvKDnu5/omZrmi5/mnLrmiJblj4zlkK/liqjorr7nva7nmoTlvIDplIDjgII8L3NwYW4+PC9wPjxwPjxhIGhyZWY9Imh0dHBzOi8vbGVhcm4ubWljcm9zb2Z0LmNvbS96aC1jbi93aW5kb3dzL3dzbC9pbnN0YWxsIiByZWw9Im5vb3BlbmVyIG5vcmVmZXJyZXIiIHRhcmdldD0iX2JsYW5rIiBzdHlsZT0iYmFja2dyb3VuZC1jb2xvcjogcmdiYSgwLCAwLCAwLCAwKTsgY29sb3I6IHJnYigwLCAxMDEsIDE3OSk7Ij7lronoo4UgV1NMPC9hPjwvcD48aDI+PHNwYW4gc3R5bGU9ImNvbG9yOiByZ2IoMjIsIDIyLCAyMik7Ij7kuobop6Por6bnu4bkv6Hmga88L3NwYW4+PC9oMj48b2w+PGxpIGRhdGEtbGlzdD0iYnVsbGV0Ij48c3BhbiBjbGFzcz0icWwtdWkiIGNvbnRlbnRlZGl0YWJsZT0iZmFsc2UiPjwvc3Bhbj48YSBocmVmPSJodHRwczovL2xlYXJuLm1pY3Jvc29mdC5jb20vemgtY24vd2luZG93cy93c2wvYWJvdXQiIHJlbD0ibm9vcGVuZXIgbm9yZWZlcnJlciIgdGFyZ2V0PSJfYmxhbmsiIHN0eWxlPSJiYWNrZ3JvdW5kLWNvbG9yOiByZ2JhKDAsIDAsIDAsIDApOyBjb2xvcjogcmdiKDAsIDEwMSwgMTc5KTsiPuS7gOS5iOaYr+mAgueUqOS6jiBMaW51eCDnmoQgV2luZG93cyDlrZDns7vnu5/vvIhXU0zvvInvvJ88L2E+PC9saT48bGkgZGF0YS1saXN0PSJidWxsZXQiPjxzcGFuIGNsYXNzPSJxbC11aSIgY29udGVudGVkaXRhYmxlPSJmYWxzZSI+PC9zcGFuPjxhIGhyZWY9Imh0dHBzOi8vYmxvZ3Mud2luZG93cy5jb20vd2luZG93c2RldmVsb3Blci8yMDI1LzA1LzE5L3RoZS13aW5kb3dzLXN1YnN5c3RlbS1mb3ItbGludXgtaXMtbm93LW9wZW4tc291cmNlLyIgcmVsPSJub29wZW5lciBub3JlZmVycmVyIiB0YXJnZXQ9Il9ibGFuayIgc3R5bGU9ImJhY2tncm91bmQtY29sb3I6IHJnYmEoMCwgMCwgMCwgMCk7IGNvbG9yOiByZ2IoMCwgMTAxLCAxNzkpOyI+6YCC55So5LqOIExpbnV4IOeahCBXaW5kb3dzIOWtkOezu+e7n+eOsOW3suW8gOaUvua6kOS7o+eggTwvYT48L2xpPjxsaSBkYXRhLWxpc3Q9ImJ1bGxldCI+PHNwYW4gY2xhc3M9InFsLXVpIiBjb250ZW50ZWRpdGFibGU9ImZhbHNlIj48L3NwYW4+PGEgaHJlZj0iaHR0cHM6Ly9sZWFybi5taWNyb3NvZnQuY29tL3poLWNuL3dpbmRvd3Mvd3NsL2NvbXBhcmUtdmVyc2lvbnMjd2hhdHMtbmV3LWluLXdzbC0yIiByZWw9Im5vb3BlbmVyIG5vcmVmZXJyZXIiIHRhcmdldD0iX2JsYW5rIiBzdHlsZT0iYmFja2dyb3','{\"msg\":\"操作成功\",\"code\":200}',0,NULL,'2025-08-26 18:36:39',14),(313,'博客文章',1,'com.ruoyi.system.controller.BlogArticleController.add()','POST',1,'admin','研发部门','/system/article','127.0.0.1','内网IP','{\"author\":\"江屿\",\"categoryId\":1,\"commentCount\":0,\"content\":\"PHA+PHNwYW4gc3R5bGU9ImNvbG9yOiByZ2IoMjIsIDIyLCAyMik7Ij7pgILnlKjkuo4gTGludXgg55qEIFdpbmRvd3Mg5a2Q57O757uf77yIV1NM77yJ5YWB6K645byA5Y+R5Lq65ZGY55u05o6l5ZyoIFdpbmRvd3Mg5LiK6L+Q6KGMIEdOVS9MaW51eCDnjq/looPvvIjljIXmi6zlpKflpJrmlbDlkb3ku6TooYzlt6XlhbfjgIHlrp7nlKjlt6XlhbflkozlupTnlKjnqIvluo/vvInvvIzml6DpnIDkvKDnu5/omZrmi5/mnLrmiJblj4zlkK/liqjorr7nva7nmoTlvIDplIDjgII8L3NwYW4+PC9wPjxwPjxhIGhyZWY9Imh0dHBzOi8vbGVhcm4ubWljcm9zb2Z0LmNvbS96aC1jbi93aW5kb3dzL3dzbC9pbnN0YWxsIiByZWw9Im5vb3BlbmVyIG5vcmVmZXJyZXIiIHRhcmdldD0iX2JsYW5rIiBzdHlsZT0iYmFja2dyb3VuZC1jb2xvcjogcmdiYSgwLCAwLCAwLCAwKTsgY29sb3I6IHJnYigwLCAxMDEsIDE3OSk7Ij7lronoo4UgV1NMPC9hPjwvcD48aDI+PHNwYW4gc3R5bGU9ImNvbG9yOiByZ2IoMjIsIDIyLCAyMik7Ij7kuobop6Por6bnu4bkv6Hmga88L3NwYW4+PC9oMj48b2w+PGxpIGRhdGEtbGlzdD0iYnVsbGV0Ij48c3BhbiBjbGFzcz0icWwtdWkiIGNvbnRlbnRlZGl0YWJsZT0iZmFsc2UiPjwvc3Bhbj48YSBocmVmPSJodHRwczovL2xlYXJuLm1pY3Jvc29mdC5jb20vemgtY24vd2luZG93cy93c2wvYWJvdXQiIHJlbD0ibm9vcGVuZXIgbm9yZWZlcnJlciIgdGFyZ2V0PSJfYmxhbmsiIHN0eWxlPSJiYWNrZ3JvdW5kLWNvbG9yOiByZ2JhKDAsIDAsIDAsIDApOyBjb2xvcjogcmdiKDAsIDEwMSwgMTc5KTsiPuS7gOS5iOaYr+mAgueUqOS6jiBMaW51eCDnmoQgV2luZG93cyDlrZDns7vnu5/vvIhXU0zvvInvvJ88L2E+PC9saT48bGkgZGF0YS1saXN0PSJidWxsZXQiPjxzcGFuIGNsYXNzPSJxbC11aSIgY29udGVudGVkaXRhYmxlPSJmYWxzZSI+PC9zcGFuPjxhIGhyZWY9Imh0dHBzOi8vYmxvZ3Mud2luZG93cy5jb20vd2luZG93c2RldmVsb3Blci8yMDI1LzA1LzE5L3RoZS13aW5kb3dzLXN1YnN5c3RlbS1mb3ItbGludXgtaXMtbm93LW9wZW4tc291cmNlLyIgcmVsPSJub29wZW5lciBub3JlZmVycmVyIiB0YXJnZXQ9Il9ibGFuayIgc3R5bGU9ImJhY2tncm91bmQtY29sb3I6IHJnYmEoMCwgMCwgMCwgMCk7IGNvbG9yOiByZ2IoMCwgMTAxLCAxNzkpOyI+6YCC55So5LqOIExpbnV4IOeahCBXaW5kb3dzIOWtkOezu+e7n+eOsOW3suW8gOaUvua6kOS7o+eggTwvYT48L2xpPjxsaSBkYXRhLWxpc3Q9ImJ1bGxldCI+PHNwYW4gY2xhc3M9InFsLXVpIiBjb250ZW50ZWRpdGFibGU9ImZhbHNlIj48L3NwYW4+PGEgaHJlZj0iaHR0cHM6Ly9sZWFybi5taWNyb3NvZnQuY29tL3poLWNuL3dpbmRvd3Mvd3NsL2NvbXBhcmUtdmVyc2lvbnMjd2hhdHMtbmV3LWluLXdzbC0yIiByZWw9Im5vb3BlbmVyIG5vcmVmZXJyZXIiIHRhcmdldD0iX2JsYW5rIiBzdHlsZT0iYmFja2dyb3','{\"msg\":\"操作成功\",\"code\":200}',0,NULL,'2025-08-26 18:53:35',87),(314,'博客文章',2,'com.ruoyi.system.controller.BlogArticleController.edit()','PUT',1,'admin','研发部门','/system/article','127.0.0.1','内网IP','{\"author\":\"江屿\",\"categoryId\":1,\"commentCount\":0,\"content\":\"PHA+UEhBK1BITndZVzRnYzNSNWJHVTlJbU52Ykc5eU9pQnlaMklvTWpJc0lESXlMQ0F5TWlrN0lqN3BnSUxubEtqa3VvNGdUR2x1ZFhnZzU1cUVJRmRwYm1SdmQzTWc1YTJRNTdPNzU3dWY3N3lJVjFOTTc3eUo1WVdCNks2NDVieUE1WStSNUxxNjVaR1k1NXUwNW82bDVaeW9JRmRwYm1SdmQzTWc1TGlLNkwrUTZLR01JRWRPVlM5TWFXNTFlQ0RuanEvbG9vUHZ2SWpsaklYbWk2emxwS2ZscEpybWxiRGxrYjNrdTZUb29Zemx0NlhsaGJmamdJSGxycDdubEtqbHQ2WGxoYmZsa296bHVwVG5sS2pucUl2bHVvL3Z2SW52dkl6bWw2RHBuSURrdktEbnU1L29tWnJtaTUvbW5Mcm1pSmJsajR6bGtLL2xpcWpvcnI3bnZhN25tb1RsdklEcGxJRGpnSUk4TDNOd1lXNCtQQzl3UGp4d1BqeGhJR2h5WldZOUltaDBkSEJ6T2k4dmJHVmhjbTR1YldsamNtOXpiMlowTG1OdmJTOTZhQzFqYmk5M2FXNWtiM2R6TDNkemJDOXBibk4wWVd4c0lpQnlaV3c5SW01dmIzQmxibVZ5SUc1dmNtVm1aWEp5WlhJaUlIUmhjbWRsZEQwaVgySnNZVzVySWlCemRIbHNaVDBpWW1GamEyZHliM1Z1WkMxamIyeHZjam9nY21kaVlTZ3dMQ0F3TENBd0xDQXdLVHNnWTI5c2IzSTZJSEpuWWlnd0xDQXhNREVzSURFM09TazdJajdscm9ub280VWdWMU5NUEM5aFBqd3ZjRDQ4YURJK1BITndZVzRnYzNSNWJHVTlJbU52Ykc5eU9pQnlaMklvTWpJc0lESXlMQ0F5TWlrN0lqN2t1b2JvcDZQb3I2Ym51NGJrdjZIbWdhODhMM053WVc0K1BDOW9NajQ4YjJ3K1BHeHBJR1JoZEdFdGJHbHpkRDBpWW5Wc2JHVjBJajQ4YzNCaGJpQmpiR0Z6Y3owaWNXd3RkV2tpSUdOdmJuUmxiblJsWkdsMFlXSnNaVDBpWm1Gc2MyVWlQand2YzNCaGJqNDhZU0JvY21WbVBTSm9kSFJ3Y3pvdkwyeGxZWEp1TG0xcFkzSnZjMjltZEM1amIyMHZlbWd0WTI0dmQybHVaRzkzY3k5M2Myd3ZZV0p2ZFhRaUlISmxiRDBpYm05dmNHVnVaWElnYm05eVpXWmxjbkpsY2lJZ2RHRnlaMlYwUFNKZllteGhibXNpSUhOMGVXeGxQU0ppWVdOclozSnZkVzVrTFdOdmJHOXlPaUJ5WjJKaEtEQXNJREFzSURBc0lEQXBPeUJqYjJ4dmNqb2djbWRpS0RBc0lERXdNU3dnTVRjNUtUc2lQdVM3Z09TNWlPYVlyK21BZ3VlVXFPUzZqaUJNYVc1MWVDRG5tb1FnVjJsdVpHOTNjeURsclpEbnM3dm51NS92dkloWFUwenZ2SW52dko4OEwyRStQQzlzYVQ0OGJHa2daR0YwWVMxc2FYTjBQU0ppZFd4c1pYUWlQanh6Y0dGdUlHTnNZWE56UFNKeGJDMTFhU0lnWTI5dWRHVnVkR1ZrYVhSaFlteGxQU0ptWVd4elpTSStQQzl6Y0dGdVBqeGhJR2h5WldZOUltaDBkSEJ6T2k4dllteHZaM011ZDJsdVpHOTNjeTVqYjIwdmQybHVaRzkzYzJSbGRtVnNiM0JsY2k4eU1ESTFMekExTHpFNUwzUm9aUzEzYVc1a2IzZHpMWE4xWW5ONWMzUmxiUzFtYjNJdGJHbHVkWGd0YVhNdGJtOTNMVzl3Wlc0dGMyOTFjbU5sTHlJZ2NtVnNQU0p1YjI5d1pXNWxjaUJ1YjNKbFptVnljbVZ5SWlCMFlYSm5aWFE5SW','{\"msg\":\"操作成功\",\"code\":200}',0,NULL,'2025-08-26 18:53:43',16),(315,'博客文章',1,'com.ruoyi.system.controller.BlogArticleController.add()','POST',1,'admin','研发部门','/system/article','127.0.0.1','内网IP','{\"author\":\"江屿\",\"categoryId\":1,\"commentCount\":0,\"content\":\"PHA+6Ii45ZCM5LusPC9wPg==\",\"createTime\":\"2025-08-26 19:01:14\",\"id\":50,\"isRecommend\":0,\"isTop\":0,\"likeCount\":0,\"params\":{},\"status\":0,\"title\":\"56ea5qkf\",\"viewCount\":0}','{\"msg\":\"操作成功\",\"code\":200}',0,NULL,'2025-08-26 19:01:14',79),(316,'博客文章',3,'com.ruoyi.system.controller.BlogArticleController.remove()','DELETE',1,'admin','研发部门','/system/article/50','127.0.0.1','内网IP','[50]','{\"msg\":\"操作成功\",\"code\":200}',0,NULL,'2025-08-26 19:06:00',27),(317,'博客文章',2,'com.ruoyi.system.controller.BlogArticleController.edit()','PUT',1,'admin','研发部门','/system/article','127.0.0.1','内网IP','{\"author\":\"江屿\",\"content\":\"vivo和OPPO紧随其后，排在第4位的是小米\",\"coverUrl\":\"/profile/upload/2025/08/13/baoti_20250813155849A001.jpg\",\"createTime\":\"2025-07-18 23:03:44\",\"id\":25,\"params\":{},\"status\":1,\"title\":\"vivo和oppo紧随其后，4位的是小米\",\"updateTime\":\"2025-08-28 15:56:43\"}','{\"msg\":\"操作成功\",\"code\":200}',0,NULL,'2025-08-28 15:56:43',27),(318,'博客文章',2,'com.ruoyi.system.controller.BlogArticleController.edit()','PUT',1,'admin','研发部门','/system/article','127.0.0.1','内网IP','{\"author\":\"江屿\",\"categoryId\":1,\"commentCount\":0,\"content\":\"发布文章的时候提示：JSON parse error: Unexpected character (\'t\' (code 116)): was expecting comma to separate Object entries; nested exception is com.fasterxml.jackson.core.JsonParseException: Unexpected character (\'t\' (code 116)): was expecting comma to separate Object entries at [Source: (org.springframework.util.StreamUtils$NonClosingInputStream); line: 1, column: 769]\",\"createTime\":\"2025-08-26 18:53:36\",\"id\":49,\"isRecommend\":0,\"isTop\":0,\"likeCount\":0,\"params\":{},\"status\":0,\"title\":\"陕西广电网络“秦岭云”平台实现deepseek本地化部署\",\"updateTime\":\"2025-08-28 16:37:49\",\"viewCount\":0}','{\"msg\":\"操作成功\",\"code\":200}',0,NULL,'2025-08-28 16:37:49',18),(319,'文章分类',1,'com.ruoyi.system.controller.BlogCategoryController.add()','POST',1,'admin','研发部门','/system/category','127.0.0.1','内网IP','{\"createTime\":\"2025-09-09 14:04:06\",\"id\":4,\"name\":\"科技\",\"params\":{},\"sort\":0}','{\"msg\":\"操作成功\",\"code\":200}',0,NULL,'2025-09-09 14:04:06',10),(320,'博客文章',2,'com.ruoyi.system.controller.BlogArticleController.edit()','PUT',1,'admin','研发部门','/system/article','127.0.0.1','内网IP','{\"author\":\"江屿\",\"categoryId\":4,\"content\":\"现在有越来越多的开源模型，可以让你在自己的电脑或服务器上运行。使用本地模型有许多优势：完全离线运行，保护隐私数据安全无需支付在线 API 费用完全离线，服务稳定，无网络延迟可以自由调整和定制模型参数Chatbox 可以很好地连接到 Ollama 服务，让你在使用本地模型时可以获取 Chatbox 提供的更多强大功能，比如 Artifact Preview、文件解析、会话话题管理、Prompt 管理等。（注意：运行本地模型对你的电脑配置有一定要求，包括内存、GPU 等。如果出现卡顿，请尝试降低模型参数。）\",\"coverUrl\":\"/profile/upload/2025/08/14/fst_20250814161950A001.jpg\",\"createTime\":\"2025-07-24 10:52:06\",\"id\":30,\"params\":{},\"status\":1,\"title\":\"如何将 chatbox 连接到远程 ollama 服务：逐步指南\",\"updateTime\":\"2025-09-09 14:04:16\"}','{\"msg\":\"操作成功\",\"code\":200}',0,NULL,'2025-09-09 14:04:16',18),(321,'博客文章',1,'com.ruoyi.system.controller.BlogArticleController.add()','POST',1,'admin','研发部门','/system/article','127.0.0.1','内网IP','{\"author\":\"江屿\",\"categoryId\":4,\"content\":\"PHA+PHNwYW4gc3R5bGU9ImJhY2tncm91bmQtY29sb3I6IHJnYigyNTUsIDI1NSwgMjU1KTsgY29sb3I6IHJnYig1MSwgNTEsIDUxKTsiPuW/q+enkeaKgDnmnIg35pel5raI5oGv77yM5LuK5pel77yMPC9zcGFuPjxzdHJvbmcgc3R5bGU9ImJhY2tncm91bmQtY29sb3I6IHJnYigyNTUsIDI1NSwgMjU1KTsgY29sb3I6IHJnYigyNTUsIDAsIDApOyI+6K+N5p2hI+i/mTPnp43kuoznu7TnoIHkuI3og73miasj55m75LiK5b6u5Y2a54Ot5pCc77yM5byV6LW3572R5Y+L54Ot6K6u44CCPC9zdHJvbmc+PC9wPjxwPjxzcGFuIHN0eWxlPSJiYWNrZ3JvdW5kLWNvbG9yOiByZ2IoMjU1LCAyNTUsIDI1NSk7IGNvbG9yOiByZ2IoNTEsIDUxLCA1MSk7Ij7moLnmja7kurrmsJHnvZHop4bpopHvvIwz56eN6Ie05ZG95LqM57u056CB5omr5LiA5qyh5Y+v6IO95a625bqV5bCx5rKh5LqG44CCPC9zcGFuPjwvcD48cCBjbGFzcz0icWwtYWxpZ24tY2VudGVyIj48dSBzdHlsZT0iYmFja2dyb3VuZC1jb2xvcjogcmdiKDI1NSwgMjU1LCAyNTUpOyBjb2xvcjogcmdiKDAsIDE1MywgMjU1KTsiPjxhIGhyZWY9Imh0dHBzOi8vaW1nMS5teWRyaXZlcnMuY29tL2ltZy8yMDI1MDkwNy82YTY1NzM2MGE5MmY0MjgxYWJjMjMwODUwNjRjYTQzNi5wbmciIHJlbD0ibm9vcGVuZXIgbm9yZWZlcnJlciIgdGFyZ2V0PSJfYmxhbmsiPjxpbWcgc3JjPSJodHRwczovL2ltZzEubXlkcml2ZXJzLmNvbS9pbWcvMjAyNTA5MDcvc182YTY1NzM2MGE5MmY0MjgxYWJjMjMwODUwNjRjYTQzNi5wbmciIGFsdD0i6L+ZM+enjeS6jOe7tOeggeS4jeiDveaJqyDmiavkuIDmrKHlj6/og73lrrblupXlsLHmsqHkuoYiPjwvYT48L3U+PC9wPjxwIGNsYXNzPSJxbC1hbGlnbi1jZW50ZXIiPjx1IHN0eWxlPSJiYWNrZ3JvdW5kLWNvbG9yOiByZ2IoMjU1LCAyNTUsIDI1NSk7IGNvbG9yOiByZ2IoMCwgMTUzLCAyNTUpOyI+PGEgaHJlZj0iaHR0cHM6Ly9pbWcxLm15ZHJpdmVycy5jb20vaW1nLzIwMjUwOTA3LzI1M2ViOGM2NTg2NDQ0OGE5ZGVmNGZkMTgyM2U0YTZlLnBuZyIgcmVsPSJub29wZW5lciBub3JlZmVycmVyIiB0YXJnZXQ9Il9ibGFuayI+PGltZyBzcmM9Imh0dHBzOi8vaW1nMS5teWRyaXZlcnMuY29tL2ltZy8yMDI1MDkwNy9zXzI1M2ViOGM2NTg2NDQ0OGE5ZGVmNGZkMTgyM2U0YTZlLnBuZyIgYWx0PSLov5kz56eN5LqM57u056CB5LiN6IO95omrIOaJq+S4gOasoeWPr+iDveWutuW6leWwseayoeS6hiI+PC9hPjwvdT48L3A+PHA+PHN0cm9uZyBzdHlsZT0iYmFja2dyb3VuZC1jb2xvcjogcmdiKDI1NSwgMjU1LCAyNTUpOyBjb2xvcjogcmdiKDUxLCA1MSwgNTEpOyI+56ys5LiA56eN5piv5YWN6LS56aKG5Y+W56S85ZOB55qE5LqM57u056CB5LiN6IO95omr77yMPC9zdHJvbmc+PHNwYW4gc3R5bGU9ImJhY2tncm91bmQtY29sb3I6IHJnYigyNTUsIDI1NSwgMjU1KTsgY29sb3I6IHJnYig1MSwgNTEsIDUxKTsiPuWkp+ihl+S','{\"msg\":\"操作成功\",\"code\":200}',0,NULL,'2025-09-09 14:16:01',82),(322,'博客文章',3,'com.ruoyi.system.controller.BlogArticleController.remove()','DELETE',1,'admin','研发部门','/system/article/51','127.0.0.1','内网IP','[51]','{\"msg\":\"操作成功\",\"code\":200}',0,NULL,'2025-09-09 14:22:59',12),(323,'博客文章',1,'com.ruoyi.system.controller.BlogArticleController.add()','POST',1,'admin','研发部门','/system/article','127.0.0.1','内网IP','{\"author\":\"江屿\",\"categoryId\":4,\"content\":\"<strong>第一种是免费领取礼品的二维码不能扫，</strong>大街上、公园里、商场中经常会遇见只要扫码安装App就能免费领取礼品的情况，但这些App中很可能被植入了木马病毒，它会获取你手机内的重要信息盗取你的钱财。<strong>第二种是快递单上的二维码不能扫，</strong>在快递单上，我们经常看到扫码返现、领红包、赠送礼品的字样，看起来很诱人，<strong>但它既不是商家的福利，也不是快递官方的活动，一旦扫码就会一步一步地落入诈骗分子的圈套。</strong><strong>第三种是测试题的二维码不能扫描，</strong>像测星座、测运势、测面相、测MBTI等。这些在测试之前需要输入手机号、姓名、身份证号等个人信息，<strong>你前脚填写完信息，后脚骗子就可能收集你的所有信息，拼凑成你的个人档案，根据你的喜好进行精准诈骗。</strong>\",\"createTime\":\"2025-09-09 14:24:16\",\"id\":52,\"isRecommend\":0,\"isTop\":0,\"params\":{},\"status\":1,\"title\":\"3种致命二维码扫一次可能家底就没了\"}','{\"msg\":\"操作成功\",\"code\":200}',0,NULL,'2025-09-09 14:24:16',7),(324,'博客文章',2,'com.ruoyi.system.controller.BlogArticleController.edit()','PUT',1,'admin','研发部门','/system/article','127.0.0.1','内网IP','{\"author\":\"江屿\",\"content\":\"vivo和OPPO紧随其后，排在第4位的是小米\",\"coverUrl\":\"/profile/upload/2025/08/13/baoti_20250813155849A001.jpg\",\"createTime\":\"2025-07-18 23:03:44\",\"id\":25,\"params\":{},\"status\":1,\"title\":\"vivo和oppo紧随其后，4位的是小米\",\"updateTime\":\"2025-09-10 08:44:51\"}','{\"msg\":\"操作成功\",\"code\":200}',0,NULL,'2025-09-10 08:44:51',13),(325,'菜单管理',3,'com.ruoyi.web.controller.system.SysMenuController.remove()','DELETE',1,'admin','研发部门','/system/menu/4','127.0.0.1','内网IP','4','{\"msg\":\"菜单已分配,不允许删除\",\"code\":601}',0,NULL,'2025-09-15 14:46:05',13),(326,'博客文章',1,'com.ruoyi.system.controller.BlogArticleController.add()','POST',1,'admin','研发部门','/system/article','127.0.0.1','内网IP','{\"author\":\"江屿\",\"categoryId\":4,\"content\":\"\\t各省、自治区、直辖市及计划单列市科技型中小企业工作主管部门：\\t为深入贯彻落实党中央、国务院关于推动科技创新和产业创新深度融合，强化企业科技创新主体地位决策部署，促进中小企业专精特新发展，根据《科技型中小企业评价办法》（国科发政〔2017〕115号）和《科技型中小企业评价服务工作指引》（国科火字〔2022〕67号）有关要求，参照工业和信息化部办公厅《关于开展2024年度科技型中小企业评价工作的通知》（工信厅企业函〔2024〕244号），现就开展2025年度科技型中小企业评价工作通知如下：\\t一、企业参评要求\\t符合条件的中小企业按照自愿原则，登录优质中小企业梯度培育平台（https://zjtx.miit.gov.cn/）“科技型中小企业”评价系统（以下简称评价系统）注册并填报企业相关信息，上传加盖企业公章的相关佐证材料，并保证所填内容和提交资料准确、真实、合法、有效，不通过第三方中介机构申报。如有弄虚作假行为，取消本年度评价资格，且三年内不得参与评价。\\t二、评价工作相关要求\\t各省、自治区、直辖市及计划单列市科技型中小企业工作主管部门（以下统称省级主管部门）要认真做好科技型中小企业评价工作：\\t（一）对参评企业材料进行全面审核。各省级主管部门应组织评价机构对所有企业填报资料和佐证材料进行审核。信息完整且符合条件的，由省级主管部门在评价系统公示10个工作日。公示无异议的企业，纳入全国科技型中小企业信息库并在评价系统公告。\\t（二）对部分企业进行实地核查。本年度参评企业如符合以下情况之一，各省级主管部门应在公示前组织评价机构开展实地核查，并做好核查材料留存：\\t1.职工总数为5人及以下的企业。\\t2.科技人员占比90%及以上，且职工总数50人及以上的企业。\\t3.过去三年曾有严重违法失信、撤销入库编号等情况的企业。\\t4.首次参评的企业。\\t（三）组织开展入库企业集中抽查工作。各省级主管部门组织评价机构开展年底集中随机抽查，按照不低于5%的比例对全年入库科技型中小企业进行申请材料核验，对不符合条件的企业予以撤销编号。\\t（四）强化评价工作督办机制。各省级主管部门应主动向社会公开监督方式，自觉接受社会监督，及时核实处理拟入库企业公示异议、投诉和举报信息。针对评价工作中风险异议企业数量较多的地区，我部将组织有关机构开展实地监督指导，改进提高评价工作质量。\\t（五）做好年度评价工作总结。各省级主管部门应及时总结本年度科技型中小企业评价工作，包括评价工作开展情况、实地核查工作情况、享受研发费用加计扣除政策情况、地方出台相关政策及落实情况、主要经验和做法、存在问题和下一步工作建议等内容。\\t三、时间安排\\t2025年度，评价系统将于6月30日—9月30日开放，期间企业可填报信息。各省级主管部门应于10月31日前完成所有批次拟入库企业公示，12月15日前完成入库企业集中随机抽查和相关处理工作，12月31日前完成并提交年度评价工作总结。\\t&nbsp;\\t&nbsp;\\t&nbsp;\\t工业和信息化部中小企业局\\t2025年6月24日\",\"createTime\":\"2025-09-17 11:49:34\",\"id\":53,\"isRecommend\":0,\"isTop\":0,\"params\":{},\"status\":1,\"title\":\"关于征集2025年度中小企业人工智能典型应用场景的通知\"}','{\"msg\":\"操作成功\",\"code\":200}',0,NULL,'2025-09-17 11:49:34',19),(327,'博客文章',3,'com.ruoyi.system.controller.BlogArticleController.remove()','DELETE',1,'admin','研发部门','/system/article/48','127.0.0.1','内网IP','[48]','{\"msg\":\"操作成功\",\"code\":200}',0,NULL,'2025-09-17 11:49:54',11),(328,'博客文章',2,'com.ruoyi.system.controller.BlogArticleController.edit()','PUT',1,'admin','研发部门','/system/article','127.0.0.1','内网IP','{\"author\":\"江屿\",\"content\":\"vivo和OPPO紧随其后，排在第4位的是小米\",\"coverUrl\":\"/profile/upload/2025/08/13/baoti_20250813155849A001.jpg\",\"createTime\":\"2025-07-18 23:03:44\",\"id\":25,\"params\":{},\"status\":1,\"title\":\"vivo和oppo紧随其后，4位的是小米\",\"updateTime\":\"2025-10-11 14:08:57\"}','{\"msg\":\"操作成功\",\"code\":200}',0,NULL,'2025-10-11 14:08:57',20),(329,'博客文章',3,'com.ruoyi.system.controller.BlogArticleController.remove()','DELETE',1,'admin','研发部门','/system/article/53','127.0.0.1','内网IP','[53]','{\"msg\":\"操作成功\",\"code\":200}',0,NULL,'2025-10-11 14:14:40',11),(330,'博客文章',3,'com.ruoyi.system.controller.BlogArticleController.remove()','DELETE',1,'admin','研发部门','/system/article/52','127.0.0.1','内网IP','[52]','{\"msg\":\"操作成功\",\"code\":200}',0,NULL,'2025-10-11 14:14:42',8),(331,'博客文章',1,'com.ruoyi.system.controller.BlogArticleController.add()','POST',1,'admin','研发部门','/system/article','127.0.0.1','内网IP','{\"author\":\"江屿\",\"categoryId\":1,\"content\":\"（第一次在电脑安装时，执行完本节内容，可跳过1.2节内容。）打开Windows Powershell界面（开始菜单右键）# 脚本执行策略更改，默认自动同意Set-ExecutionPolicy RemoteSigned -scope CurrentUser -Force# 执行安装命令（默认安装在用户目录下，如需更改请执行“自定义安装目录”命令）iwr -useb scoop.201704.xyz | iex## 自定义安装目录（注意将目录修改为合适位置)irm scoop.201704.xyz -outfile \'install.ps1\'.\\\\install.ps1 -ScoopDir \'D:\\\\Scoop\' -ScoopGlobalDir \'D:\\\\GlobalScoopApps\'1.2 已安装scoop,更换镜像（适用于已安装官方源或其他镜像地址的人使用)# 更换scoop的repo地址scoop config SCOOP_REPO \\\"https://gitee.com/scoop-installer/scoop\\\"# 拉取新库地址scoop update1.3 切换scoop分支本库包含如下分支。分支含义基于原版分支master代理分流,根据电脑网络环境自动判断masterdevelop代理分流，同上developarchive原版，无任何修改master安装默认选择master分支，想要切换到其他分支，可执行如下命令# 切换分支到developscoop config scoop_branch develop# 重新拉取gitscoop update2. 添加bucket2.1 安装git程序#必装git，scoop及bucket更新均依赖此软件scoop install git2.2 添加已知bucket#查询已知bucketscoop bucket known#添加bucketscoop bucket add extras\",\"createTime\":\"2025-10-11 14:15:25\",\"id\":54,\"isRecommend\":0,\"isTop\":0,\"params\":{},\"status\":1,\"title\":\"装scoop主程序\"}','{\"msg\":\"操作成功\",\"code\":200}',0,NULL,'2025-10-11 14:15:25',18),(332,'博客文章',3,'com.ruoyi.system.controller.BlogArticleController.remove()','DELETE',1,'admin','研发部门','/system/article/30','127.0.0.1','内网IP','[30]','{\"msg\":\"操作成功\",\"code\":200}',0,NULL,'2025-10-11 14:15:32',7),(333,'博客文章',2,'com.ruoyi.system.controller.BlogArticleController.edit()','PUT',1,'admin','研发部门','/system/article','127.0.0.1','内网IP','{\"author\":\"江屿\",\"content\":\"vivo和OPPO紧随其后，排在第4位的是小米\",\"coverUrl\":\"/profile/upload/2025/08/13/baoti_20250813155849A001.jpg\",\"createTime\":\"2025-07-18 23:03:44\",\"id\":25,\"params\":{},\"status\":1,\"title\":\"vivo和oppo紧随其后\",\"updateTime\":\"2025-10-11 14:31:53\"}','{\"msg\":\"操作成功\",\"code\":200}',0,NULL,'2025-10-11 14:31:53',26),(334,'博客文章',3,'com.ruoyi.system.controller.BlogArticleController.remove()','DELETE',1,'admin','研发部门','/system/article/25','127.0.0.1','内网IP','[25]','{\"msg\":\"操作成功\",\"code\":200}',0,NULL,'2025-10-11 14:32:00',10),(335,'博客文章',1,'com.ruoyi.system.controller.BlogArticleController.add()','POST',1,'admin','研发部门','/system/article','127.0.0.1','内网IP','{\"authorId\":1,\"categoryId\":2,\"content\":\"既然降价，那么就一定会有减配，其中最令人印象深刻的莫过于Model Y的后杯架了，<strong>之所以如此，是因为它竟然被设置在了后排中间座椅的靠背上</strong>。这就意味着，如果你想用它，那么第二排就只能最多坐两个人.好消息是可以很方面的拿取后备厢里的物品，坏消息是，使用过程中，如果出现急刹车，后备厢里装的物品有可能因为惯性冲到车舱内。如此方案一被公布，旋即引发吐槽无数，不少人纷纷表示真是活久见，<strong>不过也有特斯拉粉丝认为是一种创新，毕竟后排杯架的使用率并没有那么高，弄成这样完全没有问题</strong>。近日有网友掏出了一篇小作文，表示自己最喜欢的就是这个带杯架的可折叠中央座椅，甚至还从里面悟出了人生哲理。该网友写道：<strong>这虽然是一个很小的细节，但却完美地体现了特斯拉的DNA。</strong>尽管如今特斯拉已成为一家市值高达1.4万亿美元的成功企业，但其团队依然像初创公司一样斗志昂扬，不断寻找巧妙的方法节省成本、精简部件、保持实用性，并让汽车更容易被大众接受。在我看来，它兼具可爱、智慧和硬核的特质。你可以看出，工程师们对这辆车的每一寸细节都用心良苦。<strong>它提醒我，即使我取得了成功，脚踏实地也同样重要。</strong>比如，坐在后备箱打开的车里，用这个杯架喝一杯简单的饮料，让AI机器人载我去各个地方。虽然有些车有时尚高档的杯架，而我的车有这个更实用的装置，但它们的用途都是一样的，就是用来放饮料。<strong>它提醒我，幸福并非来自于外表的华丽，而是来自于你对现有事物的珍惜。</strong>无论我的生活多么精彩，我都绝不想失去这种人生观。对于该网友的“小作文”，评论区基本分成两个派别，有人认为他是脑残粉在“舔”，也有人觉得这是一篇优秀的阴阳文，是在吐槽，那么你觉得以上两种哪种最有可能是他的初衷？\",\"createTime\":\"2025-10-11 14:32:37\",\"isRecommend\":0,\"isTop\":0,\"params\":{},\"status\":1,\"title\":\"完美体现特斯拉dna！网友从廉价版model y后排杯架悟出人生哲理\"}',NULL,1,'\n### Error updating database.  Cause: java.sql.SQLIntegrityConstraintViolationException: Column \'author\' cannot be null\n### The error may exist in URL [jar:file:/home/nevell/code/newblog/ruoyi-vue/ruoyi-admin/target/ruoyi-admin.jar!/BOOT-INF/lib/ruoyi-system-3.9.0.jar!/mapper/system/BlogArticleMapper.xml]\n### The error may involve com.ruoyi.system.mapper.BlogArticleMapper.insertBlogArticle-Inline\n### The error occurred while setting parameters\n### SQL: insert into blog_article         (title, summary, content, cover_url, category_id, author, is_top, is_recommend, status, view_count, like_count, comment_count, create_time, update_time, del_flag)         values         (?, ?, ?, ?, ?, ?, ?, ?, ?, ?, ?, ?, ?, ?, ?)\n### Cause: java.sql.SQLIntegrityConstraintViolationException: Column \'author\' cannot be null\n; Column \'author\' cannot be null; nested exception is java.sql.SQLIntegrityConstraintViolationException: Column \'author\' cannot be null','2025-10-11 14:32:37',48),(336,'博客文章',1,'com.ruoyi.system.controller.BlogArticleController.add()','POST',1,'admin','研发部门','/system/article','127.0.0.1','内网IP','{\"authorId\":1,\"categoryId\":2,\"content\":\"既然降价，那么就一定会有减配，其中最令人印象深刻的莫过于Model Y的后杯架了，<strong>之所以如此，是因为它竟然被设置在了后排中间座椅的靠背上</strong>。这就意味着，如果你想用它，那么第二排就只能最多坐两个人.好消息是可以很方面的拿取后备厢里的物品，坏消息是，使用过程中，如果出现急刹车，后备厢里装的物品有可能因为惯性冲到车舱内。如此方案一被公布，旋即引发吐槽无数，不少人纷纷表示真是活久见，<strong>不过也有特斯拉粉丝认为是一种创新，毕竟后排杯架的使用率并没有那么高，弄成这样完全没有问题</strong>。近日有网友掏出了一篇小作文，表示自己最喜欢的就是这个带杯架的可折叠中央座椅，甚至还从里面悟出了人生哲理。该网友写道：<strong>这虽然是一个很小的细节，但却完美地体现了特斯拉的DNA。</strong>尽管如今特斯拉已成为一家市值高达1.4万亿美元的成功企业，但其团队依然像初创公司一样斗志昂扬，不断寻找巧妙的方法节省成本、精简部件、保持实用性，并让汽车更容易被大众接受。在我看来，它兼具可爱、智慧和硬核的特质。你可以看出，工程师们对这辆车的每一寸细节都用心良苦。<strong>它提醒我，即使我取得了成功，脚踏实地也同样重要。</strong>比如，坐在后备箱打开的车里，用这个杯架喝一杯简单的饮料，让AI机器人载我去各个地方。虽然有些车有时尚高档的杯架，而我的车有这个更实用的装置，但它们的用途都是一样的，就是用来放饮料。<strong>它提醒我，幸福并非来自于外表的华丽，而是来自于你对现有事物的珍惜。</strong>无论我的生活多么精彩，我都绝不想失去这种人生观。对于该网友的“小作文”，评论区基本分成两个派别，有人认为他是脑残粉在“舔”，也有人觉得这是一篇优秀的阴阳文，是在吐槽，那么你觉得以上两种哪种最有可能是他的初衷？\",\"createTime\":\"2025-10-11 14:32:39\",\"isRecommend\":0,\"isTop\":0,\"params\":{},\"status\":1,\"title\":\"完美体现特斯拉dna！网友从廉价版model y后排杯架悟出人生哲理\"}',NULL,1,'\n### Error updating database.  Cause: java.sql.SQLIntegrityConstraintViolationException: Column \'author\' cannot be null\n### The error may exist in URL [jar:file:/home/nevell/code/newblog/ruoyi-vue/ruoyi-admin/target/ruoyi-admin.jar!/BOOT-INF/lib/ruoyi-system-3.9.0.jar!/mapper/system/BlogArticleMapper.xml]\n### The error may involve com.ruoyi.system.mapper.BlogArticleMapper.insertBlogArticle-Inline\n### The error occurred while setting parameters\n### SQL: insert into blog_article         (title, summary, content, cover_url, category_id, author, is_top, is_recommend, status, view_count, like_count, comment_count, create_time, update_time, del_flag)         values         (?, ?, ?, ?, ?, ?, ?, ?, ?, ?, ?, ?, ?, ?, ?)\n### Cause: java.sql.SQLIntegrityConstraintViolationException: Column \'author\' cannot be null\n; Column \'author\' cannot be null; nested exception is java.sql.SQLIntegrityConstraintViolationException: Column \'author\' cannot be null','2025-10-11 14:32:39',6),(337,'博客文章',1,'com.ruoyi.system.controller.BlogArticleController.add()','POST',1,'admin','研发部门','/system/article','127.0.0.1','内网IP','{\"authorId\":1,\"categoryId\":2,\"content\":\"既然降价，那么就一定会有减配，其中最令人印象深刻的莫过于Model Y的后杯架了，<strong>之所以如此，是因为它竟然被设置在了后排中间座椅的靠背上</strong>。这就意味着，如果你想用它，那么第二排就只能最多坐两个人.好消息是可以很方面的拿取后备厢里的物品，坏消息是，使用过程中，如果出现急刹车，后备厢里装的物品有可能因为惯性冲到车舱内。如此方案一被公布，旋即引发吐槽无数，不少人纷纷表示真是活久见，<strong>不过也有特斯拉粉丝认为是一种创新，毕竟后排杯架的使用率并没有那么高，弄成这样完全没有问题</strong>。近日有网友掏出了一篇小作文，表示自己最喜欢的就是这个带杯架的可折叠中央座椅，甚至还从里面悟出了人生哲理。该网友写道：<strong>这虽然是一个很小的细节，但却完美地体现了特斯拉的DNA。</strong>尽管如今特斯拉已成为一家市值高达1.4万亿美元的成功企业，但其团队依然像初创公司一样斗志昂扬，不断寻找巧妙的方法节省成本、精简部件、保持实用性，并让汽车更容易被大众接受。在我看来，它兼具可爱、智慧和硬核的特质。你可以看出，工程师们对这辆车的每一寸细节都用心良苦。<strong>它提醒我，即使我取得了成功，脚踏实地也同样重要。</strong>比如，坐在后备箱打开的车里，用这个杯架喝一杯简单的饮料，让AI机器人载我去各个地方。虽然有些车有时尚高档的杯架，而我的车有这个更实用的装置，但它们的用途都是一样的，就是用来放饮料。<strong>它提醒我，幸福并非来自于外表的华丽，而是来自于你对现有事物的珍惜。</strong>无论我的生活多么精彩，我都绝不想失去这种人生观。对于该网友的“小作文”，评论区基本分成两个派别，有人认为他是脑残粉在“舔”，也有人觉得这是一篇优秀的阴阳文，是在吐槽，那么你觉得以上两种哪种最有可能是他的初衷？\",\"createTime\":\"2025-10-11 14:32:44\",\"isRecommend\":0,\"isTop\":0,\"params\":{},\"status\":1,\"title\":\"完美体现特斯拉dna！网友从廉价版model y后排杯架悟出人生哲理\"}',NULL,1,'\n### Error updating database.  Cause: java.sql.SQLIntegrityConstraintViolationException: Column \'author\' cannot be null\n### The error may exist in URL [jar:file:/home/nevell/code/newblog/ruoyi-vue/ruoyi-admin/target/ruoyi-admin.jar!/BOOT-INF/lib/ruoyi-system-3.9.0.jar!/mapper/system/BlogArticleMapper.xml]\n### The error may involve com.ruoyi.system.mapper.BlogArticleMapper.insertBlogArticle-Inline\n### The error occurred while setting parameters\n### SQL: insert into blog_article         (title, summary, content, cover_url, category_id, author, is_top, is_recommend, status, view_count, like_count, comment_count, create_time, update_time, del_flag)         values         (?, ?, ?, ?, ?, ?, ?, ?, ?, ?, ?, ?, ?, ?, ?)\n### Cause: java.sql.SQLIntegrityConstraintViolationException: Column \'author\' cannot be null\n; Column \'author\' cannot be null; nested exception is java.sql.SQLIntegrityConstraintViolationException: Column \'author\' cannot be null','2025-10-11 14:32:44',6),(338,'博客文章',1,'com.ruoyi.system.controller.BlogArticleController.add()','POST',1,'admin','研发部门','/system/article','127.0.0.1','内网IP','{\"authorId\":1,\"categoryId\":2,\"content\":\"既然降价，那么就一定会有减配，其中最令人印象深刻的莫过于Model Y的后杯架了，<strong>之所以如此，是因为它竟然被设置在了后排中间座椅的靠背上</strong>。这就意味着，如果你想用它，那么第二排就只能最多坐两个人.好消息是可以很方面的拿取后备厢里的物品，坏消息是，使用过程中，如果出现急刹车，后备厢里装的物品有可能因为惯性冲到车舱内。如此方案一被公布，旋即引发吐槽无数，不少人纷纷表示真是活久见，<strong>不过也有特斯拉粉丝认为是一种创新，毕竟后排杯架的使用率并没有那么高，弄成这样完全没有问题</strong>。近日有网友掏出了一篇小作文，表示自己最喜欢的就是这个带杯架的可折叠中央座椅，甚至还从里面悟出了人生哲理。该网友写道：<strong>这虽然是一个很小的细节，但却完美地体现了特斯拉的DNA。</strong>尽管如今特斯拉已成为一家市值高达1.4万亿美元的成功企业，但其团队依然像初创公司一样斗志昂扬，不断寻找巧妙的方法节省成本、精简部件、保持实用性，并让汽车更容易被大众接受。在我看来，它兼具可爱、智慧和硬核的特质。你可以看出，工程师们对这辆车的每一寸细节都用心良苦。<strong>它提醒我，即使我取得了成功，脚踏实地也同样重要。</strong>比如，坐在后备箱打开的车里，用这个杯架喝一杯简单的饮料，让AI机器人载我去各个地方。虽然有些车有时尚高档的杯架，而我的车有这个更实用的装置，但它们的用途都是一样的，就是用来放饮料。<strong>它提醒我，幸福并非来自于外表的华丽，而是来自于你对现有事物的珍惜。</strong>无论我的生活多么精彩，我都绝不想失去这种人生观。对于该网友的“小作文”，评论区基本分成两个派别，有人认为他是脑残粉在“舔”，也有人觉得这是一篇优秀的阴阳文，是在吐槽，那么你觉得以上两种哪种最有可能是他的初衷？\",\"createTime\":\"2025-10-11 14:32:49\",\"isRecommend\":0,\"isTop\":0,\"params\":{},\"status\":1,\"title\":\"完美体现特斯拉dna！网友从廉价版model y后排杯架悟出人生哲理\"}',NULL,1,'\n### Error updating database.  Cause: java.sql.SQLIntegrityConstraintViolationException: Column \'author\' cannot be null\n### The error may exist in URL [jar:file:/home/nevell/code/newblog/ruoyi-vue/ruoyi-admin/target/ruoyi-admin.jar!/BOOT-INF/lib/ruoyi-system-3.9.0.jar!/mapper/system/BlogArticleMapper.xml]\n### The error may involve com.ruoyi.system.mapper.BlogArticleMapper.insertBlogArticle-Inline\n### The error occurred while setting parameters\n### SQL: insert into blog_article         (title, summary, content, cover_url, category_id, author, is_top, is_recommend, status, view_count, like_count, comment_count, create_time, update_time, del_flag)         values         (?, ?, ?, ?, ?, ?, ?, ?, ?, ?, ?, ?, ?, ?, ?)\n### Cause: java.sql.SQLIntegrityConstraintViolationException: Column \'author\' cannot be null\n; Column \'author\' cannot be null; nested exception is java.sql.SQLIntegrityConstraintViolationException: Column \'author\' cannot be null','2025-10-11 14:32:49',7),(339,'博客文章',1,'com.ruoyi.system.controller.BlogArticleController.add()','POST',1,'admin','研发部门','/system/article','127.0.0.1','内网IP','{\"authorId\":1,\"categoryId\":2,\"content\":\"既然降价，那么就一定会有减配，其中最令人印象深刻的莫过于Model Y的后杯架了，<strong>之所以如此，是因为它竟然被设置在了后排中间座椅的靠背上</strong>。这就意味着，如果你想用它，那么第二排就只能最多坐两个人.好消息是可以很方面的拿取后备厢里的物品，坏消息是，使用过程中，如果出现急刹车，后备厢里装的物品有可能因为惯性冲到车舱内。如此方案一被公布，旋即引发吐槽无数，不少人纷纷表示真是活久见，<strong>不过也有特斯拉粉丝认为是一种创新，毕竟后排杯架的使用率并没有那么高，弄成这样完全没有问题</strong>。近日有网友掏出了一篇小作文，表示自己最喜欢的就是这个带杯架的可折叠中央座椅，甚至还从里面悟出了人生哲理。该网友写道：<strong>这虽然是一个很小的细节，但却完美地体现了特斯拉的DNA。</strong>尽管如今特斯拉已成为一家市值高达1.4万亿美元的成功企业，但其团队依然像初创公司一样斗志昂扬，不断寻找巧妙的方法节省成本、精简部件、保持实用性，并让汽车更容易被大众接受。在我看来，它兼具可爱、智慧和硬核的特质。你可以看出，工程师们对这辆车的每一寸细节都用心良苦。<strong>它提醒我，即使我取得了成功，脚踏实地也同样重要。</strong>比如，坐在后备箱打开的车里，用这个杯架喝一杯简单的饮料，让AI机器人载我去各个地方。虽然有些车有时尚高档的杯架，而我的车有这个更实用的装置，但它们的用途都是一样的，就是用来放饮料。<strong>它提醒我，幸福并非来自于外表的华丽，而是来自于你对现有事物的珍惜。</strong>无论我的生活多么精彩，我都绝不想失去这种人生观。对于该网友的“小作文”，评论区基本分成两个派别，有人认为他是脑残粉在“舔”，也有人觉得这是一篇优秀的阴阳文，是在吐槽，那么你觉得以上两种哪种最有可能是他的初衷？\",\"createTime\":\"2025-10-11 14:32:55\",\"isRecommend\":0,\"isTop\":0,\"params\":{},\"status\":1,\"title\":\"完美体现特斯拉dna！网友从廉价版model y后排杯架悟出人生哲理\"}',NULL,1,'\n### Error updating database.  Cause: java.sql.SQLIntegrityConstraintViolationException: Column \'author\' cannot be null\n### The error may exist in URL [jar:file:/home/nevell/code/newblog/ruoyi-vue/ruoyi-admin/target/ruoyi-admin.jar!/BOOT-INF/lib/ruoyi-system-3.9.0.jar!/mapper/system/BlogArticleMapper.xml]\n### The error may involve com.ruoyi.system.mapper.BlogArticleMapper.insertBlogArticle-Inline\n### The error occurred while setting parameters\n### SQL: insert into blog_article         (title, summary, content, cover_url, category_id, author, is_top, is_recommend, status, view_count, like_count, comment_count, create_time, update_time, del_flag)         values         (?, ?, ?, ?, ?, ?, ?, ?, ?, ?, ?, ?, ?, ?, ?)\n### Cause: java.sql.SQLIntegrityConstraintViolationException: Column \'author\' cannot be null\n; Column \'author\' cannot be null; nested exception is java.sql.SQLIntegrityConstraintViolationException: Column \'author\' cannot be null','2025-10-11 14:32:55',7),(340,'博客文章',1,'com.ruoyi.system.controller.BlogArticleController.add()','POST',1,'admin','研发部门','/system/article','127.0.0.1','内网IP','{\"authorId\":1,\"content\":\"测试内容\",\"createTime\":\"2025-10-11 15:02:39\",\"params\":{},\"status\":1,\"title\":\"测试文章\"}',NULL,1,'\n### Error updating database.  Cause: java.sql.SQLIntegrityConstraintViolationException: Column \'author\' cannot be null\n### The error may exist in URL [jar:file:/home/nevell/code/newblog/ruoyi-vue/ruoyi-admin/target/ruoyi-admin.jar!/BOOT-INF/lib/ruoyi-system-3.9.0.jar!/mapper/system/BlogArticleMapper.xml]\n### The error may involve com.ruoyi.system.mapper.BlogArticleMapper.insertBlogArticle-Inline\n### The error occurred while setting parameters\n### SQL: insert into blog_article         (title, summary, content, cover_url, category_id, author, is_top, is_recommend, status, view_count, like_count, comment_count, create_time, update_time, del_flag)         values         (?, ?, ?, ?, ?, ?, ?, ?, ?, ?, ?, ?, ?, ?, ?)\n### Cause: java.sql.SQLIntegrityConstraintViolationException: Column \'author\' cannot be null\n; Column \'author\' cannot be null; nested exception is java.sql.SQLIntegrityConstraintViolationException: Column \'author\' cannot be null','2025-10-11 15:02:39',53),(341,'博客文章',1,'com.ruoyi.system.controller.BlogArticleController.add()','POST',1,'admin','研发部门','/system/article','127.0.0.1','内网IP','{\"author\":\"admin\",\"authorId\":1,\"content\":\"测试内容修复\",\"createTime\":\"2025-10-11 15:04:06\",\"id\":55,\"params\":{},\"status\":1,\"title\":\"测试文章修复\"}','{\"msg\":\"操作成功\",\"code\":200}',0,NULL,'2025-10-11 15:04:06',12),(342,'博客文章',1,'com.ruoyi.system.controller.BlogArticleController.add()','POST',1,'admin','研发部门','/system/article','127.0.0.1','内网IP','{\"author\":\"admin\",\"authorId\":1,\"content\":\"测试内容\",\"createTime\":\"2025-10-11 15:08:06\",\"id\":56,\"params\":{},\"status\":1,\"title\":\"测试文章\"}','{\"msg\":\"操作成功\",\"code\":200}',0,NULL,'2025-10-11 15:08:06',7),(343,'博客文章',1,'com.ruoyi.system.controller.BlogArticleController.add()','POST',1,'admin','研发部门','/system/article','127.0.0.1','内网IP','{\"author\":\"admin\",\"authorId\":1,\"content\":\"测试前端修复内容\",\"createTime\":\"2025-10-11 15:24:57\",\"id\":57,\"params\":{},\"status\":1,\"title\":\"测试前端修复\"}','{\"msg\":\"操作成功\",\"code\":200}',0,NULL,'2025-10-11 15:24:57',8),(344,'博客文章',3,'com.ruoyi.system.controller.BlogArticleController.remove()','DELETE',1,'admin','研发部门','/system/article/32','127.0.0.1','内网IP','[32]','{\"msg\":\"操作成功\",\"code\":200}',0,NULL,'2025-10-11 15:26:43',8),(345,'博客文章',3,'com.ruoyi.system.controller.BlogArticleController.remove()','DELETE',1,'admin','研发部门','/system/article/35','127.0.0.1','内网IP','[35]','{\"msg\":\"操作成功\",\"code\":200}',0,NULL,'2025-10-11 15:26:55',7),(346,'博客文章',3,'com.ruoyi.system.controller.BlogArticleController.remove()','DELETE',1,'admin','研发部门','/system/article/47','127.0.0.1','内网IP','[47]','{\"msg\":\"操作成功\",\"code\":200}',0,NULL,'2025-10-11 15:29:23',5),(347,'博客文章',3,'com.ruoyi.system.controller.BlogArticleController.remove()','DELETE',1,'admin','研发部门','/system/article/46','127.0.0.1','内网IP','[46]','{\"msg\":\"操作成功\",\"code\":200}',0,NULL,'2025-10-11 15:29:26',7),(348,'博客文章',1,'com.ruoyi.system.controller.BlogArticleController.add()','POST',1,'admin','研发部门','/system/article','127.0.0.1','内网IP','{\"author\":\"admin\",\"authorId\":1,\"content\":\"测试内容\",\"createTime\":\"2025-10-11 15:30:34\",\"id\":58,\"params\":{},\"status\":1,\"title\":\"测试新增功能\"}','{\"msg\":\"操作成功\",\"code\":200}',0,NULL,'2025-10-11 15:30:34',8),(349,'博客文章',3,'com.ruoyi.system.controller.BlogArticleController.remove()','DELETE',1,'admin','研发部门','/system/article/57','127.0.0.1','内网IP','[57]','{\"msg\":\"操作成功\",\"code\":200}',0,NULL,'2025-10-11 15:51:18',6),(350,'博客文章',3,'com.ruoyi.system.controller.BlogArticleController.remove()','DELETE',1,'admin','研发部门','/system/article/58','127.0.0.1','内网IP','[58]','{\"msg\":\"操作成功\",\"code\":200}',0,NULL,'2025-10-11 15:51:26',7),(351,'博客文章',3,'com.ruoyi.system.controller.BlogArticleController.remove()','DELETE',1,'admin','研发部门','/system/article/55','127.0.0.1','内网IP','[55]','{\"msg\":\"操作成功\",\"code\":200}',0,NULL,'2025-10-11 15:52:58',6),(352,'博客文章',3,'com.ruoyi.system.controller.BlogArticleController.remove()','DELETE',1,'admin','研发部门','/system/article/56','127.0.0.1','内网IP','[56]','{\"msg\":\"操作成功\",\"code\":200}',0,NULL,'2025-10-11 15:53:00',6),(353,'用户头像',2,'com.ruoyi.web.controller.system.SysProfileController.avatar()','POST',1,'admin','研发部门','/system/user/profile/avatar','127.0.0.1','内网IP','',NULL,1,'/home/ruoyi/uploadPath/avatar/2025/10/11/d9f6ae3f748b4924a595cd81e61475a0.jpg','2025-10-11 15:59:26',105),(354,'用户头像',2,'com.ruoyi.web.controller.system.SysProfileController.avatar()','POST',1,'admin','研发部门','/system/user/profile/avatar','127.0.0.1','内网IP','',NULL,1,'/home/ruoyi/uploadPath/avatar/2025/10/11/bccb2a8b222c45199b5de8bbc8906015.jpg','2025-10-11 15:59:27',1),(355,'在线用户',7,'com.ruoyi.web.controller.monitor.SysUserOnlineController.forceLogout()','DELETE',1,'admin','研发部门','/monitor/online/d8ace60e-543d-443b-893d-b87371a54fb2','127.0.0.1','内网IP','\"d8ace60e-543d-443b-893d-b87371a54fb2\"','{\"msg\":\"操作成功\",\"code\":200}',0,NULL,'2025-10-11 16:03:33',7),(356,'在线用户',7,'com.ruoyi.web.controller.monitor.SysUserOnlineController.forceLogout()','DELETE',1,'admin','研发部门','/monitor/online/937894af-2708-44fa-9300-eaccc7bf148c','127.0.0.1','内网IP','\"937894af-2708-44fa-9300-eaccc7bf148c\"','{\"msg\":\"操作成功\",\"code\":200}',0,NULL,'2025-10-11 16:03:35',1),(357,'在线用户',7,'com.ruoyi.web.controller.monitor.SysUserOnlineController.forceLogout()','DELETE',1,'admin','研发部门','/monitor/online/a086b179-8b5e-47e4-93bf-868743ac0bf5','127.0.0.1','内网IP','\"a086b179-8b5e-47e4-93bf-868743ac0bf5\"','{\"msg\":\"操作成功\",\"code\":200}',0,NULL,'2025-10-11 16:03:37',0),(358,'菜单管理',3,'com.ruoyi.web.controller.system.SysMenuController.remove()','DELETE',1,'admin','研发部门','/system/menu/4','127.0.0.1','内网IP','4','{\"msg\":\"菜单已分配,不允许删除\",\"code\":601}',0,NULL,'2025-10-11 16:04:14',20),(359,'博客文章',2,'com.ruoyi.system.controller.BlogArticleController.edit()','PUT',1,'admin','研发部门','/system/article','127.0.0.1','内网IP','{\"author\":\"江屿\",\"content\":\"在全球经济加速数字化的浪潮中，企业面临着前所未有的机遇和挑战。如何在复杂多变的市场环境中保持竞争优势，已成为每个企业领导者必须直面的核心问题。商业模式的创新不仅是企业应对数字化挑战的有效策略，更是驱动持续增长和价值创造的关键动力。本文将深入解读TOGAF®（The Open Group Architecture Framework）标准中关于商业模式的核心内容，探讨企业如何通过企业架构的方法，实现数字化时代的商业模式创新与落地。\",\"createTime\":\"2025-08-26 16:02:34\",\"id\":36,\"isRecommend\":0,\"isTop\":0,\"params\":{},\"status\":1,\"title\":\"数字化转型下的商业模式创新：深度解读togaf标准在企业架构实践\",\"updateTime\":\"2025-10-11 16:18:16\"}','{\"msg\":\"操作成功\",\"code\":200}',0,NULL,'2025-10-11 16:18:16',13),(360,'博客文章',1,'com.ruoyi.system.controller.BlogArticleController.add()','POST',1,'admin','研发部门','/system/article','127.0.0.1','内网IP','{\"author\":\"江屿\",\"categoryId\":1,\"content\":\"如今Windows产品激活\",\"createTime\":\"2025-10-11 16:23:37\",\"id\":59,\"isRecommend\":0,\"isTop\":0,\"params\":{},\"status\":1,\"title\":\"如今windows产品激活\"}','{\"msg\":\"操作成功\",\"code\":200}',0,NULL,'2025-10-11 16:23:37',13),(361,'博客文章',3,'com.ruoyi.system.controller.BlogArticleController.remove()','DELETE',1,'admin','研发部门','/system/article/59','127.0.0.1','内网IP','[59]','{\"msg\":\"操作成功\",\"code\":200}',0,NULL,'2025-10-11 16:23:51',7),(362,'博客文章',1,'com.ruoyi.system.controller.BlogArticleController.add()','POST',1,'admin','研发部门','/system/article','127.0.0.1','内网IP','{\"author\":\"admin\",\"authorId\":1,\"content\":\"<strong>快科技10月13日消息，今天上午，中国联通官方公众号发文宣布，eSIM预约通道正式开放。</strong>在此之前，中国移动也已经上线了eSIM预约页面，开放用户预约。<strong>种种迹象表明，国内eSIM即将正式开放，届时iPhone Air国行版也将上市。</strong>iPhone Air是苹果最新推出的轻薄旗舰，厚度只有5.6mm，为了实现超轻薄设计，苹果直接取消实体SIM卡槽，全球统一采用eSIM。最初苹果在官网标注，仅有中国联通为该机提供eSIM支持，且iPhone Air首发就能开售。<strong>结果突然延期发售，并且标注改为“中国移动、中国电信和中国联通将为本产品提供eSIM支持，具体时间依监管部门审批情况而定”。</strong>根据此前中国移动上线的eSIM业务说明，<strong>一台eSIM手机，仅能办理激活两个国内运营商的eSIM号码，当同一台手机内已有两个号码后，此手机将不允许再办理eSIM号码。</strong>同一eSIM手机每自然月最多可新入网开通2次国内运营商的eSIM号码。开通eSIM号码的用户须符合“一证五号”要求，并在开户后72小时内完成卡数据下载，否则将影响后续业务办理。\",\"createTime\":\"2025-10-14 16:35:12\",\"id\":4,\"isRecommend\":0,\"isTop\":0,\"params\":{},\"status\":1,\"title\":\"中国联通官宣：esim正式开启预约！iphone air国行要来了\"}','{\"msg\":\"操作成功\",\"code\":200}',0,NULL,'2025-10-14 16:35:12',85),(363,'博客文章',1,'com.ruoyi.system.controller.BlogArticleController.add()','POST',1,'admin','研发部门','/system/article','127.0.0.1','内网IP','{\"author\":\"admin\",\"authorId\":1,\"categoryId\":4,\"commentCount\":0,\"content\":\"各设区市工业和信息化局，杨凌示范区工业和商务局，有关企业、园区：为贯彻落实工业和信息化部办公厅《关于开展2025年度绿色工厂推荐工作的通知》，实施绿色制造标杆升级行动，进一步提升现有国家绿色工厂、绿色工业园区绿色化发展水平，现组织开展2025年度国家级绿色制造名单对标工作，有关事项通知如下：一、组织主体对标。各市（区）工业和信息化主管部门组织现有国家绿色工厂、绿色工业园区，对照新的评价要求（见附件1、2）开展自评价对标，属于53个重点行业（具体行业范围见附件3）的企业按照相应行业要求进行自评价，不属于重点行业的企业依据通则进行自评价，并按要求提供有关佐证材料。详细申报方法可在工业节能与绿色发展管理平台（https://green.miit.gov.cn）主界面查看解读视频。二、自主填报资料。企业、园区登录工业节能与绿色发展管理平台，在“绿色制造名单”栏目选择对应类别（国家级绿色工厂/绿色工业园区），在“新申报/现有”菜单选择现有绿色工厂/绿色工业园区，并选择对应行业进行填报。同时向所在地工业和信息化主管部门提交纸质版报告一式两份（见附件4、5）。三、确保材料质量。各相关企业、园区要高度重视本次对标工作，严格按照评价标准与填报规范开展自评价，确保提交的对标资料真实有效、内容完整规范、评分客观准确，坚决杜绝数据造假、材料缺失、评分失真等问题。各市（区）工业和信息化主管部门负责对企业、园区的各项评价指标数据和佐证材料真实性、准确性、先进性进行审核，确保对标工作质量。现有国家绿色工厂、绿色工业园区得分连续三年处于后5%的，将从现有名单中移出。四、按期汇总报送。各市（区）工业和信息化主管部门填写《绿色制造名单对标汇总表》（附件6），于2025年10月20日前连同企业、园区对标材料报省工业和信息化厅节能综合利用处。联系人：刘 卫 电 话：029-63915578 陕西省工业和信息化厅 2025年10月14日\",\"coverUrl\":\"\",\"createTime\":\"2025-10-16 17:09:37\",\"id\":5,\"isRecommend\":0,\"isTop\":0,\"likeCount\":0,\"params\":{},\"status\":1,\"summary\":\"\",\"title\":\"工业和信息化主管部门组织现有国家绿色工厂\",\"viewCount\":0}','{\"msg\":\"操作成功\",\"code\":200}',0,NULL,'2025-10-16 17:09:37',36),(364,'博客文章',1,'com.ruoyi.system.controller.BlogArticleController.add()','POST',1,'admin','研发部门','/system/article','127.0.0.1','内网IP','{\"author\":\"admin\",\"authorId\":1,\"categoryId\":2,\"commentCount\":0,\"content\":\"快科技10月19日消息，当地时间周五，<strong>NVIDIA和台积电在共同宣布达成一项重要里程碑。 双方已在亚利桑那州凤凰城附近Fab 21工厂成功制造出第一款量产的Blackwell晶圆。</strong>这款堪称全球最复杂的芯片能在美国实现生产，对两家企业而言兼具战略、象征等重要意义。NVIDIA CEO黄仁勋在纪念活动上表示：<strong>“这是一个具有历史意义的时刻，原因有很多。这是近代美国历史上首次，由最先进的晶圆厂——台积电在美国本土，生产出全球最为关键的芯片。</strong>这践行了总统提出的再工业化愿景，<strong>即将制造业带回美国，创造就业岗位。同时，这也是全球至关重要的制造业领域，更是最核心的科技产业。</strong>”据悉，此次在美国生产的是Blackwell&nbsp;B300芯片（尚未得到官方确认），采用台积电为英伟达定制的4N制程（属于4nm级工艺节点）。这一成果意味着台积电Fab 21工厂已具备量产此类大型芯片的能力，且良率表现良好（据悉良率达标耗费了不少时间）。战略层面，这一突破实现了美国政府产业政策的核心目标，将更先进的半导体制造能力带回美国本土。对NVIDIA而言，其核心产品能在美国生产，可有效规避相关风险。据悉，台积电计划进一步扩建亚利桑那州Fab 21工厂，后续将在此量产采用N3、N2、A16及A14制程工艺的芯片。不过需要注意的是，<strong>尽管Blackwell芯片已实现美国本土制造，但要组装成完整的NVIDIA B300 GPU，仍需将这些晶圆运回台积电台湾工厂通过CoWoS-L先进封装技术与HBM3E内存进行整合。</strong>这也导致该款芯片的成本高于中国台湾本土生产的产品，仅保留了象征意义。\",\"coverUrl\":\"\",\"createTime\":\"2025-10-20 14:06:33\",\"id\":6,\"isRecommend\":0,\"isTop\":0,\"likeCount\":0,\"params\":{},\"status\":1,\"summary\":\"\",\"title\":\"历史首次！首片blackwell晶圆在美国生产制造 仍需运回台积电总部封装\",\"viewCount\":0}','{\"msg\":\"操作成功\",\"code\":200}',0,NULL,'2025-10-20 14:06:33',20),(365,'博客文章',3,'com.ruoyi.system.controller.BlogArticleController.remove()','DELETE',1,'admin','研发部门','/system/article/7','127.0.0.1','内网IP','[7]','{\"msg\":\"操作成功\",\"code\":200}',0,NULL,'2025-10-20 16:11:04',11),(366,'博客文章',3,'com.ruoyi.system.controller.BlogArticleController.remove()','DELETE',1,'admin','研发部门','/system/article/5','127.0.0.1','内网IP','[5]','{\"msg\":\"操作成功\",\"code\":200}',0,NULL,'2025-10-20 16:11:05',7),(367,'博客文章',3,'com.ruoyi.system.controller.BlogArticleController.remove()','DELETE',1,'admin','研发部门','/system/article/4','127.0.0.1','内网IP','[4]','{\"msg\":\"操作成功\",\"code\":200}',0,NULL,'2025-10-20 16:11:07',5),(368,'博客文章',1,'com.ruoyi.system.controller.BlogArticleController.add()','POST',1,'admin','研发部门','/system/article','127.0.0.1','内网IP','{\"author\":\"admin\",\"authorId\":1,\"categoryId\":2,\"commentCount\":0,\"content\":\"快科技10月19日消息，当地时间周五，<strong>NVIDIA和台积电在共同宣布达成一项重要里程碑。 双方已在亚利桑那州凤凰城附近Fab 21工厂成功制造出第一款量产的Blackwell晶圆。</strong>这款堪称全球最复杂的芯片能在美国实现生产，对两家企业而言兼具战略、象征等重要意义。NVIDIA CEO黄仁勋在纪念活动上表示：<strong>“这是一个具有历史意义的时刻，原因有很多。这是近代美国历史上首次，由最先进的晶圆厂——台积电在美国本土，生产出全球最为关键的芯片。</strong>这践行了总统提出的再工业化愿景，<strong>即将制造业带回美国，创造就业岗位。同时，这也是全球至关重要的制造业领域，更是最核心的科技产业。</strong>”据悉，此次在美国生产的是Blackwell&nbsp;B300芯片（尚未得到官方确认），采用台积电为英伟达定制的4N制程（属于4nm级工艺节点）。这一成果意味着台积电Fab 21工厂已具备量产此类大型芯片的能力，且良率表现良好（据悉良率达标耗费了不少时间）。战略层面，这一突破实现了美国政府产业政策的核心目标，将更先进的半导体制造能力带回美国本土。对NVIDIA而言，其核心产品能在美国生产，可有效规避相关风险。据悉，台积电计划进一步扩建亚利桑那州Fab 21工厂，后续将在此量产采用N3、N2、A16及A14制程工艺的芯片。不过需要注意的是，<strong>尽管Blackwell芯片已实现美国本土制造，但要组装成完整的NVIDIA B300 GPU，仍需将这些晶圆运回台积电台湾工厂通过CoWoS-L先进封装技术与HBM3E内存进行整合。</strong>这也导致该款芯片的成本高于中国台湾本土生产的产品，仅保留了象征意义。\",\"coverUrl\":\"\",\"createTime\":\"2025-10-20 16:11:27\",\"id\":8,\"isRecommend\":0,\"isTop\":0,\"likeCount\":0,\"params\":{},\"status\":1,\"summary\":\"\",\"title\":\"历史首次！首片blackwell晶圆在美国生产制造 仍需运回台积电总部封装\",\"viewCount\":0}','{\"msg\":\"操作成功\",\"code\":200}',0,NULL,'2025-10-20 16:11:27',18),(369,'博客文章',1,'com.ruoyi.system.controller.BlogArticleController.add()','POST',1,'admin','研发部门','/system/article','127.0.0.1','内网IP','{\"author\":\"admin\",\"authorId\":1,\"categoryId\":2,\"commentCount\":0,\"content\":\"快科技10月19日消息，Gamers Nexus通过特殊渠道拿到了一块<strong>华为的Atlas 300I DUO AI推理加速卡</strong>，特殊的双芯设计，搭载了两颗GPU，同时单插槽设计，身材轻盈。该卡没有公开售价，<strong>外媒花了1400美元，约合人民币1万元</strong>，可以说非常便宜了，国内批量采购价自然更低。根据华为官方说法，Atlas 300I Duo推理<strong>卡融合“通用处理器、AI核心、编解码”于一体，提供AI推理、视频分析等功能，具有超强算力、超高能效、高性能视频分析等优势</strong>，可广泛应用于互联网、智慧城市、智慧交通等多场景，支持检索聚类、内容审核、OCR识别、语音分析、视频分析等多应用。<strong>它搭载了两颗GPU核心，共有16个核心，主频1.9GHz，48GB或者96GB LPDDR4X ECC内存，总带宽408GB/s。</strong>系统接口为<strong>PCIe 4.0 x8</strong>，单插位全高全长设计，厚度仅为18.46毫米，<strong>功耗150W。</strong><strong>AI算力INT8格式下为80 TOPS，FP16格式下为140 TFLOPS，能效比高达1.86TOPS/W。</strong>视频编解码能力支持256路1080p30或32路4K60 H.264/H.264解码、48路1080p30或6路4K60 H.264/H.265视频编码、4K768 JPEG编码、4K384 JPEG解码，最高分辨率8192 x 8192。\",\"coverUrl\":\"\",\"createTime\":\"2025-10-20 16:34:58\",\"id\":9,\"isRecommend\":0,\"isTop\":0,\"likeCount\":0,\"params\":{},\"status\":1,\"summary\":\"\",\"title\":\"华为的atlas 300i duo ai推理加速卡\",\"viewCount\":0}','{\"msg\":\"操作成功\",\"code\":200}',0,NULL,'2025-10-20 16:34:58',78),(370,'博客文章',1,'com.ruoyi.system.controller.BlogArticleController.add()','POST',1,'admin','研发部门','/system/article','127.0.0.1','内网IP','{\"author\":\"admin\",\"authorId\":1,\"commentCount\":0,\"content\":\"近日，水口山有色金属有限责任公司（以下简称“水口山有色”）康家湾矿VR虚拟仿真安全培训系统正式投运，标志着该矿安全培训迈入智能化、沉浸式新场景新模式，成为推动矿山数字化转型、构建智能化安全管理体系的关键一环。走进水口山有色康家湾矿VR安全培训室，一场别开生面的全员沉浸式安全体验活动正在开展，安全环保室VR讲师正分批对矿工进行沉浸式安全教育培训，参训人员认真听、仔细记，仿佛置身真实场景，深度感受“VR体验+实操互动”。据了解，该系统于今年7月建成，8月18日投运，涵盖九大类安全生产虚拟实训、六类设备操作实训及六项体感体验项目，包括冒顶片帮、高空作业、机械伤害等应急演练，以及掘进台车、铲运机等模拟驾驶操作。该培训系统，可让参与者借助VR事故场景，还原机械伤害动态模拟装置、电气安全互动实训平台等智能设备，结合有限空间作业模拟与高空作业防坠落虚拟仿真，置身于高度仿真的沉浸式体验环境中。矿工们在高度还原中亲历高危情境，通过实物对比直观感受不同劳保用品的防护差异，并在智能系统引导下，规范关键操作流程。“VR培训与传统的安全培训完全不同，让人身临其境，安全认知触手可及，我们矿工操作规范性、应急响应能力、安全防范意识因此得到系统有效的提升。”谈及VR培训的作用，水口山有色康家湾矿安环室安全专员肖建感触颇深。（张世明 谭麟）\",\"coverUrl\":\"\",\"createTime\":\"2025-10-21 09:34:26\",\"id\":10,\"isRecommend\":0,\"isTop\":0,\"likeCount\":0,\"params\":{},\"status\":1,\"summary\":\"\",\"title\":\"水口山有色康家湾矿vr培训系统“刷新”安全管理\",\"viewCount\":0}','{\"msg\":\"操作成功\",\"code\":200}',0,NULL,'2025-10-21 09:34:27',22),(371,'博客文章',1,'com.ruoyi.system.controller.BlogArticleController.add()','POST',1,'admin','研发部门','/system/article','127.0.0.1','内网IP','{\"author\":\"admin\",\"authorId\":1,\"categoryId\":2,\"commentCount\":0,\"content\":\"生态优先，绿色发展。党的十八大以来，新疆维吾尔自治区完整准确全面贯彻新时代党的治疆方略，紧紧围绕建设国家大型油气生产加工和储备基地、大型煤炭煤电煤化工基地、大型风电基地、国家能源资源陆上大通道目标奋进，以推动新能源产业发展为抓手，全面推进能源转型、产业转型、发展转型，让“绿色”成为新疆高质量发展的亮丽底色。<strong>“万里风光”展新颜</strong>“一眼望不到头的光伏面板如同波光粼粼的大海，远处的风力发电大风车如同海面上巨轮的桅杆，场面非常壮观。”今年6月底，在新疆哈密市参加“新疆农信·农商银行”航拍新疆大型全媒体采风活动的新疆摄影家金炜说。天山南北好“风光”，可借妙笔绘新绿。广袤的新疆大地，有着丰富的“风光”资源，风能资源总储量位居全国第二；太阳能资源理论蕴藏量占全国技术可开发量的40%，位居全国第一。充足的能源保障，为新疆实现绿色发展、能源转型提供了坚实的基础、广阔的前景。2022年以来，新疆新能源产业蓬勃发展，装机规模从3757万千瓦增长到2024年底的1亿千瓦以上，成为西北地区首个新能源装机过亿省份。其中，风电装机规模增幅近1倍，光伏规模增幅3.2倍。2024年全年，新疆新增新能源装机规模4211万千瓦，位列全国第一。能源开发“追风逐日”，新能源装备制造业也乘势而起。光伏组件、逆变器、电机、叶片、塔筒、齿轮箱……新疆新能源装备制造业产品种类不断丰富，产业链不断完善。随着新能源发电装机规模快速增长，新疆加快破解消纳难题，做好并网外送、就近消纳、新型储能文章。截至2024年底，新疆已建成750千伏变电站31座，输电线总长度1.22万千米。2024年“疆电外送”量达1264亿千瓦时，其中，新能源占比近三分之一。利用风光、“沙戈荒”资源富集优势，新疆不断强化顶层设计，完善新能源产业发展政策，将风电、光伏发电项目备案权限下放至地州市，进一步激发市场活力；鼓励氢能、油气资源开发利用、新材料、算力、碳捕集利用与封存等产业与新能源耦合发展；因地制宜开展新能源直供电改革试点，加快推进新能源装备制造产业发展，推动新型储能项目建设。新疆维吾尔自治区发展改革委新能源和可再生能源处有关负责人表示，将进一步加快建设以新能源为主体的新型电力系统，切实做到新能源“接得上”“送得出”“用得好”，全力打造规模大、结构优、技术新、供给稳的清洁能源强区，为保障国家能源安全和服务绿色低碳发展贡献新疆力量。<strong>产业向“绿”正当时</strong>新疆新能源产业的发展，不仅有效推进了能源转型，还推进了各项产业向“绿”而行、向“绿”而兴。2023年12月，新疆维吾尔自治区召开工业绿色发展大会，展示新疆先进工业节能降碳、节水增效等新技术、新装备，发布了《新疆维吾尔自治区工业重点领域百项重大低碳技术》，其中，钢铁技术14项、石化化工技术57项、建材技术15项、有色金属技术11项、通用技术9项。“新疆正把绿色发展理念贯穿工业生产全过程，推动产业结构高端化、绿色化转型。”新疆维吾尔自治区工信厅节能与综合利用处有关负责人介绍，截至6月底，新疆培育国家级绿色工厂111家，国家级绿色工业园区9家，国家级绿色供应链管理企业7家；累计创建自治区级绿色工厂194家、自治区级绿色工业园区15家、自治区级绿色供应链管理企业10家。绿色供应链管理企业、工业产品绿色设计示范企业、工业领域循环经济试点单位数量等持续攀升，初步构建起高效、清洁、低碳、循环的绿色制造体系。向“绿”而行，绿色转型，企业发展“含金量”大幅提升。今年4月，新疆中泰（集团）有限责任公司新材料资源化综合利用制甲醇升级示范项目正式投产、新能源托克逊自备绿电替代风电项目开工。“新材料资源化综合利用制甲醇升级示范项目投产后，可年产甲醇100万吨，实现环保效益和经济效益双赢。新能源托克逊自备绿电替代风电项目装机规模达115万千瓦，建成后预计每年可节约标准煤70万吨、减排二氧化碳193万吨。”新疆中泰（集团）有限责任公司相关负责人说。产业向绿色转型，绿色产业也在加快发展，特别是在工业领域，“绿色发展”贯穿了各个行业门类。在《新疆维吾尔自治区工业领域碳达峰实施方案》中，新疆正多维发力开创工业绿色发展新前景。大力推动重点行业工业固废源头减量和规模化高效综合利用，加快推进再生资源高值化循环利用；指导钢铁行业推进废钢资源高质量高效利用；引导建材行业加强全氧、富氧、电熔等工业窑炉节能降耗技术应用；推动石化化工原料轻质化，加强石油炼化副产物高效利用；在工业发展、绿色制造上，新疆正取得新的突破、实现新的引领、创造新的示范。<strong>“绿色低碳”全覆盖</strong>吐鲁番市试','{\"msg\":\"操作成功\",\"code\":200}',0,NULL,'2025-10-21 09:48:08',85),(372,'博客文章',1,'com.ruoyi.system.controller.BlogArticleController.add()','POST',1,'admin','研发部门','/system/article','127.0.0.1','内网IP','{\"author\":\"admin\",\"authorId\":1,\"categoryId\":2,\"commentCount\":0,\"content\":\"近日，一列满载货物的中欧班列——“渭西欧”华阴国庆专列，在金堆城钼业集团有限公司（以下简称“金钼股份”）物流分公司顺利发车。此次专列的运行，不仅是以实干实绩向国庆献礼的具体行动，更是积极开拓外部市场、提升综合物流服务能力的关键性成果，标志着该公司在融入共建“一带一路”大格局、服务地方经济发展方面步入常态化运行轨道。为确保专列顺利开行，金钼股份物流分公司高度重视，构建了“政府+铁路+企业”多方联动的高效协作机制。紧密联动聚合力，与地方政府、铁路部门及合作伙伴紧密协作、高效联动，打通跨部门、跨主体协作的堵点，形成“一盘棋”推进格局；全链把控无缝衔接，从货源集结的统筹调度、报关查验的合规审核，到装车编组的标准化作业、铁路计划的精准申请等，对每个环节实行“清单式管理、节点化管控”，实现全流程无缝衔接，确保专列如期发出。近年来，金钼股份物流分公司在坚守“全力保障内部生产物流顺畅”这一核心职责的同时，主动打破“对内服务”的边界，将自身优势转化为市场竞争力。释放资源优势，依托多年在铁路专用线运营、大宗物资管理、多式联运组织等方面积累的丰富经验，将内部成熟的物流体系推向外部市场；优化服务能力，重构服务流程、提升作业效率、定制个性化物流解决方案；拓展市场空间，业务触角从传统大宗物资物流延伸至工业化制品等多元领域，成功实现从“服务内部”到“市场化经营主体”的转型，完成“内外兼修”的华丽转身。“渭西欧”华阴专列的常态化开行，是金钼股份物流分公司落实公司“质效量”倍增计划、投身“二次创业”新征程的关键实践，为该公司转型发展提供了坚实驱动。未来，金钼股份物流分公司将持续深化内外协同，优化跨境物流服务链条，力争在共建“一带一路”的宏大实践中展现更大作为。（于佳）责任编辑：任飞\",\"coverUrl\":\"\",\"createTime\":\"2025-10-21 09:52:33\",\"id\":12,\"isRecommend\":0,\"isTop\":0,\"likeCount\":0,\"params\":{},\"status\":1,\"summary\":\"\",\"title\":\"“渭西欧”华阴国庆专列顺利发车\",\"viewCount\":0}','{\"msg\":\"操作成功\",\"code\":200}',0,NULL,'2025-10-21 09:52:33',81),(373,'博客文章',3,'com.ruoyi.system.controller.BlogArticleController.remove()','DELETE',1,'admin','研发部门','/system/article/12','127.0.0.1','内网IP','[12]','{\"msg\":\"操作成功\",\"code\":200}',0,NULL,'2025-10-21 09:59:26',10),(374,'博客文章',1,'com.ruoyi.system.controller.BlogArticleController.add()','POST',1,'admin','研发部门','/system/article','127.0.0.1','内网IP','{\"author\":\"admin\",\"authorId\":1,\"categoryId\":2,\"commentCount\":0,\"content\":\"近日，一列满载货物的中欧班列——“渭西欧”华阴国庆专列，在金堆城钼业集团有限公司（以下简称“金钼股份”）物流分公司顺利发车。此次专列的运行，不仅是以实干实绩向国庆献礼的具体行动，更是积极开拓外部市场、提升综合物流服务能力的关键性成果，标志着该公司在融入共建“一带一路”大格局、服务地方经济发展方面步入常态化运行轨道。为确保专列顺利开行，金钼股份物流分公司高度重视，构建了“政府+铁路+企业”多方联动的高效协作机制。紧密联动聚合力，与地方政府、铁路部门及合作伙伴紧密协作、高效联动，打通跨部门、跨主体协作的堵点，形成“一盘棋”推进格局；全链把控无缝衔接，从货源集结的统筹调度、报关查验的合规审核，到装车编组的标准化作业、铁路计划的精准申请等，对每个环节实行“清单式管理、节点化管控”，实现全流程无缝衔接，确保专列如期发出。近年来，金钼股份物流分公司在坚守“全力保障内部生产物流顺畅”这一核心职责的同时，主动打破“对内服务”的边界，将自身优势转化为市场竞争力。释放资源优势，依托多年在铁路专用线运营、大宗物资管理、多式联运组织等方面积累的丰富经验，将内部成熟的物流体系推向外部市场；优化服务能力，重构服务流程、提升作业效率、定制个性化物流解决方案；拓展市场空间，业务触角从传统大宗物资物流延伸至工业化制品等多元领域，成功实现从“服务内部”到“市场化经营主体”的转型，完成“内外兼修”的华丽转身。“渭西欧”华阴专列的常态化开行，是金钼股份物流分公司落实公司“质效量”倍增计划、投身“二次创业”新征程的关键实践，为该公司转型发展提供了坚实驱动。未来，金钼股份物流分公司将持续深化内外协同，优化跨境物流服务链条，力争在共建“一带一路”的宏大实践中展现更大作为。（于佳）责任编辑：任飞\",\"coverUrl\":\"\",\"createTime\":\"2025-10-21 09:59:41\",\"id\":13,\"isRecommend\":0,\"isTop\":0,\"likeCount\":0,\"params\":{},\"status\":1,\"summary\":\"\",\"title\":\"“渭西欧”华阴国庆专列\",\"viewCount\":0}','{\"msg\":\"操作成功\",\"code\":200}',0,NULL,'2025-10-21 09:59:41',17),(375,'博客文章',1,'com.ruoyi.system.controller.BlogArticleController.add()','POST',1,'admin','研发部门','/system/article','127.0.0.1','内网IP','{\"author\":\"admin\",\"authorId\":1,\"commentCount\":0,\"content\":\"近日，一列满载货物的中欧班列——“渭西欧”华阴国庆专列，在金堆城钼业集团有限公司（以下简称“金钼股份”）物流分公司顺利发车。此次专列的运行，不仅是以实干实绩向国庆献礼的具体行动，更是积极开拓外部市场、提升综合物流服务能力的关键性成果，标志着该公司在融入共建“一带一路”大格局、服务地方经济发展方面步入常态化运行轨道。为确保专列顺利开行，金钼股份物流分公司高度重视，构建了“政府+铁路+企业”多方联动的高效协作机制。紧密联动聚合力，与地方政府、铁路部门及合作伙伴紧密协作、高效联动，打通跨部门、跨主体协作的堵点，形成“一盘棋”推进格局；全链把控无缝衔接，从货源集结的统筹调度、报关查验的合规审核，到装车编组的标准化作业、铁路计划的精准申请等，对每个环节实行“清单式管理、节点化管控”，实现全流程无缝衔接，确保专列如期发出。近年来，金钼股份物流分公司在坚守“全力保障内部生产物流顺畅”这一核心职责的同时，主动打破“对内服务”的边界，将自身优势转化为市场竞争力。释放资源优势，依托多年在铁路专用线运营、大宗物资管理、多式联运组织等方面积累的丰富经验，将内部成熟的物流体系推向外部市场；优化服务能力，重构服务流程、提升作业效率、定制个性化物流解决方案；拓展市场空间，业务触角从传统大宗物资物流延伸至工业化制品等多元领域，成功实现从“服务内部”到“市场化经营主体”的转型，完成“内外兼修”的华丽转身。“渭西欧”华阴专列的常态化开行，是金钼股份物流分公司落实公司“质效量”倍增计划、投身“二次创业”新征程的关键实践，为该公司转型发展提供了坚实驱动。未来，金钼股份物流分公司将持续深化内外协同，优化跨境物流服务链条，力争在共建“一带一路”的宏大实践中展现更大作为。（于佳）责任编辑：任飞\",\"coverUrl\":\"\",\"createTime\":\"2025-10-21 10:00:13\",\"id\":14,\"isRecommend\":0,\"isTop\":0,\"likeCount\":0,\"params\":{},\"status\":1,\"summary\":\"\",\"title\":\"“渭西欧”华阴国庆专列顺利发车\",\"viewCount\":0}','{\"msg\":\"操作成功\",\"code\":200}',0,NULL,'2025-10-21 10:00:13',12),(376,'博客文章',1,'com.ruoyi.system.controller.BlogArticleController.add()','POST',1,'admin','研发部门','/system/article','127.0.0.1','内网IP','{\"author\":\"admin\",\"authorId\":1,\"commentCount\":0,\"content\":\"宝鸡瑞熙钛业有限公司是一家专业从事钛及钛合金材料研发、生产以及销售的国家级高新技术企业。 拥有20年以上为全球客户提供质量一流钛及钛合金材料的经验。专注于增材制造用钛及钛合金棒，丝材生产与销售10余年，目前是美国GE增材在亚洲的最大原料供应商，编号11577。产品广泛应用于增材制造、生物医用、航空航天、军工及化工五大领域.主要产品有：钛锭、钛棒、钛丝、钛板、钛管、钛粉以及各种钛锻件等公司先后获得ISO9001国际质量管理体系认证; AS9100国际宇航认证;欧盟PED认证;产品主要出口美、英、德、加拿大等国家。宝鸡瑞熙钛业始终秉承“埋头苦干，实业报国”的使命， 为全球用户提供质量一流的钛材和服务。\",\"coverUrl\":\"\",\"createTime\":\"2025-10-21 10:00:41\",\"id\":15,\"isRecommend\":0,\"isTop\":0,\"likeCount\":0,\"params\":{},\"status\":1,\"summary\":\"\",\"title\":\"高新科技-钛弹簧在汽车中的应用\",\"viewCount\":0}','{\"msg\":\"操作成功\",\"code\":200}',0,NULL,'2025-10-21 10:00:41',10),(377,'博客文章',3,'com.ruoyi.system.controller.BlogArticleController.remove()','DELETE',1,'admin','研发部门','/system/article/15','127.0.0.1','内网IP','[15]','{\"msg\":\"操作成功\",\"code\":200}',0,NULL,'2025-10-21 10:08:54',7),(378,'博客文章',3,'com.ruoyi.system.controller.BlogArticleController.remove()','DELETE',1,'admin','研发部门','/system/article/14','127.0.0.1','内网IP','[14]','{\"msg\":\"操作成功\",\"code\":200}',0,NULL,'2025-10-21 10:08:55',5),(379,'博客文章',3,'com.ruoyi.system.controller.BlogArticleController.remove()','DELETE',1,'admin','研发部门','/system/article/13','127.0.0.1','内网IP','[13]','{\"msg\":\"操作成功\",\"code\":200}',0,NULL,'2025-10-21 10:08:58',6),(380,'博客文章',3,'com.ruoyi.system.controller.BlogArticleController.remove()','DELETE',1,'admin','研发部门','/system/article/1','127.0.0.1','内网IP','[1]','{\"msg\":\"操作成功\",\"code\":200}',0,NULL,'2025-10-21 10:09:01',4),(381,'博客文章',3,'com.ruoyi.system.controller.BlogArticleController.remove()','DELETE',1,'admin','研发部门','/system/article/2','127.0.0.1','内网IP','[2]','{\"msg\":\"操作成功\",\"code\":200}',0,NULL,'2025-10-21 10:09:05',5),(382,'博客文章',3,'com.ruoyi.system.controller.BlogArticleController.remove()','DELETE',1,'admin','研发部门','/system/article/3','127.0.0.1','内网IP','[3]','{\"msg\":\"操作成功\",\"code\":200}',0,NULL,'2025-10-21 10:09:07',7),(383,'博客文章',1,'com.ruoyi.system.controller.BlogArticleController.add()','POST',1,'admin','研发部门','/system/article','127.0.0.1','内网IP','{\"author\":\"admin\",\"authorId\":1,\"commentCount\":0,\"content\":\"10月15日，矿冶集团“矿冶大讲堂”之选矿学术讲堂第8期学术活动在矿业集团研发中心举办。活动邀请了南非工程院院士、美国国家工程院院士奥康纳教授（Cyril O\\\\\'Connor）进行学术报告。矿业集团党委书记、董事长韩龙出席并主持学术活动。奥康纳结合自身研究方向及与矿冶集团联合研究成果，以“A REVIEW OF THE METHODS USED TO CHARACTERIZE THE SURFACES OF SOLIDS”为题作报告。报告系统介绍了zeta电位、微量热法、红外光谱、X射线技术、原子力显微镜等表征方法的发明及在选矿领域的应用历史，阐明了矿物表面表征的核心意义，并结合浮选工艺实际需求，阐述了技术应用的核心逻辑，分享了在低品位矿产资源高效利用、绿色选矿药剂研发等方向面临的挑战与机遇。活动期间，奥康纳一行参观了矿冶集团研发中心科技展厅（矿冶科学家精神教育基地），与中国—南非矿产资源可持续开发利用“一带一路”联合实验室有关负责人就联合研究项目的进展进行讨论，分享阶段性研究成果，探讨下一步合作方向。本次活动由矿物加工科学与技术全国重点实验室、中国—南非矿产资源可持续开发利用“一带一路”联合实验室、选矿所共同组织，为集团科研人员搭建国际高端学术交流平台，为后续科研工作提供技术方法与理论支撑，为矿冶集团拓展国际化科研业务、提升选矿技术国际竞争力注入新动力。矿业集团有关部门和相关人员90余人参加学术交流活动。责任编辑：任飞\",\"coverUrl\":\"\",\"createTime\":\"2025-10-21 10:09:35\",\"id\":16,\"isRecommend\":0,\"isTop\":0,\"likeCount\":0,\"params\":{},\"status\":1,\"summary\":\"\",\"title\":\"矿冶集团举办“矿冶大讲堂”之选矿学术讲堂\",\"viewCount\":0}','{\"msg\":\"操作成功\",\"code\":200}',0,NULL,'2025-10-21 10:09:35',26),(384,'博客文章',3,'com.ruoyi.system.controller.BlogArticleController.remove()','DELETE',1,'admin','研发部门','/system/article/16','127.0.0.1','内网IP','[16]','{\"msg\":\"操作成功\",\"code\":200}',0,NULL,'2025-10-21 10:20:03',11),(385,'博客文章',3,'com.ruoyi.system.controller.BlogArticleController.remove()','DELETE',1,'admin','研发部门','/system/article/11','127.0.0.1','内网IP','[11]','{\"msg\":\"操作成功\",\"code\":200}',0,NULL,'2025-10-21 10:20:05',6),(386,'博客文章',3,'com.ruoyi.system.controller.BlogArticleController.remove()','DELETE',1,'admin','研发部门','/system/article/10','127.0.0.1','内网IP','[10]','{\"msg\":\"操作成功\",\"code\":200}',0,NULL,'2025-10-21 10:20:07',17),(387,'博客文章',3,'com.ruoyi.system.controller.BlogArticleController.remove()','DELETE',1,'admin','研发部门','/system/article/9','127.0.0.1','内网IP','[9]','{\"msg\":\"操作成功\",\"code\":200}',0,NULL,'2025-10-21 10:20:09',5),(388,'博客文章',3,'com.ruoyi.system.controller.BlogArticleController.remove()','DELETE',1,'admin','研发部门','/system/article/8','127.0.0.1','内网IP','[8]','{\"msg\":\"操作成功\",\"code\":200}',0,NULL,'2025-10-21 10:20:11',7),(389,'博客文章',1,'com.ruoyi.system.controller.BlogArticleController.add()','POST',1,'admin','研发部门','/system/article','127.0.0.1','内网IP','{\"author\":\"admin\",\"authorId\":1,\"commentCount\":0,\"content\":\"10月15日，矿冶集团“矿冶大讲堂”之选矿学术讲堂第8期学术活动在矿业集团研发中心举办。活动邀请了南非工程院院士、美国国家工程院院士奥康纳教授（Cyril O\\\\\'Connor）进行学术报告。矿业集团党委书记、董事长韩龙出席并主持学术活动。奥康纳结合自身研究方向及与矿冶集团联合研究成果，以“A REVIEW OF THE METHODS USED TO CHARACTERIZE THE SURFACES OF SOLIDS”为题作报告。报告系统介绍了zeta电位、微量热法、红外光谱、X射线技术、原子力显微镜等表征方法的发明及在选矿领域的应用历史，阐明了矿物表面表征的核心意义，并结合浮选工艺实际需求，阐述了技术应用的核心逻辑，分享了在低品位矿产资源高效利用、绿色选矿药剂研发等方向面临的挑战与机遇。活动期间，奥康纳一行参观了矿冶集团研发中心科技展厅（矿冶科学家精神教育基地），与中国—南非矿产资源可持续开发利用“一带一路”联合实验室有关负责人就联合研究项目的进展进行讨论，分享阶段性研究成果，探讨下一步合作方向。本次活动由矿物加工科学与技术全国重点实验室、中国—南非矿产资源可持续开发利用“一带一路”联合实验室、选矿所共同组织，为集团科研人员搭建国际高端学术交流平台，为后续科研工作提供技术方法与理论支撑，为矿冶集团拓展国际化科研业务、提升选矿技术国际竞争力注入新动力。矿业集团有关部门和相关人员90余人参加学术交流活动。责任编辑：任飞\",\"coverUrl\":\"\",\"createTime\":\"2025-10-21 10:20:28\",\"id\":17,\"isRecommend\":0,\"isTop\":0,\"likeCount\":0,\"params\":{},\"status\":1,\"summary\":\"\",\"title\":\"矿冶集团“矿冶大讲堂”之选矿学术讲堂\",\"viewCount\":0}','{\"msg\":\"操作成功\",\"code\":200}',0,NULL,'2025-10-21 10:20:28',21),(390,'博客文章',1,'com.ruoyi.system.controller.BlogArticleController.add()','POST',1,'admin','研发部门','/system/article','127.0.0.1','内网IP','{\"author\":\"admin\",\"authorId\":1,\"commentCount\":0,\"content\":\"截至9月，安徽铜陵有色质检中心已完成所有质检站点汽车衡智能计量系统的全覆盖，实现全流程计量智能化，标志着质检业务正式迈入数字化管理新阶段。作为承担铜陵有色集团质量计量管理、贸易结算及内部物料检验的核心部门，该中心业务涵盖铜精矿、阴极铜等重要物料的检验与计量。智能计量系统上线前，各站点采用人工录入方式进行过磅操作，从车辆上磅、计量称重到打印磅单、客户确认，全程需2~3分钟，不仅效率受限，人工误差也难以完全杜绝。为推进质检业务智能化，该中心自2019年8月启动智能计量系统建设，分阶段有序完成质检金冠站、金隆站、金新站、冶化站的智能计量系统建设。该系统融合计算机网络、自动化控制、智能监测等技术，有效整合生产、经营与管理环节，推动质检业务向智能化、集成化转型。该智能计量系统投入运行后，单次过磅时间缩短到40秒~50秒，在提升作业效率的同时，实现了人员的优化配置；杜绝人为干预风险，有力支撑铜陵有色集团“减员、增安、提效”目标的落实。智能计量系统是质检业务智能化转型的重要基础，该中心将持续加强专业人才队伍建设，健全数据安全机制，探索电子磅单等创新应用，不断提升系统智能化与协同能力，为铜陵有色公司高质量发展提供有力保障。（夏富青 季泽平）责任编辑：任飞\",\"coverUrl\":\"\",\"createTime\":\"2025-10-21 10:25:35\",\"id\":18,\"isRecommend\":0,\"isTop\":0,\"likeCount\":0,\"params\":{},\"status\":1,\"summary\":\"\",\"title\":\"铜陵有色质检中心实现计量智能化全覆盖\",\"viewCount\":0}','{\"msg\":\"操作成功\",\"code\":200}',0,NULL,'2025-10-21 10:25:36',86),(391,'博客文章',1,'com.ruoyi.system.controller.BlogArticleController.add()','POST',1,'admin','研发部门','/system/article','127.0.0.1','内网IP','{\"author\":\"admin\",\"authorId\":1,\"commentCount\":0,\"content\":\"秋日的阳光洒在兰州铝业有限公司（以下简称“兰州铝业”）400kA电解厂房一通廊大坡，以“技能报国、匠心筑梦”为主题的蓝色旗帜格外醒目。走进车间，地面光洁如镜，设备一尘不染，工具摆放成线，身着工装的选手们正在赛场上全神贯注地操作。这一刻，作为“中国铝业杯”第十八届全国有色金属行业职业技能竞赛的承办方，兰州铝业正以最美的姿态拥抱八方来客。如今的电解车间，放眼望去，泛着金属光泽的槽罩板的整齐划一，耐磨工业地坪上绿色通道、黄线分明，功能分区一目了然，让人很难联想到半年前，这里还是现场管理提升的老大难区域。起初，不少企业职工嘀咕：“搞卫生能出效益？”为打破僵局，企业组织生产管理骨干到现场管理优秀企业“取经“，用对比照片展示差距；制订现场治理提升方案，设立“挂牌作战”机制，日汇报、周总结。整治过程全部利用生产间隙、工休时间完成，丝毫未影响正常生产。看着优化之后的生产、生活环境，竞赛选手赞不绝口，企业职工的荣誉感油然而生。这场由内而外的蜕变，源于以“提升一次工作质量，创造更大价值”为核心的管理思路和“马上就干，干必干好”的工作作风。如今，这里不仅成为该企业现场6S提升治理的标杆车间，更在此次技能竞赛中，赢得不少铝业同仁的“点赞”。“6S不是大扫除，而是用标准说话。”整治过程中，一张张“问题照片”被通报在工作群，一个个方案定格在问题点位。不同区域的地面用不同颜色区分，工具按“形迹管理”标准摆放，连扫把都有专属的“家”。许多电解工有着深刻的感触：“以前找个铁锹、漏铲工具要翻个半天，现在工具柜像‘中药铺’，30秒内必找到。”这种高效逐渐转化为习惯。这些变化不仅停留在表面，更渗透到了生产流程中。通过规范摆放槽罩板，加强电解槽U型密封，含氟烟气的回收效率大幅增加，氟化盐单耗指标明显降低。9月的行业技能竞赛，是专属于兰州铝业的“高光时刻”，100余名电解行业精英在焕然一新的车间里同台竞技。锃亮的设备前，参赛选手专注操作；整洁的场地上，裁判认真评分。一工区区长直言：“我们将把赛事标准转化为日常标准，让‘一时美’变成‘一直美’。”兰州铝业电解现场管理从“将就”到“讲究”，源于对生产环境和员工福祉的高度重视，也是各级人员齐心协力、共同奋斗的成果。经过大赛的淬炼，站在新的起点上，管理融合的理念、现场整治的标准、追求极致的匠心，正融入每一个生产环节，全力推动企业高质量发展。责任编辑：任飞\",\"coverUrl\":\"\",\"createTime\":\"2025-10-21 10:31:45\",\"id\":19,\"isRecommend\":0,\"isTop\":0,\"likeCount\":0,\"params\":{},\"status\":1,\"summary\":\"\",\"title\":\"电解现场6s管理的蝶变之路\",\"viewCount\":0}','{\"msg\":\"操作成功\",\"code\":200}',0,NULL,'2025-10-21 10:31:45',78),(392,'博客文章',1,'com.ruoyi.system.controller.BlogArticleController.add()','POST',1,'admin','研发部门','/system/article','127.0.0.1','内网IP','{\"author\":\"admin\",\"authorId\":1,\"commentCount\":0,\"content\":\"快科技10月20日消息，博主数码闲聊站表示，华为Mate 80系列已经备案，新品会在11月亮相，<strong>其中Mate 80标准版代号Voyager，提供黑色、白色、青色和绿色四种配色。</strong>该博主还透露，同期备案的还有华为平板电脑，有皓月银、深空灰两种配色，这是华为打通鸿蒙多端生态融合的新设备，预计会在11月亮相。\",\"coverUrl\":\"\",\"createTime\":\"2025-10-22 15:41:40\",\"id\":20,\"isRecommend\":0,\"isTop\":0,\"likeCount\":0,\"params\":{},\"status\":1,\"summary\":\"\",\"title\":\"全球首发麒麟9030 华为mate 80系列已备案\",\"viewCount\":0}','{\"msg\":\"操作成功\",\"code\":200}',0,NULL,'2025-10-22 15:41:40',17),(393,'博客文章',1,'com.ruoyi.system.controller.BlogArticleController.add()','POST',1,'admin','研发部门','/system/article','127.0.0.1','内网IP','{\"author\":\"admin\",\"authorId\":1,\"commentCount\":0,\"content\":\"快科技10月22日消息，华为今天正式发布了新一代鸿蒙6(HarmonyOS 6)，升级计划也已公布，相当全面。按照华为的说法，<strong>共有90多款机型将陆续开放升级鸿蒙6，涵盖手机、电脑、平板、智慧屏、耳机、手表、路由器、门锁、音箱等不同品类，而且全部都会在年内升级完毕。</strong>喜欢尝鲜的用户，可以在软件更新中根据提示升级。<strong>10月22日也就是今天起，第一批设备开放公测，包括：</strong>Mate 70系列Mate 60系列Mate X6系列Mate X5系列Pura 80系列Pura 70系列Pura X系列Pocket 2系列nova 14系列nova 13系列nova 12系列nova Flipnova Flip SMatePad Pro 13.2英寸2025MatePad Pro 13.2英寸2023系列MatePad Pro 12.2 英寸2024MatePad Pro 11 英寸2024<strong>同时面向花粉开放内测的有：</strong>Mate XT非凡大师Mate XTs非凡大师MateBook Fold 非凡大师MatePad Pro12.2英寸2025MateBook ProWATCH 5系列WATCH GT 5系列FreeBuds 6FreeBuds 7iFreeArc<strong>11-12月陆续开放升级的则有：</strong>nova 14活力版畅享70XMatePad Mini系列MatePad Air 2025MatePad Air 2024MatePad 11.5 S 2025系列MatePad 11.5 S 2024系列WATCH FIT 4 系列FreeBuds Pro 4FreeClip 2FreeClip智慧屏MateTV 系列鸿蒙智家智能主机X2 Pro路由X1系列凌霄子母路由Q7智能门锁2系列Sound X4Soundx鎏金剧院版Sound X NEWSound X 2021款\",\"coverUrl\":\"\",\"createTime\":\"2025-10-22 15:52:39\",\"delFlag\":\"0\",\"id\":21,\"isRecommend\":0,\"isTop\":0,\"likeCount\":0,\"params\":{},\"status\":1,\"summary\":\"\",\"title\":\"鸿蒙操作系统6特别发布\",\"viewCount\":0}','{\"msg\":\"操作成功\",\"code\":200}',0,NULL,'2025-10-22 15:52:39',86),(394,'博客文章',1,'com.ruoyi.system.controller.BlogArticleController.add()','POST',1,'admin','研发部门','/system/article','127.0.0.1','内网IP','{\"author\":\"admin\",\"authorId\":1,\"commentCount\":0,\"content\":\"快科技10月21日消息，近日，多家主流媒体报道我国科学家成功攻克全固态金属锂电池的“卡脖子”难关，让固态电池性能实现跨越式升级，以前100公斤电池最多支持500公里续航，如今有望突破1000公里。日前，东风汽车官方发文称，其肩负“国家队”使命，持续推进固态电池技术研发和产业布局，目前已取得一系列成果。目前，<strong>东风汽车已构建自主可控的固态电池供应链体系</strong>，相继掌握了电解质、隔膜、原位固化等核心技术，<strong>形成了240Wh/kg、350Wh/kg固态电池产品，最高续航里程也已成功突破1000公里。</strong>具备高能量密度的同时兼具极高的安全特性，不仅可通过GB38031-2020强检测试，<strong>还可通过穿刺、50%挤压大变形与150℃高温热箱等严苛测试，性能与安全达行业先进水平。</strong><strong>延伸阅读：</strong><strong>电池充放电全靠锂离子在正负极间“往返跑</strong>”。<strong>锂离子相当于电池中的“外卖小哥”，负责把电子从电池正极送到负极，固态电解质就是“送外卖”所行驶的“高速公路”。</strong>常用的硫化物固体电解质，硬度高、脆如陶瓷，而金属锂电极却软得像橡皮泥。这两种材料贴合时，就像把橡皮泥粘在陶瓷板上，界面处坑坑洼洼，难走的“路”会影响电池充放电效率，这正是固态电池还没有广泛走向市场的原因。如今，我国多个科研团队纷纷出手，三大关键技术突破让“陶瓷板”和“橡皮泥”实现严丝合缝，有望解决固固界面的接触难题，彻底打通固态电池的续航瓶颈。<strong>“特殊胶水”——碘离子</strong>在电池工作时，会顺着电场跑到电极和电解质的接口处，主动吸引通行的锂离子过来，哪里有小缝隙、小孔洞，就自动流过去填满，电极和电解质就能自己贴得严严实实，从而突破全固态电池走向实用的最大瓶颈。<strong>“柔性变身术”</strong>中国科学院金属所的科学家用聚合材料给电解质打造一副“骨架”，让电池像升级版保鲜膜一样抗拉耐拽。弯折2万次、拧成麻花状都完好无损，完全不怕日常变形。在柔性骨架中加入一些“化学的小零件”，它们有的能让锂离子跑得更快，有的能额外“抓”住更多锂离子，直接让电池储电能力提升86%。<strong>“氟力加固”</strong>清华大学的科研团队用含氟聚醚材料改造电解质，氟的“耐高压本事”极强，电极表面的“氟化物保护壳”，能够防止高电压“击穿”电解质。这项技术在满电状态下经过针刺测试、120℃高温箱测试都不会爆炸，可以确保安全和续航“双在线”。\",\"coverUrl\":\"\",\"createTime\":\"2025-10-22 16:48:47\",\"delFlag\":\"0\",\"id\":22,\"isRecommend\":0,\"isTop\":0,\"likeCount\":0,\"params\":{},\"status\":1,\"summary\":\"\",\"title\":\"国家队出手！东风汽车：固态电池续航成功突破1000公里 已通过穿刺、50%挤压大变形测试\",\"viewCount\":0}','{\"msg\":\"操作成功\",\"code\":200}',0,NULL,'2025-10-22 16:48:47',79),(395,'博客文章',3,'com.ruoyi.system.controller.BlogArticleController.remove()','DELETE',1,'admin','研发部门','/system/article/17','127.0.0.1','内网IP','[17]','{\"msg\":\"操作成功\",\"code\":200}',0,NULL,'2025-10-22 16:54:11',9),(396,'博客文章',1,'com.ruoyi.system.controller.BlogArticleController.add()','POST',1,'admin','研发部门','/system/article','127.0.0.1','内网IP','{\"author\":\"admin\",\"authorId\":1,\"commentCount\":0,\"content\":\"快科技10月22日消息，日前，华为Mate 70 Air在电信终端产品库上架（截至发稿前已无法搜索到该机），型号为SUP-AL90。据数码博主“定焦数码”透露，<strong>华为Mate 70 Air将在11月发布，售价预计在3000元或4000元档起步。</strong>该博主还表示，“定价不会特别吓人，人人买得起。”参考电信终端产品库信息，华为Mate 70 Air拥有曜金黑、羽衣白、金丝银锦三款配色，出厂预装鸿蒙OS 5操作系统，提供12GB+256GB、12GB+512GB存储版本。从照片来看，<strong>华为Mate 70 Air采用Mate 70系列家族式设计，依然是标志性的圆环后摄模组，印有华为自研影像XMAGE标识。</strong>根据今年各家新品的命名规律来看，<strong>华为Mate70 Air大概率主打轻薄设计，预计将采用eSIM技术，取消实体SIM卡槽，以进一步节省内部空间。</strong>不过，由于华为手机的SIM卡槽通常位于机身底部，而电信终端产品库并未展示底部结构，因此目前尚无法确该机是否会采用eSIM方案。\",\"coverUrl\":\"\",\"createTime\":\"2025-10-24 09:03:36\",\"delFlag\":\"0\",\"id\":23,\"isRecommend\":0,\"isTop\":0,\"likeCount\":0,\"params\":{},\"status\":1,\"summary\":\"\",\"title\":\"华为mate 70 air 11月发布 定价友好\",\"viewCount\":0}','{\"msg\":\"操作成功\",\"code\":200}',0,NULL,'2025-10-24 09:03:36',24),(397,'博客文章',1,'com.ruoyi.system.controller.BlogArticleController.add()','POST',1,'admin','研发部门','/system/article','127.0.0.1','内网IP','{\"author\":\"admin\",\"authorId\":1,\"commentCount\":0,\"content\":\"快科技10月24日消息，被封禁了一个月时间后，张雪峰终于解禁了，不过重新走出来的他表现出了超强的求生欲。在张雪峰解禁的首场直播中，其公开表示文科大有可为。按照张雪峰的说法，其认为文科专业有广阔天地，大有可为！<strong>这跟他之前的观点截然不同，要知道在这之前他称公开吐槽，文科都是服务业。</strong>2023年6月，他公然建议一名理科高分考生“闭眼摸一个专业都比新闻好”，并抛出“文科都是服务业”的惊人论断。这些言论虽然为其带来了天文数字般的流量，却也因制造学科对立、加剧学历焦虑而屡遭教育界和舆论的诟病。有网友也是打趣的表示，原来还不知道他为什么被封了，现在这么一看终于知道了。\",\"coverUrl\":\"\",\"createTime\":\"2025-10-24 09:04:28\",\"delFlag\":\"0\",\"id\":24,\"isRecommend\":0,\"isTop\":0,\"likeCount\":0,\"params\":{},\"status\":1,\"summary\":\"\",\"title\":\"满满求生欲！张雪峰解禁复播后称文科大有可为：曾称文科都是服务业\",\"viewCount\":0}','{\"msg\":\"操作成功\",\"code\":200}',0,NULL,'2025-10-24 09:04:28',9),(398,'博客文章',1,'com.ruoyi.system.controller.BlogArticleController.add()','POST',1,'admin','研发部门','/system/article','127.0.0.1','内网IP','{\"author\":\"admin\",\"authorId\":1,\"commentCount\":0,\"content\":\"凰网科技讯 北京时间10月23日，据《华尔街日报》报道，AI行业的突飞猛进使得硅谷巨头们不敢有丝毫放松。虽然AI研究员已是各大公司疯抢的人才，但他们面临高强度工作，即便薪酬不菲，也没时间花。AI研究员乔希·贝特森(Josh Batson)如今已无暇浏览社交媒体。现在，唯一能让他感到愉悦的就是Anthropic公司的Slack工作频道。在那里，他沉浸于同事们关于大语言模型与架构的理论探讨和实验交流。贝特森只是一群重要AI研究人员和高管中的一员，他们正面临无休止的高强度工作，为了追求超越人类智慧的AI系统，不断与看似永无止境的技术变革赛跑。<strong>100小时</strong>在硅谷最顶级的AI实验室内部，顶尖研究员和高管们每周通常要工作80小时至100小时。多位顶尖研究人员将这种工作环境比作战场。“我们实际上是在尝试用两年时间快速完成本该二十年实现的科研进展，”Anthropic研究科学家贝特森表示。他指出，AI系统“每隔几个月”就能实现突破性进展，“它是当今世界上最有趣的科学问题”。\",\"coverUrl\":\"\",\"createTime\":\"2025-10-24 09:09:07\",\"delFlag\":\"0\",\"id\":25,\"isRecommend\":0,\"isTop\":0,\"likeCount\":0,\"params\":{},\"status\":1,\"summary\":\"\",\"title\":\"996不算什么！硅谷ai巨头流行“002” 上亿年薪没时间花\",\"viewCount\":0}','{\"msg\":\"操作成功\",\"code\":200}',0,NULL,'2025-10-24 09:09:07',12),(399,'博客文章',1,'com.ruoyi.system.controller.BlogArticleController.add()','POST',1,'admin','研发部门','/system/article','127.0.0.1','内网IP','{\"author\":\"admin\",\"authorId\":1,\"commentCount\":0,\"content\":\"微软、Anthropic、谷歌、Meta、苹果和OpenAI的高管与研究人员都表示，他们正身处历史分水岭，既要与对手展开角逐，又要探索AI技术普惠大众的创新路径，其承担的工作具有划时代意义。<strong>他们中的一些人已经腰缠万贯，但是不少人坦言，没时间花这些新财富。</strong>随着马克·扎克伯格(Mark Zuckerberg)启动“挖角行动”，AI争夺战进入白热化。他拿出了上亿美元的薪酬从竞争对手招揽顶尖AI人才。这表明，一小群AI研究人员和高管的工作，已经成为全球最宝贵的资源之一。如今，各家公司都在试图从这些精英身上榨取最多的每日产出，就连员工本人也在拼命工作。“每个人都在不停地工作，强度极高，而且似乎没有任何自然停下来的节点。”谷歌DeepMind杰出研究员马达维·塞瓦克(Madhavi Sewak)近期在受访时表示。据知情人士透露，一些创业公司甚至在劳动合同中明确写入每周工作80小时以上的要求。但很多公司不需要这样做，因为顶尖AI员工本身自然会被激烈行业竞争与对模型潜力的探索欲推动工作。\",\"coverUrl\":\"\",\"createTime\":\"2025-10-24 09:10:17\",\"delFlag\":\"0\",\"isRecommend\":0,\"isTop\":0,\"likeCount\":0,\"params\":{},\"status\":1,\"summary\":\"\",\"title\":\"微软、anthropic、谷歌、meta、苹果和openai的高管与研究人员都表示，他们正身处历史分水岭，既要与对手展开角逐，又要探索ai技术普惠大众的创新路径，其承担的工作具有划时代意义。  他们中的一些人已经腰缠万贯，但是不少人坦言，没时间花这些新财富。  随着马克·扎克伯格(mark zuckerberg)启动“挖角行动”，ai争夺战进入白热化。他拿出了上亿美元的薪酬从竞争对手招揽顶尖ai人才。这表明，一小群ai研究人员和高管的工作，已经成为全球最宝贵的资源之一。如今，各家公司都在试图从这些精英身上榨取最多的每日产出，就连员工本人也在拼命工作。  “每个人都在不停地工作，强度极高，而且似乎没有任何自然停下来的节点。”谷歌deepmind杰出研究员马达维·塞瓦克(madhavi sewak)近期在受访时表示。  据知情人士透露，一些创业公司甚至在劳动合同中明确写入每周工作80小时以上的要求。但很多公司不需要这样做，因为顶尖ai员工本身自然会被激烈行业竞争与对模型潜力的探索欲推动工作。\",\"viewCount\":0}',NULL,1,'\n### Error updating database.  Cause: com.mysql.cj.jdbc.exceptions.MysqlDataTruncation: Data truncation: Data too long for column \'title\' at row 1\n### The error may exist in URL [jar:file:/home/nevell/.m2/repository/com/ruoyi/ruoyi-system/3.9.0/ruoyi-system-3.9.0.jar!/mapper/system/BlogArticleMapper.xml]\n### The error may involve com.ruoyi.system.mapper.BlogArticleMapper.insertBlogArticle-Inline\n### The error occurred while setting parameters\n### SQL: insert into blog_article         (title, summary, content, cover_url, category_id, author_id, is_top, is_recommend, status, view_count, like_count, comment_count, create_time, update_time, del_flag)         values         (?, ?, ?, ?, ?, ?, ?, ?, ?, ?, ?, ?, ?, ?,           ? )\n### Cause: com.mysql.cj.jdbc.exceptions.MysqlDataTruncation: Data truncation: Data too long for column \'title\' at row 1\n; Data truncation: Data too long for column \'title\' at row 1; nested exception is com.mysql.cj.jdbc.exceptions.MysqlDataTruncation: Data truncation: Data too long for column \'title\' at row 1','2025-10-24 09:10:17',99),(400,'博客文章',1,'com.ruoyi.system.controller.BlogArticleController.add()','POST',1,'admin','研发部门','/system/article','127.0.0.1','内网IP','{\"author\":\"admin\",\"authorId\":1,\"commentCount\":0,\"content\":\"微软、Anthropic、谷歌、Meta、苹果和OpenAI的高管与研究人员都表示，他们正身处历史分水岭，既要与对手展开角逐，又要探索AI技术普惠大众的创新路径，其承担的工作具有划时代意义。<strong>他们中的一些人已经腰缠万贯，但是不少人坦言，没时间花这些新财富。</strong>随着马克·扎克伯格(Mark Zuckerberg)启动“挖角行动”，AI争夺战进入白热化。他拿出了上亿美元的薪酬从竞争对手招揽顶尖AI人才。这表明，一小群AI研究人员和高管的工作，已经成为全球最宝贵的资源之一。如今，各家公司都在试图从这些精英身上榨取最多的每日产出，就连员工本人也在拼命工作。“每个人都在不停地工作，强度极高，而且似乎没有任何自然停下来的节点。”谷歌DeepMind杰出研究员马达维·塞瓦克(Madhavi Sewak)近期在受访时表示。据知情人士透露，一些创业公司甚至在劳动合同中明确写入每周工作80小时以上的要求。但很多公司不需要这样做，因为顶尖AI员工本身自然会被激烈行业竞争与对模型潜力的探索欲推动工作。\",\"coverUrl\":\"\",\"createTime\":\"2025-10-24 09:10:51\",\"delFlag\":\"0\",\"id\":26,\"isRecommend\":0,\"isTop\":0,\"likeCount\":0,\"params\":{},\"status\":1,\"summary\":\"\",\"title\":\"他们中的一些人已经腰缠万贯\",\"viewCount\":0}','{\"msg\":\"操作成功\",\"code\":200}',0,NULL,'2025-10-24 09:10:51',18),(401,'博客文章',1,'com.ruoyi.system.controller.BlogArticleController.add()','POST',1,'admin','研发部门','/system/article','127.0.0.1','内网IP','{\"author\":\"admin\",\"authorId\":1,\"commentCount\":0,\"content\":\"各位同学：\\t为全面贯彻党的教育方针，落实立德树人根本任务，加强学员思想政治教育和学风建设，根据学院发〔2023〕33号文件的要求，现就学院2025年度学员评优工作，安排如下：\\t<strong>一、评选类型及对象</strong>\\t1.优秀学员、优秀学生干部在2024级学员中评选。\\t2.优秀毕业学员在2024-2025学年毕业的学员中评选(毕业批次：2024年12月、2025年6月和2025年10月)\\t<strong>二、评选条件</strong>\\t<strong>(一)优秀学员评选条件</strong>\\t1. 学习态度端正，刻苦努力，有独立思考、分析、解决 问题的能力，求知欲强，知识面宽，修满第一学年所有课程学分，且课程平均成绩优良以上。\\t2. 品德高尚，尊敬师长，团结同学，具有健康体魄和心理素质。\\t3. 热爱班级，关心集体，积极响应并带动其他学员参加学院和班级组织的各项活动，积极配合学院、班主任及班委完成各项活动的组织和服务工作，具有良好的服务精神和较强的团队协作能力。\\t<strong>&nbsp;(二)优秀学生干部评选条件</strong>\\t1. 担任班委职务，尽职尽责。具有较强的影响力和凝聚力，能带动其他学员参与班级建设，引导班级氛围团结向上；具有较高的管理水平和领导能力，热心为集体服务。\\t2. 作风正派，办事公道。在各项工作中均能发挥模范带头作用，敢于开展批评与自我批评，在学\\t员中威信较高。\\t3. 修满第一学年所有课程学分，且课程平均成绩良好以上。\\t<strong>(三)优秀毕业学员评选条件</strong>\\t1. 能以身作则，在各项活动中起模范带头作用。关心集体，热心为其他学员服务，积极参与社会实践和公益活动。\\t2. 在学院就读期间能够掌握所学管理知识，并在各类实践活动和文体活动中表现良好，具有优秀的管理能力、沟通能力和团队协作能力。\\t3. 修满所有课程学分，通过毕业论文答辩，且课程平均成绩优良以上。\\t4. 被评为优秀学员和优秀学生干部，具有优先评选优秀毕业学员的资格。\\t<strong>申请由学生本人提交给班主任，提交截止日期：2025年10月23日上午9点\\t。</strong>\",\"coverUrl\":\"\",\"createTime\":\"2025-10-24 10:13:16\",\"delFlag\":\"0\",\"id\":27,\"isRecommend\":0,\"isTop\":0,\"likeCount\":0,\"params\":{},\"status\":1,\"summary\":\"\",\"title\":\"帮我做一个月报报送系陕西工商管理硕士学院关于优秀学员优秀学生干部优秀毕业学员评选工作的通知统，企业每个月报一次企业的月报，要有完整的登录，填报，提交和后台的查阅，管理，导出功能\",\"viewCount\":0}','{\"msg\":\"操作成功\",\"code\":200}',0,NULL,'2025-10-24 10:13:16',29),(402,'博客文章',2,'com.ruoyi.system.controller.BlogArticleController.edit()','PUT',1,'admin','研发部门','/system/article','127.0.0.1','内网IP','{\"author\":\"admin\",\"authorId\":1,\"commentCount\":0,\"content\":\"各位同学：\\t为全面贯彻党的教育方针，落实立德树人根本任务，加强学员思想政治教育和学风建设，根据学院发〔2023〕33号文件的要求，现就学院2025年度学员评优工作，安排如下：\\t<strong>一、评选类型及对象</strong>\\t1.优秀学员、优秀学生干部在2024级学员中评选。\\t2.优秀毕业学员在2024-2025学年毕业的学员中评选(毕业批次：2024年12月、2025年6月和2025年10月)\\t<strong>二、评选条件</strong>\\t<strong>(一)优秀学员评选条件</strong>\\t1. 学习态度端正，刻苦努力，有独立思考、分析、解决 问题的能力，求知欲强，知识面宽，修满第一学年所有课程学分，且课程平均成绩优良以上。\\t2. 品德高尚，尊敬师长，团结同学，具有健康体魄和心理素质。\\t3. 热爱班级，关心集体，积极响应并带动其他学员参加学院和班级组织的各项活动，积极配合学院、班主任及班委完成各项活动的组织和服务工作，具有良好的服务精神和较强的团队协作能力。\\t<strong>&nbsp;(二)优秀学生干部评选条件</strong>\\t1. 担任班委职务，尽职尽责。具有较强的影响力和凝聚力，能带动其他学员参与班级建设，引导班级氛围团结向上；具有较高的管理水平和领导能力，热心为集体服务。\\t2. 作风正派，办事公道。在各项工作中均能发挥模范带头作用，敢于开展批评与自我批评，在学\\t员中威信较高。\\t3. 修满第一学年所有课程学分，且课程平均成绩良好以上。\\t<strong>(三)优秀毕业学员评选条件</strong>\\t1. 能以身作则，在各项活动中起模范带头作用。关心集体，热心为其他学员服务，积极参与社会实践和公益活动。\\t2. 在学院就读期间能够掌握所学管理知识，并在各类实践活动和文体活动中表现良好，具有优秀的管理能力、沟通能力和团队协作能力。\\t3. 修满所有课程学分，通过毕业论文答辩，且课程平均成绩优良以上。\\t4. 被评为优秀学员和优秀学生干部，具有优先评选优秀毕业学员的资格。\\t<strong>申请由学生本人提交给班主任，提交截止日期：2025年10月23日上午9点\\t。</strong>\",\"coverUrl\":\"\",\"delFlag\":\"0\",\"isRecommend\":0,\"isTop\":0,\"likeCount\":0,\"params\":{},\"status\":1,\"summary\":\"\",\"title\":\"陕西工商管理硕士学院关于优秀学员优秀学生干部优秀毕业学员评选工作的通知统，企业每个月报一次企业的月报，要有完整的登录，填报，提交和后台的查阅，管理，导出功能\",\"updateTime\":\"2025-10-24 10:20:26\",\"viewCount\":0}','{\"msg\":\"操作失败\",\"code\":500}',0,NULL,'2025-10-24 10:20:26',9),(403,'博客文章',2,'com.ruoyi.system.controller.BlogArticleController.edit()','PUT',1,'admin','研发部门','/system/article','127.0.0.1','内网IP','{\"author\":\"admin\",\"authorId\":1,\"commentCount\":0,\"content\":\"各位同学：\\t为全面贯彻党的教育方针，落实立德树人根本任务，加强学员思想政治教育和学风建设，根据学院发〔2023〕33号文件的要求，现就学院2025年度学员评优工作，安排如下：\\t<strong>一、评选类型及对象</strong>\\t1.优秀学员、优秀学生干部在2024级学员中评选。\\t2.优秀毕业学员在2024-2025学年毕业的学员中评选(毕业批次：2024年12月、2025年6月和2025年10月)\\t<strong>二、评选条件</strong>\\t<strong>(一)优秀学员评选条件</strong>\\t1. 学习态度端正，刻苦努力，有独立思考、分析、解决 问题的能力，求知欲强，知识面宽，修满第一学年所有课程学分，且课程平均成绩优良以上。\\t2. 品德高尚，尊敬师长，团结同学，具有健康体魄和心理素质。\\t3. 热爱班级，关心集体，积极响应并带动其他学员参加学院和班级组织的各项活动，积极配合学院、班主任及班委完成各项活动的组织和服务工作，具有良好的服务精神和较强的团队协作能力。\\t<strong>&nbsp;(二)优秀学生干部评选条件</strong>\\t1. 担任班委职务，尽职尽责。具有较强的影响力和凝聚力，能带动其他学员参与班级建设，引导班级氛围团结向上；具有较高的管理水平和领导能力，热心为集体服务。\\t2. 作风正派，办事公道。在各项工作中均能发挥模范带头作用，敢于开展批评与自我批评，在学\\t员中威信较高。\\t3. 修满第一学年所有课程学分，且课程平均成绩良好以上。\\t<strong>(三)优秀毕业学员评选条件</strong>\\t1. 能以身作则，在各项活动中起模范带头作用。关心集体，热心为其他学员服务，积极参与社会实践和公益活动。\\t2. 在学院就读期间能够掌握所学管理知识，并在各类实践活动和文体活动中表现良好，具有优秀的管理能力、沟通能力和团队协作能力。\\t3. 修满所有课程学分，通过毕业论文答辩，且课程平均成绩优良以上。\\t4. 被评为优秀学员和优秀学生干部，具有优先评选优秀毕业学员的资格。\\t<strong>申请由学生本人提交给班主任，提交截止日期：2025年10月23日上午9点\\t。</strong>\",\"coverUrl\":\"\",\"delFlag\":\"0\",\"isRecommend\":0,\"isTop\":0,\"likeCount\":0,\"params\":{},\"status\":1,\"summary\":\"\",\"title\":\"陕西工商管理硕士学院关于优秀学员优秀学生干部优秀毕业学员评选工作的通知统，企业每个月报一次企业的月报，要有完整的登录，填报，提交和后台的查阅，管理，导出功能\",\"updateTime\":\"2025-10-24 10:20:54\",\"viewCount\":0}','{\"msg\":\"操作失败\",\"code\":500}',0,NULL,'2025-10-24 10:20:55',6),(404,'博客文章',2,'com.ruoyi.system.controller.BlogArticleController.edit()','PUT',1,'admin','研发部门','/system/article','127.0.0.1','内网IP','{\"author\":\"admin\",\"authorId\":1,\"commentCount\":0,\"content\":\"各位同学：\\t为全面贯彻党的教育方针，落实立德树人根本任务，加强学员思想政治教育和学风建设，根据学院发〔2023〕33号文件的要求，现就学院2025年度学员评优工作，安排如下：\\t<strong>一、评选类型及对象</strong>\\t1.优秀学员、优秀学生干部在2024级学员中评选。\\t2.优秀毕业学员在2024-2025学年毕业的学员中评选(毕业批次：2024年12月、2025年6月和2025年10月)\\t<strong>二、评选条件</strong>\\t<strong>(一)优秀学员评选条件</strong>\\t1. 学习态度端正，刻苦努力，有独立思考、分析、解决 问题的能力，求知欲强，知识面宽，修满第一学年所有课程学分，且课程平均成绩优良以上。\\t2. 品德高尚，尊敬师长，团结同学，具有健康体魄和心理素质。\\t3. 热爱班级，关心集体，积极响应并带动其他学员参加学院和班级组织的各项活动，积极配合学院、班主任及班委完成各项活动的组织和服务工作，具有良好的服务精神和较强的团队协作能力。\\t<strong>&nbsp;(二)优秀学生干部评选条件</strong>\\t1. 担任班委职务，尽职尽责。具有较强的影响力和凝聚力，能带动其他学员参与班级建设，引导班级氛围团结向上；具有较高的管理水平和领导能力，热心为集体服务。\\t2. 作风正派，办事公道。在各项工作中均能发挥模范带头作用，敢于开展批评与自我批评，在学\\t员中威信较高。\\t3. 修满第一学年所有课程学分，且课程平均成绩良好以上。\\t<strong>(三)优秀毕业学员评选条件</strong>\\t1. 能以身作则，在各项活动中起模范带头作用。关心集体，热心为其他学员服务，积极参与社会实践和公益活动。\\t2. 在学院就读期间能够掌握所学管理知识，并在各类实践活动和文体活动中表现良好，具有优秀的管理能力、沟通能力和团队协作能力。\\t3. 修满所有课程学分，通过毕业论文答辩，且课程平均成绩优良以上。\\t4. 被评为优秀学员和优秀学生干部，具有优先评选优秀毕业学员的资格。\\t<strong>申请由学生本人提交给班主任，提交截止日期：2025年10月23日上午9点\\t。</strong>\",\"coverUrl\":\"\",\"delFlag\":\"0\",\"isRecommend\":0,\"isTop\":0,\"likeCount\":0,\"params\":{},\"status\":1,\"summary\":\"\",\"title\":\"陕西工商管理硕士学院关于优秀学员优秀学生干部优秀毕业学员评选工作的通知统，企业每个月报一次企业的月报，要有完整的登录，填报，提交和后台的查阅，管理，导出功能\",\"updateTime\":\"2025-10-24 10:23:16\",\"viewCount\":0}','{\"msg\":\"操作失败\",\"code\":500}',0,NULL,'2025-10-24 10:23:16',26),(405,'博客文章',2,'com.ruoyi.system.controller.BlogArticleController.edit()','PUT',1,'admin','研发部门','/system/article','127.0.0.1','内网IP','{\"author\":\"admin\",\"authorId\":1,\"commentCount\":0,\"content\":\"各位同学：\\t为全面贯彻党的教育方针，落实立德树人根本任务，加强学员思想政治教育和学风建设，根据学院发〔2023〕33号文件的要求，现就学院2025年度学员评优工作，安排如下：\\t<strong>一、评选类型及对象</strong>\\t1.优秀学员、优秀学生干部在2024级学员中评选。\\t2.优秀毕业学员在2024-2025学年毕业的学员中评选(毕业批次：2024年12月、2025年6月和2025年10月)\\t<strong>二、评选条件</strong>\\t<strong>(一)优秀学员评选条件</strong>\\t1. 学习态度端正，刻苦努力，有独立思考、分析、解决 问题的能力，求知欲强，知识面宽，修满第一学年所有课程学分，且课程平均成绩优良以上。\\t2. 品德高尚，尊敬师长，团结同学，具有健康体魄和心理素质。\\t3. 热爱班级，关心集体，积极响应并带动其他学员参加学院和班级组织的各项活动，积极配合学院、班主任及班委完成各项活动的组织和服务工作，具有良好的服务精神和较强的团队协作能力。\\t<strong>&nbsp;(二)优秀学生干部评选条件</strong>\\t1. 担任班委职务，尽职尽责。具有较强的影响力和凝聚力，能带动其他学员参与班级建设，引导班级氛围团结向上；具有较高的管理水平和领导能力，热心为集体服务。\\t2. 作风正派，办事公道。在各项工作中均能发挥模范带头作用，敢于开展批评与自我批评，在学\\t员中威信较高。\\t3. 修满第一学年所有课程学分，且课程平均成绩良好以上。\\t<strong>(三)优秀毕业学员评选条件</strong>\\t1. 能以身作则，在各项活动中起模范带头作用。关心集体，热心为其他学员服务，积极参与社会实践和公益活动。\\t2. 在学院就读期间能够掌握所学管理知识，并在各类实践活动和文体活动中表现良好，具有优秀的管理能力、沟通能力和团队协作能力。\\t3. 修满所有课程学分，通过毕业论文答辩，且课程平均成绩优良以上。\\t4. 被评为优秀学员和优秀学生干部，具有优先评选优秀毕业学员的资格。\\t<strong>申请由学生本人提交给班主任，提交截止日期：2025年10月23日上午9点\\t。</strong>\",\"coverUrl\":\"\",\"delFlag\":\"0\",\"isRecommend\":0,\"isTop\":0,\"likeCount\":0,\"params\":{},\"status\":1,\"summary\":\"\",\"title\":\"系陕西工商管理硕士学院关于优秀学员优秀学生干部优秀毕业学员评选工作的通知统，企业每个月报一次企业的月报，要有完整的登录，填报，提交和后台的查阅，管理，导出功能\",\"updateTime\":\"2025-10-24 10:27:09\",\"viewCount\":0}','{\"msg\":\"操作失败\",\"code\":500}',0,NULL,'2025-10-24 10:27:09',11),(406,'博客文章',2,'com.ruoyi.system.controller.BlogArticleController.edit()','PUT',1,'admin','研发部门','/system/article','127.0.0.1','内网IP','{\"author\":\"admin\",\"authorId\":1,\"commentCount\":0,\"content\":\"各位同学：\\t为全面贯彻党的教育方针，落实立德树人根本任务，加强学员思想政治教育和学风建设，根据学院发〔2023〕33号文件的要求，现就学院2025年度学员评优工作，安排如下：\\t<strong>一、评选类型及对象</strong>\\t1.优秀学员、优秀学生干部在2024级学员中评选。\\t2.优秀毕业学员在2024-2025学年毕业的学员中评选(毕业批次：2024年12月、2025年6月和2025年10月)\\t<strong>二、评选条件</strong>\\t<strong>(一)优秀学员评选条件</strong>\\t1. 学习态度端正，刻苦努力，有独立思考、分析、解决 问题的能力，求知欲强，知识面宽，修满第一学年所有课程学分，且课程平均成绩优良以上。\\t2. 品德高尚，尊敬师长，团结同学，具有健康体魄和心理素质。\\t3. 热爱班级，关心集体，积极响应并带动其他学员参加学院和班级组织的各项活动，积极配合学院、班主任及班委完成各项活动的组织和服务工作，具有良好的服务精神和较强的团队协作能力。\\t<strong>&nbsp;(二)优秀学生干部评选条件</strong>\\t1. 担任班委职务，尽职尽责。具有较强的影响力和凝聚力，能带动其他学员参与班级建设，引导班级氛围团结向上；具有较高的管理水平和领导能力，热心为集体服务。\\t2. 作风正派，办事公道。在各项工作中均能发挥模范带头作用，敢于开展批评与自我批评，在学\\t员中威信较高。\\t3. 修满第一学年所有课程学分，且课程平均成绩良好以上。\\t<strong>(三)优秀毕业学员评选条件</strong>\\t1. 能以身作则，在各项活动中起模范带头作用。关心集体，热心为其他学员服务，积极参与社会实践和公益活动。\\t2. 在学院就读期间能够掌握所学管理知识，并在各类实践活动和文体活动中表现良好，具有优秀的管理能力、沟通能力和团队协作能力。\\t3. 修满所有课程学分，通过毕业论文答辩，且课程平均成绩优良以上。\\t4. 被评为优秀学员和优秀学生干部，具有优先评选优秀毕业学员的资格。\\t<strong>申请由学生本人提交给班主任，提交截止日期：2025年10月23日上午9点\\t。</strong>\",\"coverUrl\":\"\",\"delFlag\":\"0\",\"isRecommend\":0,\"isTop\":0,\"likeCount\":0,\"params\":{},\"status\":1,\"summary\":\"\",\"title\":\"系陕西工商管理硕士学院关于优秀学员优秀学生干部优秀毕业学员评选工作的通知统，企业每个月报一次企业的月报，要有完整的登录，填报，提交和后台的查阅，管理，导出功能\",\"updateTime\":\"2025-10-24 10:27:45\",\"viewCount\":0}','{\"msg\":\"操作失败\",\"code\":500}',0,NULL,'2025-10-24 10:27:45',29),(407,'博客文章',1,'com.ruoyi.system.controller.BlogArticleController.add()','POST',1,'admin','研发部门','/system/article','127.0.0.1','内网IP',NULL,'{\"msg\":\"操作成功\",\"code\":200}',0,NULL,'2025-10-24 14:43:13',25),(408,'博客文章',1,'com.ruoyi.system.controller.BlogArticleController.add()','POST',1,'admin','研发部门','/system/article','127.0.0.1','内网IP',NULL,'{\"msg\":\"操作成功\",\"code\":200}',0,NULL,'2025-10-24 14:45:48',17),(409,'博客文章',1,'com.ruoyi.system.controller.BlogArticleController.add()','POST',1,'admin','研发部门','/system/article','127.0.0.1','内网IP',NULL,'{\"msg\":\"操作成功\",\"code\":200}',0,NULL,'2025-10-24 14:51:09',18),(410,'博客文章',1,'com.ruoyi.system.controller.BlogArticleController.add()','POST',1,'admin','研发部门','/system/article','127.0.0.1','内网IP',NULL,'{\"msg\":\"操作成功\",\"code\":200}',0,NULL,'2025-10-24 14:53:27',13),(411,'博客文章',1,'com.ruoyi.system.controller.BlogArticleController.add()','POST',1,'admin','研发部门','/system/article','127.0.0.1','内网IP',NULL,'{\"msg\":\"操作成功\",\"code\":200}',0,NULL,'2025-10-24 15:10:32',20),(412,'博客文章',1,'com.ruoyi.system.controller.BlogArticleController.add()','POST',1,'admin','研发部门','/system/article','127.0.0.1','内网IP',NULL,'{\"msg\":\"操作成功\",\"code\":200}',0,NULL,'2025-10-24 16:23:57',28),(413,'博客标签',2,'com.ruoyi.system.controller.BlogTagController.edit()','PUT',1,'admin','研发部门','/system/tag','127.0.0.1','内网IP','{\"createTime\":\"2025-10-14 11:54:48\",\"delFlag\":\"0\",\"params\":{},\"tagId\":1,\"tagName\":\"Java\",\"updateBy\":\"admin\",\"updateTime\":\"2025-10-14 11:54:48\"}','{\"msg\":\"操作成功\",\"code\":200}',0,NULL,'2025-10-27 10:51:53',12),(414,'博客标签',2,'com.ruoyi.system.controller.BlogTagController.edit()','PUT',1,'admin','研发部门','/system/tag','127.0.0.1','内网IP','{\"createTime\":\"2025-10-14 11:54:48\",\"delFlag\":\"0\",\"params\":{},\"tagId\":10,\"tagName\":\"项目经验\",\"updateBy\":\"admin\",\"updateTime\":\"2025-10-14 11:54:48\"}','{\"msg\":\"操作成功\",\"code\":200}',0,NULL,'2025-10-27 11:42:47',6),(415,'博客文章',2,'com.ruoyi.system.controller.BlogArticleController.edit()','PUT',1,'admin','研发部门','/system/article','127.0.0.1','内网IP',NULL,NULL,1,'文章标题已存在，请更换标题！','2025-10-27 11:43:06',7),(416,'博客文章',2,'com.ruoyi.system.controller.BlogArticleController.edit()','PUT',1,'admin','研发部门','/system/article','127.0.0.1','内网IP',NULL,NULL,1,'文章标题已存在，请更换标题！','2025-10-27 11:43:13',5),(417,'博客标签',2,'com.ruoyi.system.controller.BlogTagController.edit()','PUT',1,'admin','研发部门','/system/tag','127.0.0.1','内网IP','{\"createTime\":\"2025-10-14 11:54:48\",\"delFlag\":\"0\",\"params\":{},\"tagId\":1,\"tagName\":\"Java\",\"updateBy\":\"admin\",\"updateTime\":\"2025-10-14 11:54:48\"}','{\"msg\":\"操作成功\",\"code\":200}',0,NULL,'2025-10-27 11:45:39',4),(418,'博客文章',2,'com.ruoyi.system.controller.BlogArticleController.edit()','PUT',1,'admin','研发部门','/system/article','127.0.0.1','内网IP',NULL,NULL,1,'文章标题已存在，请更换标题！','2025-10-27 11:47:27',3),(419,'博客文章',2,'com.ruoyi.system.controller.BlogArticleController.edit()','PUT',1,'admin','研发部门','/system/article','127.0.0.1','内网IP',NULL,NULL,1,'文章标题已存在，请更换标题！','2025-10-27 11:47:37',5),(420,'博客文章',2,'com.ruoyi.system.controller.BlogArticleController.edit()','PUT',1,'admin','研发部门','/system/article','127.0.0.1','内网IP',NULL,NULL,1,'文章标题已存在，请更换标题！','2025-10-27 11:48:10',2),(421,'博客文章',2,'com.ruoyi.system.controller.BlogArticleController.edit()','PUT',1,'admin','研发部门','/system/article','127.0.0.1','内网IP',NULL,NULL,1,'文章标题已存在，请更换标题！','2025-10-27 11:48:44',2),(422,'博客文章',2,'com.ruoyi.system.controller.BlogArticleController.edit()','PUT',1,'admin','研发部门','/system/article','127.0.0.1','内网IP',NULL,NULL,1,'文章标题已存在，请更换标题！','2025-10-27 11:51:04',3),(423,'博客文章',2,'com.ruoyi.system.controller.BlogArticleController.edit()','PUT',1,'admin','研发部门','/system/article','127.0.0.1','内网IP',NULL,NULL,1,'文章标题已存在，请更换标题！','2025-10-27 11:56:51',3),(424,'博客文章',2,'com.ruoyi.system.controller.BlogArticleController.edit()','PUT',1,'admin','研发部门','/system/article','127.0.0.1','内网IP',NULL,NULL,1,'文章标题已存在，请更换标题！','2025-10-27 11:59:37',3),(425,'博客文章',1,'com.ruoyi.system.controller.BlogArticleController.add()','POST',1,'admin','研发部门','/system/article','127.0.0.1','内网IP',NULL,'{\"msg\":\"操作成功\",\"code\":200}',0,NULL,'2025-10-27 12:00:41',16),(426,'博客文章',2,'com.ruoyi.system.controller.BlogArticleController.edit()','PUT',1,'admin','研发部门','/system/article','127.0.0.1','内网IP',NULL,'{\"msg\":\"操作成功\",\"code\":200}',0,NULL,'2025-10-27 15:19:28',11),(427,'博客文章',2,'com.ruoyi.system.controller.BlogArticleController.edit()','PUT',1,'admin','研发部门','/system/article','127.0.0.1','内网IP',NULL,'{\"msg\":\"操作成功\",\"code\":200}',0,NULL,'2025-10-27 15:19:40',10),(428,'博客文章',1,'com.ruoyi.system.controller.BlogArticleController.add()','POST',1,'admin','研发部门','/system/article','127.0.0.1','内网IP',NULL,'{\"msg\":\"操作成功\",\"code\":200}',0,NULL,'2025-10-27 15:26:34',18),(429,'博客文章',2,'com.ruoyi.system.controller.BlogArticleController.edit()','PUT',1,'admin','研发部门','/system/article','127.0.0.1','内网IP',NULL,'{\"msg\":\"操作成功\",\"code\":200}',0,NULL,'2025-10-27 15:29:59',11),(430,'博客文章',2,'com.ruoyi.system.controller.BlogArticleController.edit()','PUT',1,'admin','研发部门','/system/article','127.0.0.1','内网IP',NULL,'{\"msg\":\"操作成功\",\"code\":200}',0,NULL,'2025-10-27 15:30:18',9),(431,'博客文章',2,'com.ruoyi.system.controller.BlogArticleController.edit()','PUT',1,'admin','研发部门','/system/article','127.0.0.1','内网IP',NULL,'{\"msg\":\"操作成功\",\"code\":200}',0,NULL,'2025-10-27 15:30:56',9),(432,'博客文章',2,'com.ruoyi.system.controller.BlogArticleController.edit()','PUT',1,'admin','研发部门','/system/article','127.0.0.1','内网IP',NULL,'{\"msg\":\"操作成功\",\"code\":200}',0,NULL,'2025-10-27 15:31:03',7),(433,'博客文章',2,'com.ruoyi.system.controller.BlogArticleController.edit()','PUT',1,'admin','研发部门','/system/article','127.0.0.1','内网IP',NULL,'{\"msg\":\"操作成功\",\"code\":200}',0,NULL,'2025-10-27 15:33:34',9),(434,'博客文章',2,'com.ruoyi.system.controller.BlogArticleController.edit()','PUT',1,'admin','研发部门','/system/article','127.0.0.1','内网IP',NULL,'{\"msg\":\"操作成功\",\"code\":200}',0,NULL,'2025-10-27 15:33:40',8),(435,'博客设置',2,'com.ruoyi.system.controller.BlogSettingController.edit()','PUT',1,'admin','研发部门','/system/setting','127.0.0.1','内网IP','{\"createTime\":\"2025-10-14 11:50:51\",\"description\":\"博客作者\",\"id\":3,\"params\":{},\"settingKey\":\"blog_author\",\"settingValue\":\"Passwd\",\"updateBy\":\"admin\",\"updateTime\":\"2025-10-14 11:54:48\"}','{\"msg\":\"操作成功\",\"code\":200}',0,NULL,'2025-10-27 15:34:56',10),(436,'博客文章',2,'com.ruoyi.system.controller.BlogArticleController.edit()','PUT',1,'admin','研发部门','/system/article','127.0.0.1','内网IP',NULL,'{\"msg\":\"操作成功\",\"code\":200}',0,NULL,'2025-10-27 15:36:00',8),(437,'博客文章',2,'com.ruoyi.system.controller.BlogArticleController.edit()','PUT',1,'admin','研发部门','/system/article','127.0.0.1','内网IP',NULL,'{\"msg\":\"操作成功\",\"code\":200}',0,NULL,'2025-10-27 15:39:19',8),(438,'博客标签',1,'com.ruoyi.system.controller.BlogTagController.add()','POST',1,'admin','研发部门','/system/tag','127.0.0.1','内网IP','{\"createBy\":\"admin\",\"delFlag\":\"0\",\"params\":{},\"tagId\":11,\"tagName\":\"科技\"}','{\"msg\":\"操作成功\",\"code\":200}',0,NULL,'2025-10-27 15:42:11',18),(439,'博客标签',1,'com.ruoyi.system.controller.BlogTagController.add()','POST',1,'admin','研发部门','/system/tag','127.0.0.1','内网IP','{\"createBy\":\"admin\",\"delFlag\":\"0\",\"params\":{},\"tagId\":12,\"tagName\":\"热门\"}','{\"msg\":\"操作成功\",\"code\":200}',0,NULL,'2025-10-27 15:42:31',7),(440,'博客文章',2,'com.ruoyi.system.controller.BlogArticleController.edit()','PUT',1,'admin','研发部门','/system/article','127.0.0.1','内网IP',NULL,'{\"msg\":\"操作成功\",\"code\":200}',0,NULL,'2025-10-27 15:42:52',5),(441,'博客文章',2,'com.ruoyi.system.controller.BlogArticleController.edit()','PUT',1,'admin','研发部门','/system/article','127.0.0.1','内网IP',NULL,'{\"msg\":\"操作成功\",\"code\":200}',0,NULL,'2025-10-27 15:45:48',10),(442,'博客标签',2,'com.ruoyi.system.controller.BlogTagController.edit()','PUT',1,'admin','研发部门','/system/tag','127.0.0.1','内网IP','{\"createTime\":\"2025-10-27 15:42:31\",\"delFlag\":\"0\",\"params\":{},\"tagId\":12,\"tagName\":\"热门\",\"updateBy\":\"admin\",\"updateTime\":\"2025-10-27 15:42:31\"}','{\"msg\":\"操作成功\",\"code\":200}',0,NULL,'2025-10-27 15:46:12',3),(443,'博客标签',2,'com.ruoyi.system.controller.BlogTagController.edit()','PUT',1,'admin','研发部门','/system/tag','127.0.0.1','内网IP','{\"createTime\":\"2025-10-27 15:42:11\",\"delFlag\":\"0\",\"params\":{},\"tagId\":11,\"tagName\":\"科技\",\"updateBy\":\"admin\",\"updateTime\":\"2025-10-27 15:42:11\"}','{\"msg\":\"操作成功\",\"code\":200}',0,NULL,'2025-10-27 15:46:20',5),(444,'博客标签',2,'com.ruoyi.system.controller.BlogTagController.edit()','PUT',1,'admin','研发部门','/system/tag','127.0.0.1','内网IP','{\"createTime\":\"2025-10-27 15:42:31\",\"delFlag\":\"0\",\"params\":{},\"tagId\":12,\"tagName\":\"热门\",\"updateBy\":\"admin\",\"updateTime\":\"2025-10-27 15:42:31\"}','{\"msg\":\"操作成功\",\"code\":200}',0,NULL,'2025-10-27 15:46:25',3),(445,'博客标签',5,'com.ruoyi.system.controller.BlogTagController.export()','POST',1,'admin','研发部门','/system/tag/export','127.0.0.1','内网IP','{\"pageSize\":\"10\",\"pageNum\":\"2\"}',NULL,0,NULL,'2025-10-27 15:46:52',511),(446,'博客标签',2,'com.ruoyi.system.controller.BlogTagController.edit()','PUT',1,'admin','研发部门','/system/tag','127.0.0.1','内网IP','{\"createTime\":\"2025-10-14 11:54:48\",\"delFlag\":\"0\",\"params\":{},\"tagId\":10,\"tagName\":\"项目经验\",\"updateBy\":\"admin\",\"updateTime\":\"2025-10-27 15:52:47\"}','{\"msg\":\"操作成功\",\"code\":200}',0,NULL,'2025-10-27 15:53:44',5),(447,'博客标签',3,'com.ruoyi.system.controller.BlogTagController.remove()','DELETE',1,'admin','研发部门','/system/tag/2','127.0.0.1','内网IP','[2]','{\"msg\":\"删除标签失败，标签已关联文章\",\"code\":500}',0,NULL,'2025-10-27 15:57:06',17),(448,'博客标签',3,'com.ruoyi.system.controller.BlogTagController.remove()','DELETE',1,'admin','研发部门','/system/tag/2','127.0.0.1','内网IP','[2]','{\"msg\":\"删除标签失败，标签已关联文章\",\"code\":500}',0,NULL,'2025-10-27 15:57:09',1),(449,'博客标签',3,'com.ruoyi.system.controller.BlogTagController.remove()','DELETE',1,'admin','研发部门','/system/tag/12','127.0.0.1','内网IP','[12]','{\"msg\":\"操作成功\",\"code\":200}',0,NULL,'2025-10-27 15:57:13',7),(450,'博客标签',3,'com.ruoyi.system.controller.BlogTagController.remove()','DELETE',1,'admin','研发部门','/system/tag/1','127.0.0.1','内网IP','[1]','{\"msg\":\"删除标签失败，标签已关联文章\",\"code\":500}',0,NULL,'2025-10-27 15:57:18',2),(451,'博客标签',3,'com.ruoyi.system.controller.BlogTagController.remove()','DELETE',1,'admin','研发部门','/system/tag/3','127.0.0.1','内网IP','[3]','{\"msg\":\"删除标签失败，标签已关联文章\",\"code\":500}',0,NULL,'2025-10-27 15:57:23',2),(452,'博客标签',3,'com.ruoyi.system.controller.BlogTagController.remove()','DELETE',1,'admin','研发部门','/system/tag/6','127.0.0.1','内网IP','[6]','{\"msg\":\"删除标签失败，标签已关联文章\",\"code\":500}',0,NULL,'2025-10-27 15:57:25',1),(453,'博客标签',3,'com.ruoyi.system.controller.BlogTagController.remove()','DELETE',1,'admin','研发部门','/system/tag/8','127.0.0.1','内网IP','[8]','{\"msg\":\"删除标签失败，标签已关联文章\",\"code\":500}',0,NULL,'2025-10-27 15:57:28',2),(454,'博客文章',2,'com.ruoyi.system.controller.BlogArticleController.edit()','PUT',1,'admin','研发部门','/system/article','127.0.0.1','内网IP',NULL,'{\"msg\":\"操作成功\",\"code\":200}',0,NULL,'2025-10-27 15:57:41',8),(455,'博客标签',2,'com.ruoyi.system.controller.BlogTagController.edit()','PUT',1,'admin','研发部门','/system/tag','127.0.0.1','内网IP','{\"createTime\":\"2025-10-27 15:42:11\",\"delFlag\":\"0\",\"params\":{},\"tagId\":11,\"tagName\":\"科技\",\"updateBy\":\"admin\",\"updateTime\":\"2025-10-27 15:42:11\"}','{\"msg\":\"操作成功\",\"code\":200}',0,NULL,'2025-10-27 15:59:39',3),(456,'博客标签',3,'com.ruoyi.system.controller.BlogTagController.remove()','DELETE',1,'admin','研发部门','/system/tag/2','127.0.0.1','内网IP','[2]','{\"msg\":\"删除标签失败，标签已关联文章\",\"code\":500}',0,NULL,'2025-10-27 15:59:46',2),(457,'博客标签',2,'com.ruoyi.system.controller.BlogTagController.edit()','PUT',1,'admin','研发部门','/system/tag','127.0.0.1','内网IP','{\"createTime\":\"2025-10-14 11:54:48\",\"delFlag\":\"0\",\"params\":{},\"tagId\":10,\"tagName\":\"项目经验\",\"updateBy\":\"admin\",\"updateTime\":\"2025-10-27 15:52:47\"}','{\"msg\":\"操作成功\",\"code\":200}',0,NULL,'2025-10-27 16:00:56',3),(458,'博客文章',2,'com.ruoyi.system.controller.BlogArticleController.edit()','PUT',1,'admin','研发部门','/system/article','127.0.0.1','内网IP',NULL,'{\"msg\":\"操作成功\",\"code\":200}',0,NULL,'2025-10-27 16:12:03',15),(459,'博客标签',2,'com.ruoyi.system.controller.BlogTagController.edit()','PUT',1,'admin','研发部门','/system/tag','127.0.0.1','内网IP','{\"createTime\":\"2025-10-14 11:54:48\",\"delFlag\":\"0\",\"params\":{},\"tagId\":3,\"tagName\":\"Vue.js\",\"updateBy\":\"admin\",\"updateTime\":\"2025-10-27 15:52:47\"}','{\"msg\":\"操作成功\",\"code\":200}',0,NULL,'2025-10-27 16:12:18',4),(460,'博客评论',2,'com.ruoyi.system.controller.BlogCommentController.edit()','PUT',1,'admin','研发部门','/system/comment','127.0.0.1','内网IP','{\"articleId\":31,\"content\":\"hello\",\"createTime\":\"2025-10-27 11:50:47\",\"id\":2,\"params\":{},\"parentId\":0,\"status\":\"1\"}','{\"msg\":\"操作成功\",\"code\":200}',0,NULL,'2025-10-27 16:13:11',9),(461,'博客文章',2,'com.ruoyi.system.controller.BlogArticleController.edit()','PUT',1,'admin','研发部门','/system/article','127.0.0.1','内网IP',NULL,'{\"msg\":\"操作成功\",\"code\":200}',0,NULL,'2025-10-27 16:13:34',8),(462,'博客文章',2,'com.ruoyi.system.controller.BlogArticleController.edit()','PUT',1,'admin','研发部门','/system/article','127.0.0.1','内网IP',NULL,'{\"msg\":\"操作成功\",\"code\":200}',0,NULL,'2025-10-27 16:13:58',12),(463,'博客文章',2,'com.ruoyi.system.controller.BlogArticleController.edit()','PUT',1,'admin','研发部门','/system/article','127.0.0.1','内网IP',NULL,'{\"msg\":\"操作成功\",\"code\":200}',0,NULL,'2025-10-27 16:14:04',9),(464,'博客文章',2,'com.ruoyi.system.controller.BlogArticleController.edit()','PUT',1,'admin','研发部门','/system/article','127.0.0.1','内网IP',NULL,'{\"msg\":\"操作成功\",\"code\":200}',0,NULL,'2025-10-27 16:14:21',8),(465,'博客标签',2,'com.ruoyi.system.controller.BlogTagController.edit()','PUT',1,'admin','研发部门','/system/tag','127.0.0.1','内网IP','{\"createTime\":\"2025-10-14 11:54:48\",\"delFlag\":\"0\",\"params\":{},\"tagId\":1,\"tagName\":\"Java\",\"updateBy\":\"admin\",\"updateTime\":\"2025-10-27 15:52:47\"}','{\"msg\":\"操作成功\",\"code\":200}',0,NULL,'2025-10-27 16:22:55',3),(466,'博客标签',2,'com.ruoyi.system.controller.BlogTagController.edit()','PUT',1,'admin','研发部门','/system/tag','127.0.0.1','内网IP','{\"createTime\":\"2025-10-14 11:54:48\",\"delFlag\":\"0\",\"params\":{},\"tagId\":1,\"tagName\":\"Java\",\"updateBy\":\"admin\",\"updateTime\":\"2025-10-27 15:52:47\"}','{\"msg\":\"操作成功\",\"code\":200}',0,NULL,'2025-10-27 16:23:05',3),(467,'博客标签',2,'com.ruoyi.system.controller.BlogTagController.edit()','PUT',1,'admin','研发部门','/system/tag','127.0.0.1','内网IP','{\"createTime\":\"2025-10-14 11:54:48\",\"delFlag\":\"0\",\"params\":{},\"tagId\":1,\"tagName\":\"Java\",\"updateBy\":\"admin\",\"updateTime\":\"2025-10-27 15:52:47\"}','{\"msg\":\"操作成功\",\"code\":200}',0,NULL,'2025-10-27 16:23:41',2),(468,'博客标签',2,'com.ruoyi.system.controller.BlogTagController.edit()','PUT',1,'admin','研发部门','/system/tag','127.0.0.1','内网IP','{\"createTime\":\"2025-10-14 11:54:48\",\"delFlag\":\"0\",\"params\":{},\"tagId\":10,\"tagName\":\"项目经验\",\"updateBy\":\"admin\",\"updateTime\":\"2025-10-27 15:52:47\"}','{\"msg\":\"操作成功\",\"code\":200}',0,NULL,'2025-10-27 16:23:59',4),(469,'博客文章',2,'com.ruoyi.system.controller.BlogArticleController.edit()','PUT',1,'admin','研发部门','/system/article','127.0.0.1','内网IP',NULL,'{\"msg\":\"操作成功\",\"code\":200}',0,NULL,'2025-10-27 16:24:59',12),(470,'博客标签',2,'com.ruoyi.system.controller.BlogTagController.edit()','PUT',1,'admin','研发部门','/system/tag','127.0.0.1','内网IP','{\"createTime\":\"2025-10-14 11:54:48\",\"delFlag\":\"0\",\"params\":{},\"tagId\":7,\"tagName\":\"后端开发\",\"updateBy\":\"admin\",\"updateTime\":\"2025-10-27 15:52:47\"}','{\"msg\":\"操作成功\",\"code\":200}',0,NULL,'2025-10-27 16:27:46',2),(471,'博客标签',2,'com.ruoyi.system.controller.BlogTagController.edit()','PUT',1,'admin','研发部门','/system/tag','127.0.0.1','内网IP','{\"createTime\":\"2025-10-14 11:54:48\",\"delFlag\":\"0\",\"params\":{},\"tagId\":3,\"tagName\":\"Vue.js\",\"updateBy\":\"admin\",\"updateTime\":\"2025-10-27 15:52:47\"}','{\"msg\":\"操作成功\",\"code\":200}',0,NULL,'2025-10-27 16:29:44',3),(472,'博客标签',2,'com.ruoyi.system.controller.BlogTagController.edit()','PUT',1,'admin','研发部门','/system/tag','127.0.0.1','内网IP','{\"createTime\":\"2025-10-14 11:54:48\",\"delFlag\":\"0\",\"params\":{},\"tagId\":3,\"tagName\":\"Vue.js\",\"updateBy\":\"admin\",\"updateTime\":\"2025-10-27 15:52:47\"}','{\"msg\":\"操作成功\",\"code\":200}',0,NULL,'2025-10-27 16:30:29',4),(473,'博客文章',2,'com.ruoyi.system.controller.BlogArticleController.edit()','PUT',1,'admin','研发部门','/system/article','127.0.0.1','内网IP',NULL,'{\"msg\":\"操作成功\",\"code\":200}',0,NULL,'2025-10-27 16:30:55',7),(474,'博客标签',2,'com.ruoyi.system.controller.BlogTagController.edit()','PUT',1,'admin','研发部门','/system/tag','127.0.0.1','内网IP','{\"createTime\":\"2025-10-14 11:54:48\",\"delFlag\":\"0\",\"params\":{},\"tagId\":1,\"tagName\":\"Java\",\"updateBy\":\"admin\",\"updateTime\":\"2025-10-27 15:52:47\"}','{\"msg\":\"操作成功\",\"code\":200}',0,NULL,'2025-10-27 16:50:40',10),(475,'博客标签',2,'com.ruoyi.system.controller.BlogTagController.edit()','PUT',1,'admin','研发部门','/system/tag','127.0.0.1','内网IP','{\"createTime\":\"2025-10-14 11:54:48\",\"delFlag\":\"0\",\"params\":{},\"tagId\":2,\"tagName\":\"Spring Boot\",\"updateBy\":\"admin\",\"updateTime\":\"2025-10-27 15:52:47\"}','{\"msg\":\"操作成功\",\"code\":200}',0,NULL,'2025-10-27 16:50:50',4),(476,'博客标签',2,'com.ruoyi.system.controller.BlogTagController.edit()','PUT',1,'admin','研发部门','/system/tag','127.0.0.1','内网IP','{\"createTime\":\"2025-10-14 11:54:48\",\"delFlag\":\"0\",\"params\":{},\"tagId\":3,\"tagName\":\"Vue.js\",\"updateBy\":\"admin\",\"updateTime\":\"2025-10-27 15:52:47\"}','{\"msg\":\"操作成功\",\"code\":200}',0,NULL,'2025-10-27 16:50:56',3),(477,'博客标签',2,'com.ruoyi.system.controller.BlogTagController.edit()','PUT',1,'admin','研发部门','/system/tag','127.0.0.1','内网IP','{\"createTime\":\"2025-10-14 11:54:48\",\"delFlag\":\"0\",\"params\":{},\"tagId\":1,\"tagName\":\"Java\",\"updateBy\":\"admin\",\"updateTime\":\"2025-10-27 15:52:47\"}','{\"msg\":\"操作成功\",\"code\":200}',0,NULL,'2025-10-27 17:12:38',13),(478,'博客标签',2,'com.ruoyi.system.controller.BlogTagController.edit()','PUT',1,'admin','研发部门','/system/tag','127.0.0.1','内网IP','{\"createTime\":\"2025-10-14 11:54:48\",\"delFlag\":\"0\",\"params\":{},\"tagId\":1,\"tagName\":\"Java\",\"updateBy\":\"admin\",\"updateTime\":\"2025-10-27 15:52:47\"}','{\"msg\":\"操作成功\",\"code\":200}',0,NULL,'2025-10-27 17:13:42',5),(479,'博客标签',2,'com.ruoyi.system.controller.BlogTagController.edit()','PUT',1,'admin','研发部门','/system/tag','127.0.0.1','内网IP','{\"createTime\":\"2025-10-14 11:54:48\",\"delFlag\":\"0\",\"params\":{},\"tagId\":1,\"tagName\":\"Java\",\"updateBy\":\"admin\",\"updateTime\":\"2025-10-27 15:52:47\"}','{\"msg\":\"操作成功\",\"code\":200}',0,NULL,'2025-10-29 10:43:53',10),(480,'博客标签',2,'com.ruoyi.system.controller.BlogTagController.edit()','PUT',1,'admin','研发部门','/system/tag','127.0.0.1','内网IP','{\"createTime\":\"2025-10-14 11:54:48\",\"delFlag\":\"0\",\"params\":{},\"tagId\":1,\"tagName\":\"Java\",\"updateBy\":\"admin\",\"updateTime\":\"2025-10-27 15:52:47\"}','{\"msg\":\"操作成功\",\"code\":200}',0,NULL,'2025-10-29 10:46:49',5),(481,'博客标签',2,'com.ruoyi.system.controller.BlogTagController.edit()','PUT',1,'admin','研发部门','/system/tag','127.0.0.1','内网IP','{\"createTime\":\"2025-10-14 11:54:48\",\"delFlag\":\"0\",\"params\":{},\"tagId\":1,\"tagName\":\"Java\",\"updateBy\":\"admin\",\"updateTime\":\"2025-10-27 15:52:47\"}','{\"msg\":\"操作成功\",\"code\":200}',0,NULL,'2025-10-29 10:48:30',10),(482,'博客标签',2,'com.ruoyi.system.controller.BlogTagController.edit()','PUT',1,'admin','研发部门','/system/tag','127.0.0.1','内网IP','{\"createTime\":\"2025-10-14 11:54:48\",\"delFlag\":\"0\",\"params\":{},\"tagId\":1,\"tagName\":\"Java\",\"updateBy\":\"admin\",\"updateTime\":\"2025-10-27 15:52:47\"}','{\"msg\":\"操作成功\",\"code\":200}',0,NULL,'2025-10-29 10:48:51',4),(483,'博客标签',2,'com.ruoyi.system.controller.BlogTagController.edit()','PUT',1,'admin','研发部门','/system/tag','127.0.0.1','内网IP','{\"createTime\":\"2025-10-14 11:54:48\",\"delFlag\":\"0\",\"params\":{},\"tagId\":1,\"tagName\":\"Java\",\"updateBy\":\"admin\",\"updateTime\":\"2025-10-27 15:52:47\"}','{\"msg\":\"操作成功\",\"code\":200}',0,NULL,'2025-10-29 10:52:43',4),(484,'博客标签',2,'com.ruoyi.system.controller.BlogTagController.edit()','PUT',1,'admin','研发部门','/system/tag','127.0.0.1','内网IP','{\"createTime\":\"2025-10-14 11:54:48\",\"delFlag\":\"0\",\"params\":{},\"tagId\":1,\"tagName\":\"Java\",\"updateBy\":\"admin\",\"updateTime\":\"2025-10-27 15:52:47\"}','{\"msg\":\"操作成功\",\"code\":200}',0,NULL,'2025-10-29 10:57:44',13),(485,'博客标签',2,'com.ruoyi.system.controller.BlogTagController.edit()','PUT',1,'admin','研发部门','/system/tag','127.0.0.1','内网IP','{\"createTime\":\"2025-10-14 11:54:48\",\"delFlag\":\"0\",\"params\":{},\"tagId\":1,\"tagName\":\"Java\",\"updateBy\":\"admin\",\"updateTime\":\"2025-10-27 15:52:47\"}','{\"msg\":\"操作成功\",\"code\":200}',0,NULL,'2025-10-29 10:58:08',5),(486,'博客标签',2,'com.ruoyi.system.controller.BlogTagController.edit()','PUT',1,'admin','研发部门','/system/tag','127.0.0.1','内网IP','{\"createTime\":\"2025-10-14 11:54:48\",\"delFlag\":\"0\",\"params\":{},\"tagId\":1,\"tagName\":\"Java\",\"updateBy\":\"admin\",\"updateTime\":\"2025-10-27 15:52:47\"}','{\"msg\":\"操作成功\",\"code\":200}',0,NULL,'2025-10-29 11:04:46',11),(487,'博客标签',2,'com.ruoyi.system.controller.BlogTagController.edit()','PUT',1,'admin','研发部门','/system/tag','127.0.0.1','内网IP','{\"createTime\":\"2025-10-14 11:54:48\",\"delFlag\":\"0\",\"params\":{},\"tagId\":1,\"tagName\":\"Java\",\"updateBy\":\"admin\",\"updateTime\":\"2025-10-27 15:52:47\"}','{\"msg\":\"操作成功\",\"code\":200}',0,NULL,'2025-10-29 11:08:21',9),(488,'博客标签',2,'com.ruoyi.system.controller.BlogTagController.edit()','PUT',1,'admin','研发部门','/system/tag','127.0.0.1','内网IP','{\"createTime\":\"2025-10-14 11:54:48\",\"delFlag\":\"0\",\"params\":{},\"tagId\":1,\"tagName\":\"Java\",\"updateBy\":\"admin\",\"updateTime\":\"2025-10-27 15:52:47\"}','{\"msg\":\"操作成功\",\"code\":200}',0,NULL,'2025-10-29 11:17:00',12),(489,'博客标签',2,'com.ruoyi.system.controller.BlogTagController.edit()','PUT',1,'admin','研发部门','/system/tag','127.0.0.1','内网IP','{\"createTime\":\"2025-10-14 11:54:48\",\"delFlag\":\"0\",\"params\":{},\"tagId\":1,\"tagName\":\"Java\",\"updateBy\":\"admin\",\"updateTime\":\"2025-10-27 15:52:47\"}','{\"msg\":\"操作成功\",\"code\":200}',0,NULL,'2025-10-29 12:02:33',15),(490,'博客标签',2,'com.ruoyi.system.controller.BlogTagController.edit()','PUT',1,'admin','研发部门','/system/tag','127.0.0.1','内网IP','{\"createTime\":\"2025-10-14 11:54:48\",\"delFlag\":\"0\",\"params\":{},\"tagId\":1,\"tagName\":\"Java\",\"updateBy\":\"admin\",\"updateTime\":\"2025-10-27 15:52:47\"}','{\"msg\":\"操作成功\",\"code\":200}',0,NULL,'2025-10-29 12:09:53',18),(491,'博客标签',2,'com.ruoyi.system.controller.BlogTagController.edit()','PUT',1,'admin','研发部门','/system/tag','127.0.0.1','内网IP','{\"createTime\":\"2025-10-14 11:54:48\",\"delFlag\":\"0\",\"params\":{},\"tagId\":1,\"tagName\":\"Java\",\"updateBy\":\"admin\",\"updateTime\":\"2025-10-27 15:52:47\"}','{\"msg\":\"操作成功\",\"code\":200}',0,NULL,'2025-10-29 12:10:21',5),(492,'博客文章',3,'com.ruoyi.system.controller.BlogArticleController.remove()','DELETE',1,'admin','研发部门','/system/article/26','127.0.0.1','内网IP','[26]','{\"msg\":\"操作成功\",\"code\":200}',0,NULL,'2025-10-30 14:00:55',13),(493,'博客文章',3,'com.ruoyi.system.controller.BlogArticleController.remove()','DELETE',1,'admin','研发部门','/system/article/18','127.0.0.1','内网IP','[18]','{\"msg\":\"操作成功\",\"code\":200}',0,NULL,'2025-10-30 16:03:10',13),(494,'博客文章',2,'com.ruoyi.system.controller.BlogArticleController.edit()','PUT',1,'admin','研发部门','/system/article','127.0.0.1','内网IP',NULL,'{\"msg\":\"操作成功\",\"code\":200}',0,NULL,'2025-10-30 16:19:52',25),(495,'博客文章',3,'com.ruoyi.system.controller.BlogArticleController.remove()','DELETE',1,'admin','研发部门','/system/article/19','127.0.0.1','内网IP','[19]','{\"msg\":\"操作成功\",\"code\":200}',0,NULL,'2025-10-30 16:23:34',11),(496,'博客文章',2,'com.ruoyi.system.controller.BlogArticleController.edit()','PUT',1,'admin','研发部门','/system/article','127.0.0.1','内网IP',NULL,'{\"msg\":\"操作成功\",\"code\":200}',0,NULL,'2025-10-30 16:29:46',13),(497,'博客标签',2,'com.ruoyi.system.controller.BlogTagController.edit()','PUT',1,'admin','研发部门','/system/tag','127.0.0.1','内网IP','{\"createTime\":\"2025-10-14 11:54:48\",\"delFlag\":\"0\",\"params\":{},\"tagId\":1,\"tagName\":\"Java\",\"updateBy\":\"admin\",\"updateTime\":\"2025-10-27 15:52:47\"}','{\"msg\":\"操作成功\",\"code\":200}',0,NULL,'2025-10-31 16:52:50',10),(498,'博客标签',2,'com.ruoyi.system.controller.BlogTagController.edit()','PUT',1,'admin','研发部门','/system/tag','127.0.0.1','内网IP','{\"createTime\":\"2025-10-14 11:54:48\",\"delFlag\":\"0\",\"params\":{},\"tagId\":1,\"tagName\":\"Java\",\"updateBy\":\"admin\",\"updateTime\":\"2025-10-27 15:52:47\"}','{\"msg\":\"操作成功\",\"code\":200}',0,NULL,'2025-11-04 09:27:05',12),(499,'博客标签',2,'com.ruoyi.system.controller.BlogTagController.edit()','PUT',1,'admin','研发部门','/system/tag','127.0.0.1','内网IP','{\"createTime\":\"2025-10-14 11:54:48\",\"delFlag\":\"0\",\"params\":{},\"tagId\":3,\"tagName\":\"Vue.js\",\"updateBy\":\"admin\",\"updateTime\":\"2025-10-27 15:52:47\"}','{\"msg\":\"操作成功\",\"code\":200}',0,NULL,'2025-11-04 09:30:03',4),(500,'博客标签',2,'com.ruoyi.system.controller.BlogTagController.edit()','PUT',1,'admin','研发部门','/system/tag','127.0.0.1','内网IP','{\"createTime\":\"2025-10-14 11:54:48\",\"delFlag\":\"0\",\"params\":{},\"tagId\":1,\"tagName\":\"Java\",\"updateBy\":\"admin\",\"updateTime\":\"2025-10-27 15:52:47\"}','{\"msg\":\"操作成功\",\"code\":200}',0,NULL,'2025-11-04 09:32:23',3),(501,'博客标签',2,'com.ruoyi.system.controller.BlogTagController.edit()','PUT',1,'admin','研发部门','/system/tag','127.0.0.1','内网IP','{\"createTime\":\"2025-10-14 11:54:48\",\"delFlag\":\"0\",\"params\":{},\"tagId\":1,\"tagName\":\"Java\",\"updateBy\":\"admin\",\"updateTime\":\"2025-10-27 15:52:47\"}','{\"msg\":\"操作成功\",\"code\":200}',0,NULL,'2025-11-04 09:37:50',4),(502,'博客标签',2,'com.ruoyi.system.controller.BlogTagController.edit()','PUT',1,'admin','研发部门','/system/tag','127.0.0.1','内网IP','{\"createTime\":\"2025-10-14 11:54:48\",\"delFlag\":\"0\",\"params\":{},\"tagId\":1,\"tagName\":\"Java\",\"updateBy\":\"admin\",\"updateTime\":\"2025-10-27 15:52:47\"}','{\"msg\":\"操作成功\",\"code\":200}',0,NULL,'2025-11-04 09:38:29',10),(503,'博客评论',2,'com.ruoyi.system.controller.BlogCommentController.edit()','PUT',1,'admin','研发部门','/system/comment','127.0.0.1','内网IP','{\"articleId\":31,\"content\":\"hello\",\"createTime\":\"2025-10-27 11:50:44\",\"id\":1,\"params\":{},\"parentId\":0,\"status\":\"1\"}','{\"msg\":\"操作成功\",\"code\":200}',0,NULL,'2025-11-04 09:38:44',5),(504,'博客标签',2,'com.ruoyi.system.controller.BlogTagController.edit()','PUT',1,'admin','研发部门','/system/tag','127.0.0.1','内网IP','{\"createTime\":\"2025-10-14 11:54:48\",\"delFlag\":\"0\",\"params\":{},\"tagId\":1,\"tagName\":\"Java\",\"updateBy\":\"admin\",\"updateTime\":\"2025-10-27 15:52:47\"}','{\"msg\":\"操作成功\",\"code\":200}',0,NULL,'2025-11-04 09:49:53',8),(505,'博客标签',3,'com.ruoyi.system.controller.BlogTagController.remove()','DELETE',1,'admin','研发部门','/system/tag/3','127.0.0.1','内网IP','[3]','{\"msg\":\"删除标签失败，标签已关联文章\",\"code\":500}',0,NULL,'2025-11-04 09:51:18',6),(506,'博客标签',3,'com.ruoyi.system.controller.BlogTagController.remove()','DELETE',1,'admin','研发部门','/system/tag/5','127.0.0.1','内网IP','[5]','{\"msg\":\"操作成功\",\"code\":200}',0,NULL,'2025-11-04 09:51:21',7),(507,'博客标签',3,'com.ruoyi.system.controller.BlogTagController.remove()','DELETE',1,'admin','研发部门','/system/tag/4','127.0.0.1','内网IP','[4]','{\"msg\":\"删除标签失败，标签已关联文章\",\"code\":500}',0,NULL,'2025-11-04 09:51:24',1),(508,'博客标签',3,'com.ruoyi.system.controller.BlogTagController.remove()','DELETE',1,'admin','研发部门','/system/tag/10','127.0.0.1','内网IP','[10]','{\"msg\":\"操作成功\",\"code\":200}',0,NULL,'2025-11-04 09:51:30',8),(509,'博客标签',3,'com.ruoyi.system.controller.BlogTagController.remove()','DELETE',1,'admin','研发部门','/system/tag/9','127.0.0.1','内网IP','[9]','{\"msg\":\"删除标签失败，标签已关联文章\",\"code\":500}',0,NULL,'2025-11-04 09:51:34',2),(510,'博客标签',3,'com.ruoyi.system.controller.BlogTagController.remove()','DELETE',1,'admin','研发部门','/system/tag/8','127.0.0.1','内网IP','[8]','{\"msg\":\"删除标签失败，标签已关联文章\",\"code\":500}',0,NULL,'2025-11-04 09:51:36',3),(511,'博客标签',3,'com.ruoyi.system.controller.BlogTagController.remove()','DELETE',1,'admin','研发部门','/system/tag/7','127.0.0.1','内网IP','[7]','{\"msg\":\"删除标签失败，标签已关联文章\",\"code\":500}',0,NULL,'2025-11-04 09:51:38',2),(512,'博客标签',1,'com.ruoyi.system.controller.BlogTagController.add()','POST',1,'admin','研发部门','/system/tag','127.0.0.1','内网IP','{\"createBy\":\"admin\",\"delFlag\":\"0\",\"params\":{},\"tagId\":13,\"tagName\":\"技术发布\"}','{\"msg\":\"操作成功\",\"code\":200}',0,NULL,'2025-11-04 09:51:53',8),(513,'博客评论',2,'com.ruoyi.system.controller.BlogCommentController.edit()','PUT',1,'admin','研发部门','/system/comment','127.0.0.1','内网IP','{\"articleId\":31,\"content\":\"hello\",\"createTime\":\"2025-10-27 11:50:44\",\"id\":1,\"params\":{},\"parentId\":0,\"status\":\"1\"}','{\"msg\":\"操作成功\",\"code\":200}',0,NULL,'2025-11-04 11:21:57',6),(514,'博客文章',1,'com.ruoyi.system.controller.BlogArticleController.add()','POST',1,'admin','研发部门','/system/article','127.0.0.1','内网IP',NULL,'{\"msg\":\"操作成功\",\"code\":200}',0,NULL,'2025-11-12 09:57:18',34),(515,'博客文章',1,'com.ruoyi.system.controller.BlogArticleController.add()','POST',1,'admin','研发部门','/system/article','127.0.0.1','内网IP',NULL,'{\"msg\":\"操作成功\",\"code\":200}',0,NULL,'2025-11-12 11:50:29',15),(516,'文章分类',3,'com.ruoyi.system.controller.BlogCategoryController.remove()','DELETE',1,'admin','研发部门','/system/category/5','127.0.0.1','内网IP','[5]','{\"msg\":\"操作成功\",\"code\":200}',0,NULL,'2025-11-12 11:51:51',12),(517,'博客文章',1,'com.ruoyi.system.controller.BlogArticleController.add()','POST',1,'admin','研发部门','/system/article','127.0.0.1','内网IP',NULL,'{\"msg\":\"操作成功\",\"code\":200}',0,NULL,'2025-11-12 11:53:10',13),(518,'博客设置',2,'com.ruoyi.system.controller.BlogSettingController.edit()','PUT',1,'admin','研发部门','/system/setting','127.0.0.1','内网IP','{\"createTime\":\"2025-11-10 15:53:17\",\"description\":\"博客名称\",\"id\":1,\"params\":{},\"settingKey\":\"blog_name\",\"settingValue\":\"我的技术生活博客\",\"updateBy\":\"admin\",\"updateTime\":\"2025-11-10 15:53:17\"}','{\"msg\":\"操作成功\",\"code\":200}',0,NULL,'2025-11-12 13:27:45',10),(519,'用户头像',2,'com.ruoyi.web.controller.system.SysProfileController.avatar()','POST',1,'admin','研发部门','/system/user/profile/avatar','127.0.0.1','内网IP','','{\"msg\":\"操作成功\",\"imgUrl\":\"/profile/avatar/2025/11/12/8db964b1dab54e088ee061f7606a6ba0.jpg\",\"code\":200}',0,NULL,'2025-11-12 15:13:58',60),(520,'个人信息',2,'com.ruoyi.web.controller.system.SysProfileController.updateProfile()','PUT',1,'admin','研发部门','/system/user/profile','127.0.0.1','内网IP','{\"admin\":false,\"email\":\"ry@163.com\",\"nickName\":\"若依\",\"params\":{},\"phonenumber\":\"15888888888\",\"sex\":\"0\"}','{\"msg\":\"操作成功\",\"code\":200}',0,NULL,'2025-11-12 15:14:01',10),(521,'个人信息',2,'com.ruoyi.web.controller.system.SysProfileController.updateProfile()','PUT',1,'admin','研发部门','/system/user/profile','127.0.0.1','内网IP','{\"admin\":false,\"email\":\"bdzppc@126.com\",\"nickName\":\"江屿\",\"params\":{},\"phonenumber\":\"15888888888\",\"sex\":\"0\"}','{\"msg\":\"操作成功\",\"code\":200}',0,NULL,'2025-11-12 15:14:28',11),(522,'用户头像',2,'com.ruoyi.web.controller.system.SysProfileController.avatar()','POST',1,'admin','研发部门','/system/user/profile/avatar','127.0.0.1','内网IP','','{\"msg\":\"操作成功\",\"imgUrl\":\"/profile/avatar/2025/11/13/45aa13c8d313415cb88dbefffc690d3b.jpg\",\"code\":200}',0,NULL,'2025-11-13 17:38:48',103),(523,'个人信息',2,'com.ruoyi.web.controller.system.SysProfileController.updateProfile()','PUT',1,'admin','研发部门','/system/user/profile','127.0.0.1','内网IP','{\"admin\":false,\"email\":\"bdzppc@126.com\",\"nickName\":\"江屿\",\"params\":{},\"phonenumber\":\"15888888888\",\"sex\":\"0\"}','{\"msg\":\"操作成功\",\"code\":200}',0,NULL,'2025-11-13 17:38:49',12),(524,'博客文章',1,'com.ruoyi.system.controller.BlogArticleController.add()','POST',1,'admin','研发部门','/system/article','127.0.0.1','内网IP',NULL,'{\"msg\":\"操作成功\",\"code\":200}',0,NULL,'2025-11-13 17:40:09',16),(525,'博客设置',2,'com.ruoyi.system.controller.BlogSettingController.updateByKey()','PUT',1,'admin','研发部门','/system/setting/updateByKey','127.0.0.1','内网IP','{\"params\":{},\"settingKey\":\"about_content\",\"settingValue\":\"ok\"}',NULL,1,'nested exception is org.apache.ibatis.binding.BindingException: Parameter \'settingValue\' not found. Available parameters are [arg1, arg0, param1, param2]','2025-11-13 17:49:26',18),(526,'博客设置',2,'com.ruoyi.system.controller.BlogSettingController.updateByKey()','PUT',1,'admin','研发部门','/system/setting/updateByKey','127.0.0.1','内网IP','{\"params\":{},\"settingKey\":\"about_content\",\"settingValue\":\"ok\"}',NULL,1,'nested exception is org.apache.ibatis.binding.BindingException: Parameter \'settingValue\' not found. Available parameters are [arg1, arg0, param1, param2]','2025-11-13 17:49:31',1),(527,'博客设置',2,'com.ruoyi.system.controller.BlogSettingController.updateByKey()','PUT',1,'admin','研发部门','/system/setting/updateByKey','127.0.0.1','内网IP','{\"params\":{},\"settingKey\":\"about_content\",\"settingValue\":\"ok\"}',NULL,1,'nested exception is org.apache.ibatis.binding.BindingException: Parameter \'settingValue\' not found. Available parameters are [arg1, arg0, param1, param2]','2025-11-13 17:50:01',1),(528,'博客设置',2,'com.ruoyi.system.controller.BlogSettingController.updateByKey()','PUT',1,'admin','研发部门','/system/setting/updateByKey','127.0.0.1','内网IP','{\"params\":{},\"settingKey\":\"about_content\",\"settingValue\":\"ok\"}',NULL,1,'nested exception is org.apache.ibatis.binding.BindingException: Parameter \'settingValue\' not found. Available parameters are [arg1, arg0, param1, param2]','2025-11-13 17:50:15',1),(529,'博客设置',2,'com.ruoyi.system.controller.BlogSettingController.updateByKey()','PUT',1,'admin','研发部门','/system/setting/updateByKey','127.0.0.1','内网IP','{\"params\":{},\"settingKey\":\"about_content\",\"settingValue\":\"test\"}',NULL,1,'nested exception is org.apache.ibatis.binding.BindingException: Parameter \'settingValue\' not found. Available parameters are [arg1, arg0, param1, param2]','2025-11-13 17:54:17',2),(530,'博客设置',2,'com.ruoyi.system.controller.BlogSettingController.updateByKey()','PUT',1,'admin','研发部门','/system/setting/updateByKey','127.0.0.1','内网IP','{\"params\":{},\"settingKey\":\"about_content\",\"settingValue\":\"OK\"}',NULL,1,'nested exception is org.apache.ibatis.binding.BindingException: Parameter \'settingValue\' not found. Available parameters are [arg1, arg0, param1, param2]','2025-11-13 17:56:32',6),(531,'博客设置',2,'com.ruoyi.system.controller.BlogSettingController.updateByKey()','PUT',1,'admin','研发部门','/system/setting/updateByKey','127.0.0.1','内网IP','{\"params\":{},\"settingKey\":\"about_content\",\"settingValue\":\"hello\"}',NULL,1,'nested exception is org.apache.ibatis.binding.BindingException: Parameter \'settingValue\' not found. Available parameters are [arg1, arg0, param1, param2]','2025-11-13 17:57:19',1),(532,'博客设置',2,'com.ruoyi.system.controller.BlogSettingController.updateByKey()','PUT',1,'admin','研发部门','/system/setting/updateByKey','127.0.0.1','内网IP','{\"params\":{},\"settingKey\":\"about_content\",\"settingValue\":\"hello\"}',NULL,1,'nested exception is org.apache.ibatis.binding.BindingException: Parameter \'settingValue\' not found. Available parameters are [arg1, arg0, param1, param2]','2025-11-13 18:02:47',4),(533,'博客设置',2,'com.ruoyi.system.controller.BlogSettingController.updateByKey()','PUT',1,'admin','研发部门','/system/setting/updateByKey','127.0.0.1','内网IP','{\"params\":{},\"settingKey\":\"about_content\",\"settingValue\":\"hello\"}',NULL,1,'nested exception is org.apache.ibatis.binding.BindingException: Parameter \'settingValue\' not found. Available parameters are [arg1, arg0, param1, param2]','2025-11-13 18:11:34',5),(534,'博客设置',2,'com.ruoyi.system.controller.BlogSettingController.updateByKey()','PUT',1,'admin','研发部门','/system/setting/updateByKey','127.0.0.1','内网IP','{\"params\":{},\"settingKey\":\"about_content\",\"settingValue\":\"hello\"}',NULL,1,'nested exception is org.apache.ibatis.binding.BindingException: Parameter \'settingValue\' not found. Available parameters are [arg1, arg0, param1, param2]','2025-11-13 18:12:04',2),(535,'博客设置',2,'com.ruoyi.system.controller.BlogSettingController.updateByKey()','PUT',1,'admin','研发部门','/system/setting/updateByKey','127.0.0.1','内网IP','{\"params\":{},\"settingKey\":\"about_content\",\"settingValue\":\"hello\"}',NULL,1,'nested exception is org.apache.ibatis.binding.BindingException: Parameter \'settingValue\' not found. Available parameters are [arg1, arg0, param1, param2]','2025-11-13 18:12:11',1),(536,'博客设置',2,'com.ruoyi.system.controller.BlogSettingController.updateByKey()','PUT',1,'admin','研发部门','/system/setting/updateByKey','127.0.0.1','内网IP','{\"params\":{},\"settingKey\":\"about_content\",\"settingValue\":\"hello\\n\"}',NULL,1,'nested exception is org.apache.ibatis.binding.BindingException: Parameter \'settingValue\' not found. Available parameters are [arg1, arg0, param1, param2]','2025-11-14 14:21:35',9),(537,'博客设置',2,'com.ruoyi.system.controller.BlogSettingController.updateByKey()','PUT',1,'admin','研发部门','/system/setting/updateByKey','127.0.0.1','内网IP','{\"params\":{},\"settingKey\":\"about_content\",\"settingValue\":\"hello\\n\"}',NULL,1,'nested exception is org.apache.ibatis.binding.BindingException: Parameter \'settingValue\' not found. Available parameters are [arg1, arg0, param1, param2]','2025-11-14 14:22:22',1),(538,'博客设置',2,'com.ruoyi.system.controller.BlogSettingController.updateByKey()','PUT',1,'admin','研发部门','/system/setting/updateByKey','127.0.0.1','内网IP','{\"params\":{},\"settingKey\":\"about_content\",\"settingValue\":\"hello\\n\"}',NULL,1,'nested exception is org.apache.ibatis.binding.BindingException: Parameter \'settingValue\' not found. Available parameters are [arg1, arg0, param1, param2]','2025-11-14 14:22:30',1),(539,'博客设置',2,'com.ruoyi.system.controller.BlogSettingController.updateByKey()','PUT',1,'admin','研发部门','/system/setting/updateByKey','127.0.0.1','内网IP','{\"params\":{},\"settingKey\":\"about_content\",\"settingValue\":\"hello\\n\"}',NULL,1,'nested exception is org.apache.ibatis.binding.BindingException: Parameter \'settingValue\' not found. Available parameters are [arg1, arg0, param1, param2]','2025-11-14 14:27:36',4),(540,'博客设置',2,'com.ruoyi.system.controller.BlogSettingController.updateByKey()','PUT',1,'admin','研发部门','/system/setting/updateByKey','127.0.0.1','内网IP','{\"params\":{},\"settingKey\":\"about_content\",\"settingValue\":\"hello\\n\"}',NULL,1,'nested exception is org.apache.ibatis.binding.BindingException: Parameter \'settingValue\' not found. Available parameters are [arg1, arg0, param1, param2]','2025-11-14 14:27:37',1),(541,'博客设置',2,'com.ruoyi.system.controller.BlogSettingController.updateByKey()','PUT',1,'admin','研发部门','/system/setting/updateByKey','127.0.0.1','内网IP','{\"params\":{},\"settingKey\":\"about_content\",\"settingValue\":\"hello\"}',NULL,1,'nested exception is org.apache.ibatis.binding.BindingException: Parameter \'settingValue\' not found. Available parameters are [arg1, arg0, param1, param2]','2025-11-14 14:50:00',3),(542,'博客设置',2,'com.ruoyi.system.controller.BlogSettingController.updateByKey()','PUT',1,'admin','研发部门','/system/setting/updateByKey','127.0.0.1','内网IP','{\"params\":{},\"settingKey\":\"about_content\",\"settingValue\":\"hello\"}',NULL,1,'nested exception is org.apache.ibatis.binding.BindingException: Parameter \'settingValue\' not found. Available parameters are [arg1, arg0, param1, param2]','2025-11-14 14:50:25',2),(543,'博客设置',2,'com.ruoyi.system.controller.BlogSettingController.updateByKey()','PUT',1,'admin','研发部门','/system/setting/updateByKey','127.0.0.1','内网IP','{\"params\":{},\"settingKey\":\"about_content\",\"settingValue\":\"hello\"}',NULL,1,'nested exception is org.apache.ibatis.binding.BindingException: Parameter \'settingValue\' not found. Available parameters are [arg1, arg0, param1, param2]','2025-11-14 14:51:41',3),(544,'博客设置',2,'com.ruoyi.system.controller.BlogSettingController.updateByKey()','PUT',1,'admin','研发部门','/system/setting/updateByKey','127.0.0.1','内网IP','{\"params\":{},\"settingKey\":\"blog_avatar\",\"settingValue\":\"data:image/jpeg;base64,/9j/4AAQSkZJRgABAQEASABIAAD/4R/wRXhpZgAASUkqAG4EAABIAAAAAQAAAEgAAAABAAAAQWRvYmUgUGhvdG9zaG9wIENTMyBXaW5kb3dzAENhbm9uAENhbm9uIEVPUyA1RAAAMjAwODowOToyMCAxODoxMzozMQAAAAAAQEIPAAAAAABAQg8AAAAAAEBCDwAAAAAAQEIPAAAAAABAQg8AAAAAAEBCDwAAAAAAQEIPAAAAAABAQg8AAAAAAEBCDwAAAAAAQEIPAAAAAABAQg8AAAAAAEBCDwAAAAAAQEIPAAAAAABAQg8AAAAAAEBCDwAAAAAAQEIPAAAAAABAQg8AiBMAAEBCDwAAAAAAQEIPADIwMDg6MDg6MTAgMDg6NTQ6MTYAMjAwODowODoxMCAwODo1NDoxNgAAAAAAQEIPAChZdABAQg8AAAAAAEBCDwAAAAAAQEIPAAAAAABAQg8AAAAAAEBCDwAAAAAAQEIPAAAAAABAQg8AZEZmEqCGAQAo8WwSoIYBAAAAAABAQg8AAAAAAEBCDwAAAAAAAAAAAAAAAAAAAAAAAAAAAAAAAAAAAAAAAAAAAAAAAAAAAAAAAAAAAAAAAAAAAAAAAAAAAAAAAAAAAAAAAAAAAAAAAAAAAAAAAAAAAAAAAAAAAAAAAAAAAAAAAAAAAAAAAAAAAAAAAAAAAAAAAAAAAAAAAAAAAAAAAAAAAAAAAAAAAAAAAAAAAAAAAAAAAAAAAAAAAAAAAAAAAAAAAAAAAAAAAAAAAAAAAAAAAAAAAAAAAAAAAAAAAAAAAAAAAAAAAAAAAAAAAAAAAAAAAAAAAAAAAAAAAAAAAAAAAAAAAAAAAAAAAAAAAAAAAAAAAAAAAAAAAAAAAAAAAAAAAAAAAAAAAAAoAJqCBQABAAAA5AAAAJ2CBQABAAAA7AAAACKIAwABAAAAAQAAACeIAwACAAAAkAGQAQCQAgAEAAAAMDIyMQOQAgAUAAAA9AAAAASQAgAUAAAACAEAAAKRBQABAAAAHAEAAAGSBQABAAAAJAEAAAKSBQABAAAALAEAAAOSBQABAAAANAEAAASSBQABAAAAPAEAAAWSBQABAAAARAEAAAaSBQABAAAATAEAAAeSAwABAAAABQAAAAiSAwABAAAAAAAAAAmSAwABAAAAEAAAAAqSBQABAAAAVAEAAIaSAgAIAQAAfAEAAACgAgAEAAAAMDEwMAGgAwABAAAAAQAAAAKgAwABAAAAEBEAAAOgAwABAAAAYAsAAA6iBQABAAAAXAEAAA+iBQABAAAAZAEAABCiAwABAAAAAgAAABWiBQABAAAAbAEAABeiAwABAAAAAAAAAACjAwABAAAAAAAAAAGjAwABAAAAAAAAAAKkAwABAAAAAQAAAAOkAwABAAAAAAAAAASkBQABAAAAdAEAAAWkAwABAAAAAAAAAAakAwABAAAAAAAAAAekAwABAAAAAAAAAAikAwABAAAAAAAAAAmkAwABAAAAAAAAAAqkAwABAAAAAAAAAAykAwABAAAAAAAAAAAAAACEAgAADgAPAQIABgAAADQAAAAQAQIADQAAADoAAAASAQMAAQAAAAEAAAAaAQUAAQAAAAgAAAAbAQUAAQAAABAAAAAoAQMAAQAAAAIAAAAxAQIAHAAAABgAAAAyAQIAFAAAAEgAAAA+AQUAAgAAAFwAAAA/AQUABgAAAGwAAAARAgUAAwAAAJwAAAATAgMAAQAAAAIAAAAUAgUABgAAALQAAABphwQAAQAAAIQCAAAWHwAAAAAAAAEAAAAAAAAAAQAAAAgACAAIAP/Y/+AAEEpGSUYAAQEBASwBLAAA/9sAQwAGBAUGBQQGBgUGBwcGCAoQCgoJCQoUDg8MEBcUGBgXFBYWGh0lHxobIxwWFiAsICMmJykqKRkfL',NULL,1,'nested exception is org.apache.ibatis.binding.BindingException: Parameter \'settingValue\' not found. Available parameters are [arg1, arg0, param1, param2]','2025-11-14 14:52:03',43),(545,'博客设置',2,'com.ruoyi.system.controller.BlogSettingController.updateByKey()','PUT',1,'admin','研发部门','/system/setting/updateByKey','127.0.0.1','内网IP','{\"params\":{},\"settingKey\":\"blog_avatar\",\"settingValue\":\"data:image/jpeg;base64,/9j/4AAQSkZJRgABAQEASABIAAD/4R/wRXhpZgAASUkqAG4EAABIAAAAAQAAAEgAAAABAAAAQWRvYmUgUGhvdG9zaG9wIENTMyBXaW5kb3dzAENhbm9uAENhbm9uIEVPUyA1RAAAMjAwODowOToyMCAxODoxMzozMQAAAAAAQEIPAAAAAABAQg8AAAAAAEBCDwAAAAAAQEIPAAAAAABAQg8AAAAAAEBCDwAAAAAAQEIPAAAAAABAQg8AAAAAAEBCDwAAAAAAQEIPAAAAAABAQg8AAAAAAEBCDwAAAAAAQEIPAAAAAABAQg8AAAAAAEBCDwAAAAAAQEIPAAAAAABAQg8AiBMAAEBCDwAAAAAAQEIPADIwMDg6MDg6MTAgMDg6NTQ6MTYAMjAwODowODoxMCAwODo1NDoxNgAAAAAAQEIPAChZdABAQg8AAAAAAEBCDwAAAAAAQEIPAAAAAABAQg8AAAAAAEBCDwAAAAAAQEIPAAAAAABAQg8AZEZmEqCGAQAo8WwSoIYBAAAAAABAQg8AAAAAAEBCDwAAAAAAAAAAAAAAAAAAAAAAAAAAAAAAAAAAAAAAAAAAAAAAAAAAAAAAAAAAAAAAAAAAAAAAAAAAAAAAAAAAAAAAAAAAAAAAAAAAAAAAAAAAAAAAAAAAAAAAAAAAAAAAAAAAAAAAAAAAAAAAAAAAAAAAAAAAAAAAAAAAAAAAAAAAAAAAAAAAAAAAAAAAAAAAAAAAAAAAAAAAAAAAAAAAAAAAAAAAAAAAAAAAAAAAAAAAAAAAAAAAAAAAAAAAAAAAAAAAAAAAAAAAAAAAAAAAAAAAAAAAAAAAAAAAAAAAAAAAAAAAAAAAAAAAAAAAAAAAAAAAAAAAAAAAAAAAAAAAAAAAAAAAAAAAAAAoAJqCBQABAAAA5AAAAJ2CBQABAAAA7AAAACKIAwABAAAAAQAAACeIAwACAAAAkAGQAQCQAgAEAAAAMDIyMQOQAgAUAAAA9AAAAASQAgAUAAAACAEAAAKRBQABAAAAHAEAAAGSBQABAAAAJAEAAAKSBQABAAAALAEAAAOSBQABAAAANAEAAASSBQABAAAAPAEAAAWSBQABAAAARAEAAAaSBQABAAAATAEAAAeSAwABAAAABQAAAAiSAwABAAAAAAAAAAmSAwABAAAAEAAAAAqSBQABAAAAVAEAAIaSAgAIAQAAfAEAAACgAgAEAAAAMDEwMAGgAwABAAAAAQAAAAKgAwABAAAAEBEAAAOgAwABAAAAYAsAAA6iBQABAAAAXAEAAA+iBQABAAAAZAEAABCiAwABAAAAAgAAABWiBQABAAAAbAEAABeiAwABAAAAAAAAAACjAwABAAAAAAAAAAGjAwABAAAAAAAAAAKkAwABAAAAAQAAAAOkAwABAAAAAAAAAASkBQABAAAAdAEAAAWkAwABAAAAAAAAAAakAwABAAAAAAAAAAekAwABAAAAAAAAAAikAwABAAAAAAAAAAmkAwABAAAAAAAAAAqkAwABAAAAAAAAAAykAwABAAAAAAAAAAAAAACEAgAADgAPAQIABgAAADQAAAAQAQIADQAAADoAAAASAQMAAQAAAAEAAAAaAQUAAQAAAAgAAAAbAQUAAQAAABAAAAAoAQMAAQAAAAIAAAAxAQIAHAAAABgAAAAyAQIAFAAAAEgAAAA+AQUAAgAAAFwAAAA/AQUABgAAAGwAAAARAgUAAwAAAJwAAAATAgMAAQAAAAIAAAAUAgUABgAAALQAAABphwQAAQAAAIQCAAAWHwAAAAAAAAEAAAAAAAAAAQAAAAgACAAIAP/Y/+AAEEpGSUYAAQEBASwBLAAA/9sAQwAGBAUGBQQGBgUGBwcGCAoQCgoJCQoUDg8MEBcUGBgXFBYWGh0lHxobIxwWFiAsICMmJykqKRkfL',NULL,1,'nested exception is org.apache.ibatis.binding.BindingException: Parameter \'settingValue\' not found. Available parameters are [arg1, arg0, param1, param2]','2025-11-14 14:52:30',9),(546,'博客设置',2,'com.ruoyi.system.controller.BlogSettingController.updateByKey()','PUT',1,'admin','研发部门','/system/setting/updateByKey','127.0.0.1','内网IP','{\"params\":{},\"settingKey\":\"blog_avatar\",\"settingValue\":\"data:image/jpeg;base64,/9j/4AAQSkZJRgABAQEASABIAAD/4R/wRXhpZgAASUkqAG4EAABIAAAAAQAAAEgAAAABAAAAQWRvYmUgUGhvdG9zaG9wIENTMyBXaW5kb3dzAENhbm9uAENhbm9uIEVPUyA1RAAAMjAwODowOToyMCAxODoxMzozMQAAAAAAQEIPAAAAAABAQg8AAAAAAEBCDwAAAAAAQEIPAAAAAABAQg8AAAAAAEBCDwAAAAAAQEIPAAAAAABAQg8AAAAAAEBCDwAAAAAAQEIPAAAAAABAQg8AAAAAAEBCDwAAAAAAQEIPAAAAAABAQg8AAAAAAEBCDwAAAAAAQEIPAAAAAABAQg8AiBMAAEBCDwAAAAAAQEIPADIwMDg6MDg6MTAgMDg6NTQ6MTYAMjAwODowODoxMCAwODo1NDoxNgAAAAAAQEIPAChZdABAQg8AAAAAAEBCDwAAAAAAQEIPAAAAAABAQg8AAAAAAEBCDwAAAAAAQEIPAAAAAABAQg8AZEZmEqCGAQAo8WwSoIYBAAAAAABAQg8AAAAAAEBCDwAAAAAAAAAAAAAAAAAAAAAAAAAAAAAAAAAAAAAAAAAAAAAAAAAAAAAAAAAAAAAAAAAAAAAAAAAAAAAAAAAAAAAAAAAAAAAAAAAAAAAAAAAAAAAAAAAAAAAAAAAAAAAAAAAAAAAAAAAAAAAAAAAAAAAAAAAAAAAAAAAAAAAAAAAAAAAAAAAAAAAAAAAAAAAAAAAAAAAAAAAAAAAAAAAAAAAAAAAAAAAAAAAAAAAAAAAAAAAAAAAAAAAAAAAAAAAAAAAAAAAAAAAAAAAAAAAAAAAAAAAAAAAAAAAAAAAAAAAAAAAAAAAAAAAAAAAAAAAAAAAAAAAAAAAAAAAAAAAAAAAAAAAAAAAAAAAoAJqCBQABAAAA5AAAAJ2CBQABAAAA7AAAACKIAwABAAAAAQAAACeIAwACAAAAkAGQAQCQAgAEAAAAMDIyMQOQAgAUAAAA9AAAAASQAgAUAAAACAEAAAKRBQABAAAAHAEAAAGSBQABAAAAJAEAAAKSBQABAAAALAEAAAOSBQABAAAANAEAAASSBQABAAAAPAEAAAWSBQABAAAARAEAAAaSBQABAAAATAEAAAeSAwABAAAABQAAAAiSAwABAAAAAAAAAAmSAwABAAAAEAAAAAqSBQABAAAAVAEAAIaSAgAIAQAAfAEAAACgAgAEAAAAMDEwMAGgAwABAAAAAQAAAAKgAwABAAAAEBEAAAOgAwABAAAAYAsAAA6iBQABAAAAXAEAAA+iBQABAAAAZAEAABCiAwABAAAAAgAAABWiBQABAAAAbAEAABeiAwABAAAAAAAAAACjAwABAAAAAAAAAAGjAwABAAAAAAAAAAKkAwABAAAAAQAAAAOkAwABAAAAAAAAAASkBQABAAAAdAEAAAWkAwABAAAAAAAAAAakAwABAAAAAAAAAAekAwABAAAAAAAAAAikAwABAAAAAAAAAAmkAwABAAAAAAAAAAqkAwABAAAAAAAAAAykAwABAAAAAAAAAAAAAACEAgAADgAPAQIABgAAADQAAAAQAQIADQAAADoAAAASAQMAAQAAAAEAAAAaAQUAAQAAAAgAAAAbAQUAAQAAABAAAAAoAQMAAQAAAAIAAAAxAQIAHAAAABgAAAAyAQIAFAAAAEgAAAA+AQUAAgAAAFwAAAA/AQUABgAAAGwAAAARAgUAAwAAAJwAAAATAgMAAQAAAAIAAAAUAgUABgAAALQAAABphwQAAQAAAIQCAAAWHwAAAAAAAAEAAAAAAAAAAQAAAAgACAAIAP/Y/+AAEEpGSUYAAQEBASwBLAAA/9sAQwAGBAUGBQQGBgUGBwcGCAoQCgoJCQoUDg8MEBcUGBgXFBYWGh0lHxobIxwWFiAsICMmJykqKRkfL',NULL,1,'\n### Error updating database.  Cause: com.mysql.cj.jdbc.exceptions.MysqlDataTruncation: Data truncation: Data too long for column \'config_value\' at row 1\n### The error may exist in URL [jar:file:/home/nevell/code/newblog/ruoyi-vue/ruoyi-admin/target/ruoyi-admin.jar!/BOOT-INF/lib/ruoyi-system-3.9.0.jar!/mapper/system/BlogSettingMapper.xml]\n### The error may involve defaultParameterMap\n### The error occurred while setting parameters\n### SQL: update blog_setting set config_value = ?, update_time = now()         where config_key = ?\n### Cause: com.mysql.cj.jdbc.exceptions.MysqlDataTruncation: Data truncation: Data too long for column \'config_value\' at row 1\n; Data truncation: Data too long for column \'config_value\' at row 1; nested exception is com.mysql.cj.jdbc.exceptions.MysqlDataTruncation: Data truncation: Data too long for column \'config_value\' at row 1','2025-11-14 14:58:37',100),(547,'博客设置',2,'com.ruoyi.system.controller.BlogSettingController.updateByKey()','PUT',1,'admin','研发部门','/system/setting/updateByKey','127.0.0.1','内网IP','{\"params\":{},\"settingKey\":\"blog_avatar\",\"settingValue\":\"data:image/jpeg;base64,/9j/4AAQSkZJRgABAQEASABIAAD/4R/wRXhpZgAASUkqAG4EAABIAAAAAQAAAEgAAAABAAAAQWRvYmUgUGhvdG9zaG9wIENTMyBXaW5kb3dzAENhbm9uAENhbm9uIEVPUyA1RAAAMjAwODowOToyMCAxODoxMzozMQAAAAAAQEIPAAAAAABAQg8AAAAAAEBCDwAAAAAAQEIPAAAAAABAQg8AAAAAAEBCDwAAAAAAQEIPAAAAAABAQg8AAAAAAEBCDwAAAAAAQEIPAAAAAABAQg8AAAAAAEBCDwAAAAAAQEIPAAAAAABAQg8AAAAAAEBCDwAAAAAAQEIPAAAAAABAQg8AiBMAAEBCDwAAAAAAQEIPADIwMDg6MDg6MTAgMDg6NTQ6MTYAMjAwODowODoxMCAwODo1NDoxNgAAAAAAQEIPAChZdABAQg8AAAAAAEBCDwAAAAAAQEIPAAAAAABAQg8AAAAAAEBCDwAAAAAAQEIPAAAAAABAQg8AZEZmEqCGAQAo8WwSoIYBAAAAAABAQg8AAAAAAEBCDwAAAAAAAAAAAAAAAAAAAAAAAAAAAAAAAAAAAAAAAAAAAAAAAAAAAAAAAAAAAAAAAAAAAAAAAAAAAAAAAAAAAAAAAAAAAAAAAAAAAAAAAAAAAAAAAAAAAAAAAAAAAAAAAAAAAAAAAAAAAAAAAAAAAAAAAAAAAAAAAAAAAAAAAAAAAAAAAAAAAAAAAAAAAAAAAAAAAAAAAAAAAAAAAAAAAAAAAAAAAAAAAAAAAAAAAAAAAAAAAAAAAAAAAAAAAAAAAAAAAAAAAAAAAAAAAAAAAAAAAAAAAAAAAAAAAAAAAAAAAAAAAAAAAAAAAAAAAAAAAAAAAAAAAAAAAAAAAAAAAAAAAAAAAAAAAAAoAJqCBQABAAAA5AAAAJ2CBQABAAAA7AAAACKIAwABAAAAAQAAACeIAwACAAAAkAGQAQCQAgAEAAAAMDIyMQOQAgAUAAAA9AAAAASQAgAUAAAACAEAAAKRBQABAAAAHAEAAAGSBQABAAAAJAEAAAKSBQABAAAALAEAAAOSBQABAAAANAEAAASSBQABAAAAPAEAAAWSBQABAAAARAEAAAaSBQABAAAATAEAAAeSAwABAAAABQAAAAiSAwABAAAAAAAAAAmSAwABAAAAEAAAAAqSBQABAAAAVAEAAIaSAgAIAQAAfAEAAACgAgAEAAAAMDEwMAGgAwABAAAAAQAAAAKgAwABAAAAEBEAAAOgAwABAAAAYAsAAA6iBQABAAAAXAEAAA+iBQABAAAAZAEAABCiAwABAAAAAgAAABWiBQABAAAAbAEAABeiAwABAAAAAAAAAACjAwABAAAAAAAAAAGjAwABAAAAAAAAAAKkAwABAAAAAQAAAAOkAwABAAAAAAAAAASkBQABAAAAdAEAAAWkAwABAAAAAAAAAAakAwABAAAAAAAAAAekAwABAAAAAAAAAAikAwABAAAAAAAAAAmkAwABAAAAAAAAAAqkAwABAAAAAAAAAAykAwABAAAAAAAAAAAAAACEAgAADgAPAQIABgAAADQAAAAQAQIADQAAADoAAAASAQMAAQAAAAEAAAAaAQUAAQAAAAgAAAAbAQUAAQAAABAAAAAoAQMAAQAAAAIAAAAxAQIAHAAAABgAAAAyAQIAFAAAAEgAAAA+AQUAAgAAAFwAAAA/AQUABgAAAGwAAAARAgUAAwAAAJwAAAATAgMAAQAAAAIAAAAUAgUABgAAALQAAABphwQAAQAAAIQCAAAWHwAAAAAAAAEAAAAAAAAAAQAAAAgACAAIAP/Y/+AAEEpGSUYAAQEBASwBLAAA/9sAQwAGBAUGBQQGBgUGBwcGCAoQCgoJCQoUDg8MEBcUGBgXFBYWGh0lHxobIxwWFiAsICMmJykqKRkfL',NULL,1,'\n### Error updating database.  Cause: com.mysql.cj.jdbc.exceptions.MysqlDataTruncation: Data truncation: Data too long for column \'config_value\' at row 1\n### The error may exist in URL [jar:file:/home/nevell/code/newblog/ruoyi-vue/ruoyi-admin/target/ruoyi-admin.jar!/BOOT-INF/lib/ruoyi-system-3.9.0.jar!/mapper/system/BlogSettingMapper.xml]\n### The error may involve defaultParameterMap\n### The error occurred while setting parameters\n### SQL: update blog_setting set config_value = ?, update_time = now()         where config_key = ?\n### Cause: com.mysql.cj.jdbc.exceptions.MysqlDataTruncation: Data truncation: Data too long for column \'config_value\' at row 1\n; Data truncation: Data too long for column \'config_value\' at row 1; nested exception is com.mysql.cj.jdbc.exceptions.MysqlDataTruncation: Data truncation: Data too long for column \'config_value\' at row 1','2025-11-14 14:59:08',63),(548,'博客设置',2,'com.ruoyi.system.controller.BlogSettingController.updateByKeyPost()','POST',1,'admin','研发部门','/system/setting/updateByKey','127.0.0.1','内网IP','{\"params\":{},\"settingKey\":\"blog_avatar\",\"settingValue\":\"data:image/jpeg;base64,/9j/4AAQSkZJRgABAQEASABIAAD/4R/wRXhpZgAASUkqAG4EAABIAAAAAQAAAEgAAAABAAAAQWRvYmUgUGhvdG9zaG9wIENTMyBXaW5kb3dzAENhbm9uAENhbm9uIEVPUyA1RAAAMjAwODowOToyMCAxODoxMzozMQAAAAAAQEIPAAAAAABAQg8AAAAAAEBCDwAAAAAAQEIPAAAAAABAQg8AAAAAAEBCDwAAAAAAQEIPAAAAAABAQg8AAAAAAEBCDwAAAAAAQEIPAAAAAABAQg8AAAAAAEBCDwAAAAAAQEIPAAAAAABAQg8AAAAAAEBCDwAAAAAAQEIPAAAAAABAQg8AiBMAAEBCDwAAAAAAQEIPADIwMDg6MDg6MTAgMDg6NTQ6MTYAMjAwODowODoxMCAwODo1NDoxNgAAAAAAQEIPAChZdABAQg8AAAAAAEBCDwAAAAAAQEIPAAAAAABAQg8AAAAAAEBCDwAAAAAAQEIPAAAAAABAQg8AZEZmEqCGAQAo8WwSoIYBAAAAAABAQg8AAAAAAEBCDwAAAAAAAAAAAAAAAAAAAAAAAAAAAAAAAAAAAAAAAAAAAAAAAAAAAAAAAAAAAAAAAAAAAAAAAAAAAAAAAAAAAAAAAAAAAAAAAAAAAAAAAAAAAAAAAAAAAAAAAAAAAAAAAAAAAAAAAAAAAAAAAAAAAAAAAAAAAAAAAAAAAAAAAAAAAAAAAAAAAAAAAAAAAAAAAAAAAAAAAAAAAAAAAAAAAAAAAAAAAAAAAAAAAAAAAAAAAAAAAAAAAAAAAAAAAAAAAAAAAAAAAAAAAAAAAAAAAAAAAAAAAAAAAAAAAAAAAAAAAAAAAAAAAAAAAAAAAAAAAAAAAAAAAAAAAAAAAAAAAAAAAAAAAAAAAAAoAJqCBQABAAAA5AAAAJ2CBQABAAAA7AAAACKIAwABAAAAAQAAACeIAwACAAAAkAGQAQCQAgAEAAAAMDIyMQOQAgAUAAAA9AAAAASQAgAUAAAACAEAAAKRBQABAAAAHAEAAAGSBQABAAAAJAEAAAKSBQABAAAALAEAAAOSBQABAAAANAEAAASSBQABAAAAPAEAAAWSBQABAAAARAEAAAaSBQABAAAATAEAAAeSAwABAAAABQAAAAiSAwABAAAAAAAAAAmSAwABAAAAEAAAAAqSBQABAAAAVAEAAIaSAgAIAQAAfAEAAACgAgAEAAAAMDEwMAGgAwABAAAAAQAAAAKgAwABAAAAEBEAAAOgAwABAAAAYAsAAA6iBQABAAAAXAEAAA+iBQABAAAAZAEAABCiAwABAAAAAgAAABWiBQABAAAAbAEAABeiAwABAAAAAAAAAACjAwABAAAAAAAAAAGjAwABAAAAAAAAAAKkAwABAAAAAQAAAAOkAwABAAAAAAAAAASkBQABAAAAdAEAAAWkAwABAAAAAAAAAAakAwABAAAAAAAAAAekAwABAAAAAAAAAAikAwABAAAAAAAAAAmkAwABAAAAAAAAAAqkAwABAAAAAAAAAAykAwABAAAAAAAAAAAAAACEAgAADgAPAQIABgAAADQAAAAQAQIADQAAADoAAAASAQMAAQAAAAEAAAAaAQUAAQAAAAgAAAAbAQUAAQAAABAAAAAoAQMAAQAAAAIAAAAxAQIAHAAAABgAAAAyAQIAFAAAAEgAAAA+AQUAAgAAAFwAAAA/AQUABgAAAGwAAAARAgUAAwAAAJwAAAATAgMAAQAAAAIAAAAUAgUABgAAALQAAABphwQAAQAAAIQCAAAWHwAAAAAAAAEAAAAAAAAAAQAAAAgACAAIAP/Y/+AAEEpGSUYAAQEBASwBLAAA/9sAQwAGBAUGBQQGBgUGBwcGCAoQCgoJCQoUDg8MEBcUGBgXFBYWGh0lHxobIxwWFiAsICMmJykqKRkfL',NULL,1,'\n### Error updating database.  Cause: com.mysql.cj.jdbc.exceptions.MysqlDataTruncation: Data truncation: Data too long for column \'config_value\' at row 1\n### The error may exist in URL [jar:file:/home/nevell/code/newblog/ruoyi-vue/ruoyi-admin/target/ruoyi-admin.jar!/BOOT-INF/lib/ruoyi-system-3.9.0.jar!/mapper/system/BlogSettingMapper.xml]\n### The error may involve defaultParameterMap\n### The error occurred while setting parameters\n### SQL: update blog_setting set config_value = ?, update_time = now()         where config_key = ?\n### Cause: com.mysql.cj.jdbc.exceptions.MysqlDataTruncation: Data truncation: Data too long for column \'config_value\' at row 1\n; Data truncation: Data too long for column \'config_value\' at row 1; nested exception is com.mysql.cj.jdbc.exceptions.MysqlDataTruncation: Data truncation: Data too long for column \'config_value\' at row 1','2025-11-14 14:59:08',40),(549,'博客设置',2,'com.ruoyi.system.controller.BlogSettingController.updateByKey()','PUT',1,'admin','研发部门','/system/setting/updateByKey','127.0.0.1','内网IP','{\"params\":{},\"settingKey\":\"blog_avatar\",\"settingValue\":\"data:image/jpeg;base64,/9j/4AAQSkZJRgABAQEASABIAAD/4R/wRXhpZgAASUkqAG4EAABIAAAAAQAAAEgAAAABAAAAQWRvYmUgUGhvdG9zaG9wIENTMyBXaW5kb3dzAENhbm9uAENhbm9uIEVPUyA1RAAAMjAwODowOToyMCAxODoxMzozMQAAAAAAQEIPAAAAAABAQg8AAAAAAEBCDwAAAAAAQEIPAAAAAABAQg8AAAAAAEBCDwAAAAAAQEIPAAAAAABAQg8AAAAAAEBCDwAAAAAAQEIPAAAAAABAQg8AAAAAAEBCDwAAAAAAQEIPAAAAAABAQg8AAAAAAEBCDwAAAAAAQEIPAAAAAABAQg8AiBMAAEBCDwAAAAAAQEIPADIwMDg6MDg6MTAgMDg6NTQ6MTYAMjAwODowODoxMCAwODo1NDoxNgAAAAAAQEIPAChZdABAQg8AAAAAAEBCDwAAAAAAQEIPAAAAAABAQg8AAAAAAEBCDwAAAAAAQEIPAAAAAABAQg8AZEZmEqCGAQAo8WwSoIYBAAAAAABAQg8AAAAAAEBCDwAAAAAAAAAAAAAAAAAAAAAAAAAAAAAAAAAAAAAAAAAAAAAAAAAAAAAAAAAAAAAAAAAAAAAAAAAAAAAAAAAAAAAAAAAAAAAAAAAAAAAAAAAAAAAAAAAAAAAAAAAAAAAAAAAAAAAAAAAAAAAAAAAAAAAAAAAAAAAAAAAAAAAAAAAAAAAAAAAAAAAAAAAAAAAAAAAAAAAAAAAAAAAAAAAAAAAAAAAAAAAAAAAAAAAAAAAAAAAAAAAAAAAAAAAAAAAAAAAAAAAAAAAAAAAAAAAAAAAAAAAAAAAAAAAAAAAAAAAAAAAAAAAAAAAAAAAAAAAAAAAAAAAAAAAAAAAAAAAAAAAAAAAAAAAAAAAoAJqCBQABAAAA5AAAAJ2CBQABAAAA7AAAACKIAwABAAAAAQAAACeIAwACAAAAkAGQAQCQAgAEAAAAMDIyMQOQAgAUAAAA9AAAAASQAgAUAAAACAEAAAKRBQABAAAAHAEAAAGSBQABAAAAJAEAAAKSBQABAAAALAEAAAOSBQABAAAANAEAAASSBQABAAAAPAEAAAWSBQABAAAARAEAAAaSBQABAAAATAEAAAeSAwABAAAABQAAAAiSAwABAAAAAAAAAAmSAwABAAAAEAAAAAqSBQABAAAAVAEAAIaSAgAIAQAAfAEAAACgAgAEAAAAMDEwMAGgAwABAAAAAQAAAAKgAwABAAAAEBEAAAOgAwABAAAAYAsAAA6iBQABAAAAXAEAAA+iBQABAAAAZAEAABCiAwABAAAAAgAAABWiBQABAAAAbAEAABeiAwABAAAAAAAAAACjAwABAAAAAAAAAAGjAwABAAAAAAAAAAKkAwABAAAAAQAAAAOkAwABAAAAAAAAAASkBQABAAAAdAEAAAWkAwABAAAAAAAAAAakAwABAAAAAAAAAAekAwABAAAAAAAAAAikAwABAAAAAAAAAAmkAwABAAAAAAAAAAqkAwABAAAAAAAAAAykAwABAAAAAAAAAAAAAACEAgAADgAPAQIABgAAADQAAAAQAQIADQAAADoAAAASAQMAAQAAAAEAAAAaAQUAAQAAAAgAAAAbAQUAAQAAABAAAAAoAQMAAQAAAAIAAAAxAQIAHAAAABgAAAAyAQIAFAAAAEgAAAA+AQUAAgAAAFwAAAA/AQUABgAAAGwAAAARAgUAAwAAAJwAAAATAgMAAQAAAAIAAAAUAgUABgAAALQAAABphwQAAQAAAIQCAAAWHwAAAAAAAAEAAAAAAAAAAQAAAAgACAAIAP/Y/+AAEEpGSUYAAQEBASwBLAAA/9sAQwAGBAUGBQQGBgUGBwcGCAoQCgoJCQoUDg8MEBcUGBgXFBYWGh0lHxobIxwWFiAsICMmJykqKRkfL',NULL,1,'\n### Error updating database.  Cause: com.mysql.cj.jdbc.exceptions.MysqlDataTruncation: Data truncation: Data too long for column \'config_value\' at row 1\n### The error may exist in URL [jar:file:/home/nevell/code/newblog/ruoyi-vue/ruoyi-admin/target/ruoyi-admin.jar!/BOOT-INF/lib/ruoyi-system-3.9.0.jar!/mapper/system/BlogSettingMapper.xml]\n### The error may involve defaultParameterMap\n### The error occurred while setting parameters\n### SQL: update blog_setting set config_value = ?, update_time = now()         where config_key = ?\n### Cause: com.mysql.cj.jdbc.exceptions.MysqlDataTruncation: Data truncation: Data too long for column \'config_value\' at row 1\n; Data truncation: Data too long for column \'config_value\' at row 1; nested exception is com.mysql.cj.jdbc.exceptions.MysqlDataTruncation: Data truncation: Data too long for column \'config_value\' at row 1','2025-11-14 14:59:15',40),(550,'博客设置',2,'com.ruoyi.system.controller.BlogSettingController.updateByKeyPost()','POST',1,'admin','研发部门','/system/setting/updateByKey','127.0.0.1','内网IP','{\"params\":{},\"settingKey\":\"blog_avatar\",\"settingValue\":\"data:image/jpeg;base64,/9j/4AAQSkZJRgABAQEASABIAAD/4R/wRXhpZgAASUkqAG4EAABIAAAAAQAAAEgAAAABAAAAQWRvYmUgUGhvdG9zaG9wIENTMyBXaW5kb3dzAENhbm9uAENhbm9uIEVPUyA1RAAAMjAwODowOToyMCAxODoxMzozMQAAAAAAQEIPAAAAAABAQg8AAAAAAEBCDwAAAAAAQEIPAAAAAABAQg8AAAAAAEBCDwAAAAAAQEIPAAAAAABAQg8AAAAAAEBCDwAAAAAAQEIPAAAAAABAQg8AAAAAAEBCDwAAAAAAQEIPAAAAAABAQg8AAAAAAEBCDwAAAAAAQEIPAAAAAABAQg8AiBMAAEBCDwAAAAAAQEIPADIwMDg6MDg6MTAgMDg6NTQ6MTYAMjAwODowODoxMCAwODo1NDoxNgAAAAAAQEIPAChZdABAQg8AAAAAAEBCDwAAAAAAQEIPAAAAAABAQg8AAAAAAEBCDwAAAAAAQEIPAAAAAABAQg8AZEZmEqCGAQAo8WwSoIYBAAAAAABAQg8AAAAAAEBCDwAAAAAAAAAAAAAAAAAAAAAAAAAAAAAAAAAAAAAAAAAAAAAAAAAAAAAAAAAAAAAAAAAAAAAAAAAAAAAAAAAAAAAAAAAAAAAAAAAAAAAAAAAAAAAAAAAAAAAAAAAAAAAAAAAAAAAAAAAAAAAAAAAAAAAAAAAAAAAAAAAAAAAAAAAAAAAAAAAAAAAAAAAAAAAAAAAAAAAAAAAAAAAAAAAAAAAAAAAAAAAAAAAAAAAAAAAAAAAAAAAAAAAAAAAAAAAAAAAAAAAAAAAAAAAAAAAAAAAAAAAAAAAAAAAAAAAAAAAAAAAAAAAAAAAAAAAAAAAAAAAAAAAAAAAAAAAAAAAAAAAAAAAAAAAAAAAoAJqCBQABAAAA5AAAAJ2CBQABAAAA7AAAACKIAwABAAAAAQAAACeIAwACAAAAkAGQAQCQAgAEAAAAMDIyMQOQAgAUAAAA9AAAAASQAgAUAAAACAEAAAKRBQABAAAAHAEAAAGSBQABAAAAJAEAAAKSBQABAAAALAEAAAOSBQABAAAANAEAAASSBQABAAAAPAEAAAWSBQABAAAARAEAAAaSBQABAAAATAEAAAeSAwABAAAABQAAAAiSAwABAAAAAAAAAAmSAwABAAAAEAAAAAqSBQABAAAAVAEAAIaSAgAIAQAAfAEAAACgAgAEAAAAMDEwMAGgAwABAAAAAQAAAAKgAwABAAAAEBEAAAOgAwABAAAAYAsAAA6iBQABAAAAXAEAAA+iBQABAAAAZAEAABCiAwABAAAAAgAAABWiBQABAAAAbAEAABeiAwABAAAAAAAAAACjAwABAAAAAAAAAAGjAwABAAAAAAAAAAKkAwABAAAAAQAAAAOkAwABAAAAAAAAAASkBQABAAAAdAEAAAWkAwABAAAAAAAAAAakAwABAAAAAAAAAAekAwABAAAAAAAAAAikAwABAAAAAAAAAAmkAwABAAAAAAAAAAqkAwABAAAAAAAAAAykAwABAAAAAAAAAAAAAACEAgAADgAPAQIABgAAADQAAAAQAQIADQAAADoAAAASAQMAAQAAAAEAAAAaAQUAAQAAAAgAAAAbAQUAAQAAABAAAAAoAQMAAQAAAAIAAAAxAQIAHAAAABgAAAAyAQIAFAAAAEgAAAA+AQUAAgAAAFwAAAA/AQUABgAAAGwAAAARAgUAAwAAAJwAAAATAgMAAQAAAAIAAAAUAgUABgAAALQAAABphwQAAQAAAIQCAAAWHwAAAAAAAAEAAAAAAAAAAQAAAAgACAAIAP/Y/+AAEEpGSUYAAQEBASwBLAAA/9sAQwAGBAUGBQQGBgUGBwcGCAoQCgoJCQoUDg8MEBcUGBgXFBYWGh0lHxobIxwWFiAsICMmJykqKRkfL',NULL,1,'\n### Error updating database.  Cause: com.mysql.cj.jdbc.exceptions.MysqlDataTruncation: Data truncation: Data too long for column \'config_value\' at row 1\n### The error may exist in URL [jar:file:/home/nevell/code/newblog/ruoyi-vue/ruoyi-admin/target/ruoyi-admin.jar!/BOOT-INF/lib/ruoyi-system-3.9.0.jar!/mapper/system/BlogSettingMapper.xml]\n### The error may involve defaultParameterMap\n### The error occurred while setting parameters\n### SQL: update blog_setting set config_value = ?, update_time = now()         where config_key = ?\n### Cause: com.mysql.cj.jdbc.exceptions.MysqlDataTruncation: Data truncation: Data too long for column \'config_value\' at row 1\n; Data truncation: Data too long for column \'config_value\' at row 1; nested exception is com.mysql.cj.jdbc.exceptions.MysqlDataTruncation: Data truncation: Data too long for column \'config_value\' at row 1','2025-11-14 14:59:16',39),(551,'博客设置',2,'com.ruoyi.system.controller.BlogSettingController.updateByKey()','PUT',1,'admin','研发部门','/system/setting/updateByKey','127.0.0.1','内网IP','{\"params\":{},\"settingKey\":\"blog_avatar\",\"settingValue\":\"data:image/jpeg;base64,/9j/4AAQSkZJRgABAQEASABIAAD/4R/wRXhpZgAASUkqAG4EAABIAAAAAQAAAEgAAAABAAAAQWRvYmUgUGhvdG9zaG9wIENTMyBXaW5kb3dzAENhbm9uAENhbm9uIEVPUyA1RAAAMjAwODowOToyMCAxODoxMzozMQAAAAAAQEIPAAAAAABAQg8AAAAAAEBCDwAAAAAAQEIPAAAAAABAQg8AAAAAAEBCDwAAAAAAQEIPAAAAAABAQg8AAAAAAEBCDwAAAAAAQEIPAAAAAABAQg8AAAAAAEBCDwAAAAAAQEIPAAAAAABAQg8AAAAAAEBCDwAAAAAAQEIPAAAAAABAQg8AiBMAAEBCDwAAAAAAQEIPADIwMDg6MDg6MTAgMDg6NTQ6MTYAMjAwODowODoxMCAwODo1NDoxNgAAAAAAQEIPAChZdABAQg8AAAAAAEBCDwAAAAAAQEIPAAAAAABAQg8AAAAAAEBCDwAAAAAAQEIPAAAAAABAQg8AZEZmEqCGAQAo8WwSoIYBAAAAAABAQg8AAAAAAEBCDwAAAAAAAAAAAAAAAAAAAAAAAAAAAAAAAAAAAAAAAAAAAAAAAAAAAAAAAAAAAAAAAAAAAAAAAAAAAAAAAAAAAAAAAAAAAAAAAAAAAAAAAAAAAAAAAAAAAAAAAAAAAAAAAAAAAAAAAAAAAAAAAAAAAAAAAAAAAAAAAAAAAAAAAAAAAAAAAAAAAAAAAAAAAAAAAAAAAAAAAAAAAAAAAAAAAAAAAAAAAAAAAAAAAAAAAAAAAAAAAAAAAAAAAAAAAAAAAAAAAAAAAAAAAAAAAAAAAAAAAAAAAAAAAAAAAAAAAAAAAAAAAAAAAAAAAAAAAAAAAAAAAAAAAAAAAAAAAAAAAAAAAAAAAAAAAAAoAJqCBQABAAAA5AAAAJ2CBQABAAAA7AAAACKIAwABAAAAAQAAACeIAwACAAAAkAGQAQCQAgAEAAAAMDIyMQOQAgAUAAAA9AAAAASQAgAUAAAACAEAAAKRBQABAAAAHAEAAAGSBQABAAAAJAEAAAKSBQABAAAALAEAAAOSBQABAAAANAEAAASSBQABAAAAPAEAAAWSBQABAAAARAEAAAaSBQABAAAATAEAAAeSAwABAAAABQAAAAiSAwABAAAAAAAAAAmSAwABAAAAEAAAAAqSBQABAAAAVAEAAIaSAgAIAQAAfAEAAACgAgAEAAAAMDEwMAGgAwABAAAAAQAAAAKgAwABAAAAEBEAAAOgAwABAAAAYAsAAA6iBQABAAAAXAEAAA+iBQABAAAAZAEAABCiAwABAAAAAgAAABWiBQABAAAAbAEAABeiAwABAAAAAAAAAACjAwABAAAAAAAAAAGjAwABAAAAAAAAAAKkAwABAAAAAQAAAAOkAwABAAAAAAAAAASkBQABAAAAdAEAAAWkAwABAAAAAAAAAAakAwABAAAAAAAAAAekAwABAAAAAAAAAAikAwABAAAAAAAAAAmkAwABAAAAAAAAAAqkAwABAAAAAAAAAAykAwABAAAAAAAAAAAAAACEAgAADgAPAQIABgAAADQAAAAQAQIADQAAADoAAAASAQMAAQAAAAEAAAAaAQUAAQAAAAgAAAAbAQUAAQAAABAAAAAoAQMAAQAAAAIAAAAxAQIAHAAAABgAAAAyAQIAFAAAAEgAAAA+AQUAAgAAAFwAAAA/AQUABgAAAGwAAAARAgUAAwAAAJwAAAATAgMAAQAAAAIAAAAUAgUABgAAALQAAABphwQAAQAAAIQCAAAWHwAAAAAAAAEAAAAAAAAAAQAAAAgACAAIAP/Y/+AAEEpGSUYAAQEBASwBLAAA/9sAQwAGBAUGBQQGBgUGBwcGCAoQCgoJCQoUDg8MEBcUGBgXFBYWGh0lHxobIxwWFiAsICMmJykqKRkfL','{\"msg\":\"操作成功\",\"code\":200}',0,NULL,'2025-11-14 15:03:48',147),(552,'博客设置',2,'com.ruoyi.system.controller.BlogSettingController.updateByKey()','PUT',1,'admin','研发部门','/system/setting/updateByKey','127.0.0.1','内网IP','{\"params\":{},\"settingKey\":\"about_content\",\"settingValue\":\"hello\"}','{\"msg\":\"操作成功\",\"code\":200}',0,NULL,'2025-11-14 15:03:54',7),(553,'博客文章',2,'com.ruoyi.system.controller.BlogArticleController.edit()','PUT',1,'admin','研发部门','/system/article','127.0.0.1','内网IP',NULL,'{\"msg\":\"操作成功\",\"code\":200}',0,NULL,'2025-11-14 15:30:09',36),(554,'博客设置',2,'com.ruoyi.system.controller.BlogSettingController.updateByKey()','PUT',1,'admin','研发部门','/system/setting/updateByKey','127.0.0.1','内网IP','{\"params\":{},\"settingKey\":\"blog_avatar\",\"settingValue\":\"data:image/jpeg;base64,/9j/4AAQSkZJRgABAQEASABIAAD/4R/wRXhpZgAASUkqAG4EAABIAAAAAQAAAEgAAAABAAAAQWRvYmUgUGhvdG9zaG9wIENTMyBXaW5kb3dzAENhbm9uAENhbm9uIEVPUyA1RAAAMjAwODowOToyMCAxODoxMzozMQAAAAAAQEIPAAAAAABAQg8AAAAAAEBCDwAAAAAAQEIPAAAAAABAQg8AAAAAAEBCDwAAAAAAQEIPAAAAAABAQg8AAAAAAEBCDwAAAAAAQEIPAAAAAABAQg8AAAAAAEBCDwAAAAAAQEIPAAAAAABAQg8AAAAAAEBCDwAAAAAAQEIPAAAAAABAQg8AiBMAAEBCDwAAAAAAQEIPADIwMDg6MDg6MTAgMDg6NTQ6MTYAMjAwODowODoxMCAwODo1NDoxNgAAAAAAQEIPAChZdABAQg8AAAAAAEBCDwAAAAAAQEIPAAAAAABAQg8AAAAAAEBCDwAAAAAAQEIPAAAAAABAQg8AZEZmEqCGAQAo8WwSoIYBAAAAAABAQg8AAAAAAEBCDwAAAAAAAAAAAAAAAAAAAAAAAAAAAAAAAAAAAAAAAAAAAAAAAAAAAAAAAAAAAAAAAAAAAAAAAAAAAAAAAAAAAAAAAAAAAAAAAAAAAAAAAAAAAAAAAAAAAAAAAAAAAAAAAAAAAAAAAAAAAAAAAAAAAAAAAAAAAAAAAAAAAAAAAAAAAAAAAAAAAAAAAAAAAAAAAAAAAAAAAAAAAAAAAAAAAAAAAAAAAAAAAAAAAAAAAAAAAAAAAAAAAAAAAAAAAAAAAAAAAAAAAAAAAAAAAAAAAAAAAAAAAAAAAAAAAAAAAAAAAAAAAAAAAAAAAAAAAAAAAAAAAAAAAAAAAAAAAAAAAAAAAAAAAAAAAAAoAJqCBQABAAAA5AAAAJ2CBQABAAAA7AAAACKIAwABAAAAAQAAACeIAwACAAAAkAGQAQCQAgAEAAAAMDIyMQOQAgAUAAAA9AAAAASQAgAUAAAACAEAAAKRBQABAAAAHAEAAAGSBQABAAAAJAEAAAKSBQABAAAALAEAAAOSBQABAAAANAEAAASSBQABAAAAPAEAAAWSBQABAAAARAEAAAaSBQABAAAATAEAAAeSAwABAAAABQAAAAiSAwABAAAAAAAAAAmSAwABAAAAEAAAAAqSBQABAAAAVAEAAIaSAgAIAQAAfAEAAACgAgAEAAAAMDEwMAGgAwABAAAAAQAAAAKgAwABAAAAEBEAAAOgAwABAAAAYAsAAA6iBQABAAAAXAEAAA+iBQABAAAAZAEAABCiAwABAAAAAgAAABWiBQABAAAAbAEAABeiAwABAAAAAAAAAACjAwABAAAAAAAAAAGjAwABAAAAAAAAAAKkAwABAAAAAQAAAAOkAwABAAAAAAAAAASkBQABAAAAdAEAAAWkAwABAAAAAAAAAAakAwABAAAAAAAAAAekAwABAAAAAAAAAAikAwABAAAAAAAAAAmkAwABAAAAAAAAAAqkAwABAAAAAAAAAAykAwABAAAAAAAAAAAAAACEAgAADgAPAQIABgAAADQAAAAQAQIADQAAADoAAAASAQMAAQAAAAEAAAAaAQUAAQAAAAgAAAAbAQUAAQAAABAAAAAoAQMAAQAAAAIAAAAxAQIAHAAAABgAAAAyAQIAFAAAAEgAAAA+AQUAAgAAAFwAAAA/AQUABgAAAGwAAAARAgUAAwAAAJwAAAATAgMAAQAAAAIAAAAUAgUABgAAALQAAABphwQAAQAAAIQCAAAWHwAAAAAAAAEAAAAAAAAAAQAAAAgACAAIAP/Y/+AAEEpGSUYAAQEBASwBLAAA/9sAQwAGBAUGBQQGBgUGBwcGCAoQCgoJCQoUDg8MEBcUGBgXFBYWGh0lHxobIxwWFiAsICMmJykqKRkfL','{\"msg\":\"操作成功\",\"code\":200}',0,NULL,'2025-11-14 16:08:52',149),(555,'博客设置',2,'com.ruoyi.system.controller.BlogSettingController.updateByKey()','PUT',1,'admin','研发部门','/system/setting/updateByKey','127.0.0.1','内网IP','{\"params\":{},\"settingKey\":\"blog_beian\",\"settingValue\":\"ICP备123456号\"}','{\"msg\":\"操作成功\",\"code\":200}',0,NULL,'2025-11-14 16:09:10',7),(556,'博客文章',2,'com.ruoyi.system.controller.BlogArticleController.edit()','PUT',1,'admin','研发部门','/system/article','127.0.0.1','内网IP',NULL,'{\"msg\":\"操作成功\",\"code\":200}',0,NULL,'2025-11-14 16:15:21',20),(557,'博客标签',2,'com.ruoyi.system.controller.BlogTagController.edit()','PUT',1,'admin','研发部门','/system/tag','127.0.0.1','内网IP','{\"createTime\":\"2025-11-10 15:53:17\",\"delFlag\":\"0\",\"params\":{},\"tagId\":1,\"tagName\":\"Java\",\"updateBy\":\"admin\",\"updateTime\":\"2025-11-10 15:53:17\"}','{\"msg\":\"操作成功\",\"code\":200}',0,NULL,'2025-11-14 16:17:15',10),(558,'博客标签',2,'com.ruoyi.system.controller.BlogTagController.edit()','PUT',1,'admin','研发部门','/system/tag','127.0.0.1','内网IP','{\"createTime\":\"2025-11-10 15:53:17\",\"delFlag\":\"0\",\"params\":{},\"tagId\":2,\"tagName\":\"Spring Boot\",\"updateBy\":\"admin\",\"updateTime\":\"2025-11-10 15:53:17\"}','{\"msg\":\"操作成功\",\"code\":200}',0,NULL,'2025-11-14 16:17:24',3),(559,'博客标签',2,'com.ruoyi.system.controller.BlogTagController.edit()','PUT',1,'admin','研发部门','/system/tag','127.0.0.1','内网IP','{\"createTime\":\"2025-11-10 15:53:17\",\"delFlag\":\"0\",\"params\":{},\"tagId\":3,\"tagName\":\"Vue.js\",\"updateBy\":\"admin\",\"updateTime\":\"2025-11-10 15:53:17\"}','{\"msg\":\"操作成功\",\"code\":200}',0,NULL,'2025-11-14 16:17:33',3),(560,'代码生成',3,'com.ruoyi.generator.controller.GenController.remove()','DELETE',1,'admin','研发部门','/tool/gen/1,2,3,4,5,6,7','127.0.0.1','内网IP','[1,2,3,4,5,6,7]','{\"msg\":\"操作成功\",\"code\":200}',0,NULL,'2025-11-17 14:49:09',32),(561,'博客设置',2,'com.ruoyi.system.controller.BlogSettingController.updateByKey()','PUT',1,'admin','研发部门','/system/setting/updateByKey','127.0.0.1','内网IP','{\"params\":{},\"settingKey\":\"blog_email\",\"settingValue\":\"nevell@foxmail.com\"}','{\"msg\":\"操作成功\",\"code\":200}',0,NULL,'2025-11-17 19:30:10',28),(562,'博客设置',2,'com.ruoyi.system.controller.BlogSettingController.updateByKey()','PUT',1,'admin','研发部门','/system/setting/updateByKey','127.0.0.1','内网IP','{\"params\":{},\"settingKey\":\"blog_avatar\",\"settingValue\":\"data:image/png;base64,iVBORw0KGgoAAAANSUhEUgAAAMgAAADICAYAAACtWK6eAAAAAXNSR0IArs4c6QAAEKJJREFUeF7tnb+PHUkRx+f5kEAX+AxICOkwqyNaEqQjsiXQ2ZAQWiQOIEDkSOvsJII7B0jOdiXyEwGJk5P/AvAJJDvCEslthhYTIR3nI+CH4Hi4Zqff9Zs3P/pXVVdV10iWd/f19MxU1+d9q6p7ZjadbWgW2G63t7zO4ee3Zg7mt/ObPJ5o/4H3t8ebzWaqDdo1tdbxprULxrjeAQTn5A6COafHOAXo04HiADJ4CljaAEkw4gDEO8Ou1CDEnjGA00Oz2Wzejd259fYGyIoHeGGSFCBCfPq+ARNipq4zQCbsNIKCu0KEjfR8q15hTF2mDWSADHZpDIo5XAyWkWWaBsSgWBQfgwXytlx9lri/l2RrD59KDU+zOUtTgBgY2bw0B0oTgBgY2WBMdXC/hcReNSDb7Rbq/q48i+Il1mmnGhSVgBgYVbBVCYoqQKSEUk+fPt15sP/zkydPJj375s2be3+/ceNG/7v7vwoO8wdVBYoKQLiCAc4P/5zj+zCUdGoAxUF0cnJSsuvUviCZV7EWTDwgXMIpKhhCPfbevXt908rAiFcTsYDUBsOpwenpaa8SnDenMBVhEQuKOEBqhlMAggQglmCtqCwwMw+giLp/RRQgNVRDAxRzwAAsFVRFlJqIAWS73f72ZeJHsjREMxRTsFQARQwk7AGhDKnOzs76ihP3nAIr36kAym3uIRdrQChCqtbUIgQuYlBYqwlbQLBDKgNjHRVCUNhCwg6QIaSCfANtu3v3brNhVKxRARIoExPN2rMLuVgBgh1SQY4BZVrb4i3QqpqwAQQTDgun4oGoXO1iE3KxAAQTDlONMnD4vRCpCQtIqgOCBYepRnkwWoSkKiBYcJhq4MLheofE/eHDh9gHq6ok1QDBKuMaHNj+etg/QIJc5YKl87fpr6zSU02w4LDybQ0XujwmQV5SBRJyBTE46jkx9pE1QkIKCFbOYcqB7frh/RNAQpqTkAFicIQ7mfSWmiAhAcTgkO7y8eevBRJ0QLDgsGpVvNNS76EBElRADA5ql+R3POmQoAGCtSoXZsghKbdNjgUIIEFbBYwJyBZjCI+OjjC6tT6RLYANyeblg4IxLgGlUwutMIZKfp/IM+4oE4nFATE45Dsy1hUQrN0qPkdSFBCsvAMGzKpWWG5L2y92qPXyfYtF85HSgKDkHQYHrRNjH01SqFUMEKzQCgbLEnNsl6XvXwokRQDBhMPUg955KY4oJR/JBgQz72hRPe799Ie9f56+9z6Fn1Y9BrKKwLVl5yMlAEF7JGhr6gFwnAyAHH3nx1Wdl+LgBCqSXfrNAgQztGqxcnXx+1/v/PLsvfdNRcpQmlX6zQUEpWrl7NJScu6rx+76TUWKIJIzy54MiKlHkbHbdeKrh/vj3Z/9onv67MOyB2LYG0EukqwiSYBgJ+athVdT6gE2ADgAEu0bQS6SnLCnAoL+/vGWwqsp9TAVKf61kJSwRwOCHVr135wNLWmfUw/nHqYiRUGJLvumAIKamLcWXi2pR2sqcnFxUZSGic6iVSQKEAr1aAmQNfVoTUUIknUwaVTCHgsIunrAFbSQf9x485vdw1/+PPgbs4WKFlGy3sWUfYMBoVKPVgABOACS0K2FXIQKkBgViQGERD1aSNBDQ6sxPC2oCFGYFawiQYBQqof29VepcLQyL0IFSOhCxlBASNSjhQQ9pGq1FHZpVxHCMCuoorUKCKV6gGNofs5ubN4xBYr2XIQQkKDZdQMkNEvObJcTWo0PrX2lL8F8iDPpqoosAkKtHlorWCXhcCOr+X4RwjxkVUUMkExlWNsdAw7tCTsxIIsqsgYIWXK++2ZU9ORELDicrbSGWgSPBhp/r82u0ZoFpEZ4pW','{\"msg\":\"操作成功\",\"code\":200}',0,NULL,'2025-11-17 19:30:57',102),(563,'文章管理',2,'com.ruoyi.system.controller.BlogArticleController.edit()','PUT',1,'admin','研发部门','/system/article','127.0.0.1','内网IP','{\"id\":6,\"status\":0}','{\"msg\":\"更新文章失败：Cannot invoke \\\"String.trim()\\\" because the return value of \\\"com.ruoyi.system.domain.BlogArticle.getTitle()\\\" is null\",\"code\":500}',0,NULL,'2025-11-18 19:38:02',91),(564,'文章分类',1,'com.ruoyi.system.controller.BlogCategoryController.add()','POST',1,'admin','研发部门','/system/category','127.0.0.1','内网IP','{\"createTime\":\"2025-11-18 19:39:57\",\"delFlag\":\"0\",\"id\":7,\"name\":\"日常生活\",\"params\":{},\"sort\":0,\"sortOrder\":0}','{\"msg\":\"操作成功\",\"code\":200}',0,NULL,'2025-11-18 19:39:57',30),(565,'文章管理',1,'com.ruoyi.system.controller.BlogArticleController.add()','POST',1,'admin','研发部门','/system/article','127.0.0.1','内网IP','{\"title\":\"华为Mate 80 Pro包装盒亮相：麒麟9030、麒麟9030 Pro双芯片\",\"summary\":\"\",\"content\":\"<p><span style=\\\"background-color: rgb(255, 255, 255); color: rgb(51, 51, 51);\\\">快科技11月18日消息，华为Mate 80系列已经定档11月25日，这次有Mate 80/Pro/Pro Max/RS四款新机。</span></p><p><strong style=\\\"background-color: rgb(255, 255, 255); color: rgb(255, 0, 0);\\\">博主“熠熠玩数码”曝光了Mate 80 Pro的包装盒，其中显示该机共有两种芯片版本，分别搭载麒麟9030、麒麟9030 Pro。</strong></p><p class=\\\"ql-align-center\\\"><u style=\\\"background-color: rgb(255, 255, 255); color: rgb(0, 153, 255);\\\"><a href=\\\"https://img1.mydrivers.com/img/20251117/0ca07010-e650-49a7-b907-dba49aa251a5.png\\\" rel=\\\"noopener noreferrer\\\" target=\\\"_blank\\\"><img src=\\\"https://img1.mydrivers.com/img/20251117/S0ca07010-e650-49a7-b907-dba49aa251a5.png\\\" alt=\\\"华为Mate 80 Pro包装盒亮相：麒麟9030、麒麟9030 Pro双芯片\\\"></a></u></p><p><strong style=\\\"background-color: rgb(255, 255, 255); color: rgb(51, 51, 51);\\\">从对应的内存版本来看，推测12+256GB、12+512GB是麒麟9030，16+512GB、16GB+1TB是麒麟9030 Pro。</strong></p><p><span style=\\\"background-color: rgb(255, 255, 255); color: rgb(51, 51, 51);\\\">据悉，去年发布的华为Mate 70系列搭载了麒麟9020芯片，其CPU由1 x 2.5GHz大核+3×2.15GHz中核+4×1.6GHz小核组成，集成Maleoon 920 840MHz GPU。</span></p><p><span style=\\\"background-color: rgb(255, 255, 255); color: rgb(51, 51, 51);\\\">根据爆料，这次麒麟9030系列工艺制程依然不变，但是核心架构进一步升级，性能方面会有不小的提升。</span></p><p class=\\\"ql-align-center\\\"><span style=\\\"background-color: rgb(255, 255, 255); color: rgb(51, 51, 51);\\\"><img src=\\\"https://img1.mydrivers.com/img/20251117/14ca8369-0faf-4534-81f8-c6ad9fdb9473.png\\\" alt=\\\"华为Mate 80 Pro包装盒亮相：麒麟9030、麒麟9030 Pro双芯片\\\"></span></p><p><span style=\\\"background-color: rgb(255, 255, 255); color: rgb(51, 51, 51);\\\">值得注意的是，此前9月份的华为Mate XTs 非凡大师发布会开始公开介绍麒麟9020芯片，</span><strong style=\\\"background-color: rgb(255, 255, 255); color: rgb(51, 51, 51);\\\">预计这次麒麟9030系列也会在发布会上亮相，甚至介绍一些详细规格，非常值得期待。</strong></p><p><span style=\\\"background-color: rgb(255, 255, 255); color: rgb(51, 51, 51);\\\">自美国制裁华为之后，麒麟芯片一度断供，此后华为在发布会上从未公开处理器具体型号，甚至5G信号都一度不再显示。</span></p><p class=\\\"ql-align-center\\\"><span style=\\\"','{\"msg\":\"文章创建成功\",\"code\":200}',0,NULL,'2025-11-18 19:41:18',79),(566,'文章管理',2,'com.ruoyi.system.controller.BlogArticleController.edit()','PUT',1,'admin','研发部门','/system/article','127.0.0.1','内网IP','{\"id\":7,\"status\":1}','{\"msg\":\"更新文章失败：Cannot invoke \\\"String.trim()\\\" because the return value of \\\"com.ruoyi.system.domain.BlogArticle.getTitle()\\\" is null\",\"code\":500}',0,NULL,'2025-11-18 19:41:23',6),(567,'文章管理',2,'com.ruoyi.system.controller.BlogArticleController.edit()','PUT',1,'admin','研发部门','/system/article','127.0.0.1','内网IP','{\"id\":7,\"status\":1}','{\"msg\":\"更新文章失败：Cannot invoke \\\"String.trim()\\\" because the return value of \\\"com.ruoyi.system.domain.BlogArticle.getTitle()\\\" is null\",\"code\":500}',0,NULL,'2025-11-18 21:43:37',37),(568,'文章管理',1,'com.ruoyi.system.controller.BlogArticleController.add()','POST',1,'admin','研发部门','/system/article','127.0.0.1','内网IP','{\"title\":\"内存、闪存价格坐火箭 但厂商就是不增产！害怕AI泡沫破裂\",\"summary\":\"\",\"content\":\"<p><span style=\\\"background-color: rgb(255, 255, 255); color: rgb(51, 51, 51);\\\">快科技11月18日消息，近期，DRAM内存、NAND闪存的价格都疯了，难受的不止有消费者，OEM厂商们也很痛苦，毕竟利润会被严重挤压。</span></p><p><strong style=\\\"background-color: rgb(255, 255, 255); color: rgb(51, 51, 51);\\\">模式士丹利的最新报告中，当前形势下，即便是大型制造商和集成商也受到了极大的冲击，为此下调了部分企业的股票持仓建议评级。</strong></p><p class=\\\"ql-align-center\\\"><u style=\\\"background-color: rgb(255, 255, 255); color: rgb(0, 153, 255);\\\"><a href=\\\"https://img1.mydrivers.com/img/20251118/b9d684fbf678427d9298eb1a872758d4.jpg\\\" rel=\\\"noopener noreferrer\\\" target=\\\"_blank\\\"><img src=\\\"https://img1.mydrivers.com/img/20251118/s_b9d684fbf678427d9298eb1a872758d4.jpg\\\" alt=\\\"内存、闪存价格坐火箭 但厂商就是不增产！害怕AI泡沫破裂\\\"></a></u></p><p><span style=\\\"background-color: rgb(255, 255, 255); color: rgb(51, 51, 51);\\\">摩根士丹利对股票表现预测有三个等级：看好的OW(增持)、中性的EW(持有)、看衰的UW(减持)。</span></p><p><span style=\\\"background-color: rgb(255, 255, 255); color: rgb(51, 51, 51);\\\">比如，</span><strong style=\\\"background-color: rgb(255, 255, 255); color: rgb(51, 51, 51);\\\">戴尔的评级从OW直接下调至UW，预期股价从144美元降至110美元，是最不被看好的，主要是因为其服务器销量巨大，需要海量内存。</strong></p><p><span style=\\\"background-color: rgb(255, 255, 255); color: rgb(51, 51, 51);\\\">惠普：EW→UW，26美元→14美元</span></p><p><span style=\\\"background-color: rgb(255, 255, 255); color: rgb(51, 51, 51);\\\">慧与：OW→EW，28美元→25美元。</span></p><p><span style=\\\"background-color: rgb(255, 255, 255); color: rgb(51, 51, 51);\\\">联想：OW→EW，毛利率下调30-50个百分点，每股收益下调10％</span></p><p><span style=\\\"background-color: rgb(255, 255, 255); color: rgb(51, 51, 51);\\\">华硕：EW→UW，每股收益下调13％</span></p><p><span style=\\\"background-color: rgb(255, 255, 255); color: rgb(51, 51, 51);\\\">宏碁：维持UW，每股收益下调37％</span></p><p><span style=\\\"background-color: rgb(255, 255, 255); color: rgb(51, 51, 51);\\\">技嘉：OW→EW，每股收益下调11％</span></p><p><span style=\\\"background-color: rgb(255, 255, 255); color: rgb(51, 51, 51);\\\">和硕：EW→UW，每股收益下调17％</span></p><p><span style=\\\"background-color: rgb(255, 255, 255); color: rgb(51,','{\"msg\":\"文章创建成功\",\"code\":200}',0,NULL,'2025-11-18 21:45:25',46),(569,'文章管理',2,'com.ruoyi.system.controller.BlogArticleController.edit()','PUT',1,'admin','研发部门','/system/article','127.0.0.1','内网IP','{\"id\":8,\"status\":1}','{\"msg\":\"更新文章失败：Cannot invoke \\\"String.trim()\\\" because the return value of \\\"com.ruoyi.system.domain.BlogArticle.getTitle()\\\" is null\",\"code\":500}',0,NULL,'2025-11-18 21:45:29',5),(570,'文章管理',2,'com.ruoyi.system.controller.BlogArticleController.edit()','PUT',1,'admin','研发部门','/system/article','127.0.0.1','内网IP','{\"id\":8,\"status\":1}','{\"msg\":\"更新文章失败：Cannot invoke \\\"String.trim()\\\" because the return value of \\\"com.ruoyi.system.domain.BlogArticle.getTitle()\\\" is null\",\"code\":500}',0,NULL,'2025-11-18 21:45:39',4),(571,'文章管理',2,'com.ruoyi.system.controller.BlogArticleController.edit()','PUT',1,'admin','研发部门','/system/article','127.0.0.1','内网IP','{\"id\":8,\"status\":1}','{\"msg\":\"更新文章失败：Cannot invoke \\\"String.trim()\\\" because the return value of \\\"com.ruoyi.system.domain.BlogArticle.getTitle()\\\" is null\",\"code\":500}',0,NULL,'2025-11-18 21:45:45',2),(572,'文章管理',1,'com.ruoyi.system.controller.BlogArticleController.add()','POST',1,'admin','研发部门','/system/article','127.0.0.1','内网IP','{\"title\":\"测试文章API\",\"summary\":\"这是通过API创建的测试文章\",\"content\":\"# 测试内容\\n\\n这是一篇测试文章的内容。\",\"categoryId\":1,\"status\":1,\"isTop\":0,\"isRecommend\":0,\"tagIds\":[1,2]}','{\"msg\":\"创建文章失败：class java.lang.Integer cannot be cast to class java.lang.Long (java.lang.Integer and java.lang.Long are in module java.base of loader \'bootstrap\')\",\"code\":500}',0,NULL,'2025-11-21 11:43:25',45),(573,'文章管理',1,'com.ruoyi.system.controller.BlogArticleController.add()','POST',1,'admin','研发部门','/system/article','127.0.0.1','内网IP','{\"title\":\"测试文章API\",\"summary\":\"这是通过API创建的测试文章\",\"content\":\"# 测试内容\\n\\n这是一篇测试文章的内容。\",\"categoryId\":1,\"status\":1,\"isTop\":0,\"isRecommend\":0,\"tagIds\":[1,2]}','{\"msg\":\"创建文章失败：文章标题已存在\",\"code\":500}',0,NULL,'2025-11-21 11:46:39',30),(574,'文章管理',1,'com.ruoyi.system.controller.BlogArticleController.add()','POST',1,'admin','研发部门','/system/article','127.0.0.1','内网IP','{\"title\":\"API测试文章_$(date +%s)\",\"summary\":\"这是通过API创建的测试文章\",\"content\":\"# 测试内容\\n\\n这是一篇测试文章的内容。\",\"categoryId\":1,\"status\":1,\"isTop\":0,\"isRecommend\":0,\"tagIds\":[1,2]}','{\"msg\":\"创建文章失败：class java.lang.Integer cannot be cast to class java.lang.Long (java.lang.Integer and java.lang.Long are in module java.base of loader \'bootstrap\')\",\"code\":500}',0,NULL,'2025-11-21 11:47:12',14),(575,'文章管理',1,'com.ruoyi.system.controller.BlogArticleController.add()','POST',1,'admin','研发部门','/system/article','127.0.0.1','内网IP','{\"title\":\"API测试文章_2024\",\"summary\":\"这是通过API创建的测试文章\",\"content\":\"# 测试内容\\n\\n这是一篇测试文章的内容。\",\"categoryId\":1,\"status\":1,\"isTop\":0,\"isRecommend\":0,\"tagIds\":[1,2]}','{\"msg\":\"文章创建成功\",\"code\":200}',0,NULL,'2025-11-21 11:49:06',45),(576,'文章分类',1,'com.ruoyi.system.controller.BlogCategoryController.add()','POST',1,'admin','研发部门','/system/category','127.0.0.1','内网IP','{\"createTime\":\"2025-11-21 11:49:22\",\"delFlag\":\"0\",\"description\":\"分享技术相关的文章\",\"id\":8,\"name\":\"技术分享\",\"params\":{},\"sort\":1,\"sortOrder\":1,\"status\":1}','{\"msg\":\"操作成功\",\"code\":200}',0,NULL,'2025-11-21 11:49:22',28),(577,'博客设置',1,'com.ruoyi.system.controller.BlogSettingController.add()','POST',1,'admin','研发部门','/system/setting','127.0.0.1','内网IP','{\"createBy\":\"admin\",\"description\":\"博客网站名称\",\"params\":{}}',NULL,1,'\n### Error updating database.  Cause: java.sql.SQLException: Field \'config_key\' doesn\'t have a default value\n### The error may exist in URL [jar:file:/home/nevell/code/newblog/ruoyi-vue/ruoyi-admin/target/ruoyi-admin.jar!/BOOT-INF/lib/ruoyi-system-3.9.0.jar!/mapper/system/BlogSettingMapper.xml]\n### The error may involve com.ruoyi.system.mapper.BlogSettingMapper.insertBlogSetting-Inline\n### The error occurred while setting parameters\n### SQL: insert into blog_setting          ( description )           values ( ? )\n### Cause: java.sql.SQLException: Field \'config_key\' doesn\'t have a default value\n; Field \'config_key\' doesn\'t have a default value; nested exception is java.sql.SQLException: Field \'config_key\' doesn\'t have a default value','2025-11-21 11:51:17',11),(578,'文章管理',1,'com.ruoyi.system.controller.BlogArticleController.add()','POST',1,'admin','研发部门','/system/article','127.0.0.1','内网IP','{\"title\":\"性能测试文章_1763697218_7598\",\"summary\":\"这是一篇用于性能测试的文章\",\"content\":\"# 性能测试文章\\n\\n创建时间: 2025-11-21 11:53:38\\n\\n测试内容...\",\"categoryId\":4,\"status\":1,\"isTop\":0,\"isRecommend\":1,\"tagIds\":[6]}','{\"msg\":\"文章创建成功\",\"code\":200}',0,NULL,'2025-11-21 11:53:38',17),(579,'文章管理',1,'com.ruoyi.system.controller.BlogArticleController.add()','POST',1,'admin','研发部门','/system/article','127.0.0.1','内网IP','{\"title\":\"性能测试文章_1763697218_7550\",\"summary\":\"这是一篇用于性能测试的文章\",\"content\":\"# 性能测试文章\\n\\n创建时间: 2025-11-21 11:53:38\\n\\n测试内容...\",\"categoryId\":1,\"status\":1,\"isTop\":0,\"isRecommend\":0,\"tagIds\":[9]}','{\"msg\":\"文章创建成功\",\"code\":200}',0,NULL,'2025-11-21 11:53:38',31),(580,'文章管理',1,'com.ruoyi.system.controller.BlogArticleController.add()','POST',1,'admin','研发部门','/system/article','127.0.0.1','内网IP','{\"title\":\"性能测试文章_1763697218_5396\",\"summary\":\"这是一篇用于性能测试的文章\",\"content\":\"# 性能测试文章\\n\\n创建时间: 2025-11-21 11:53:38\\n\\n测试内容...\",\"categoryId\":2,\"status\":1,\"isTop\":0,\"isRecommend\":1,\"tagIds\":[1]}','{\"msg\":\"文章创建成功\",\"code\":200}',0,NULL,'2025-11-21 11:53:38',33),(581,'文章管理',1,'com.ruoyi.system.controller.BlogArticleController.add()','POST',1,'admin','研发部门','/system/article','127.0.0.1','内网IP','{\"title\":\"性能测试文章_1763697218_8338\",\"summary\":\"这是一篇用于性能测试的文章\",\"content\":\"# 性能测试文章\\n\\n创建时间: 2025-11-21 11:53:38\\n\\n测试内容...\",\"categoryId\":2,\"status\":1,\"isTop\":0,\"isRecommend\":0,\"tagIds\":[1]}','{\"msg\":\"文章创建成功\",\"code\":200}',0,NULL,'2025-11-21 11:53:38',32),(582,'文章管理',1,'com.ruoyi.system.controller.BlogArticleController.add()','POST',1,'admin','研发部门','/system/article','127.0.0.1','内网IP','{\"title\":\"性能测试文章_1763697218_3243\",\"summary\":\"这是一篇用于性能测试的文章\",\"content\":\"# 性能测试文章\\n\\n创建时间: 2025-11-21 11:53:38\\n\\n测试内容...\",\"categoryId\":2,\"status\":1,\"isTop\":0,\"isRecommend\":0,\"tagIds\":[4]}','{\"msg\":\"文章创建成功\",\"code\":200}',0,NULL,'2025-11-21 11:53:38',31),(583,'文章管理',1,'com.ruoyi.system.controller.BlogArticleController.add()','POST',1,'admin','研发部门','/system/article','127.0.0.1','内网IP','{\"title\":\"性能测试文章_1763697218_9656\",\"summary\":\"这是一篇用于性能测试的文章\",\"content\":\"# 性能测试文章\\n\\n创建时间: 2025-11-21 11:53:38\\n\\n测试内容...\",\"categoryId\":2,\"status\":1,\"isTop\":0,\"isRecommend\":0,\"tagIds\":[2]}','{\"msg\":\"文章创建成功\",\"code\":200}',0,NULL,'2025-11-21 11:53:38',31),(584,'文章管理',1,'com.ruoyi.system.controller.BlogArticleController.add()','POST',1,'admin','研发部门','/system/article','127.0.0.1','内网IP','{\"title\":\"性能测试文章_1763697218_4266\",\"summary\":\"这是一篇用于性能测试的文章\",\"content\":\"# 性能测试文章\\n\\n创建时间: 2025-11-21 11:53:38\\n\\n测试内容...\",\"categoryId\":1,\"status\":1,\"isTop\":0,\"isRecommend\":0,\"tagIds\":[5]}','{\"msg\":\"文章创建成功\",\"code\":200}',0,NULL,'2025-11-21 11:53:38',25),(585,'文章管理',1,'com.ruoyi.system.controller.BlogArticleController.add()','POST',1,'admin','研发部门','/system/article','127.0.0.1','内网IP','{\"title\":\"性能测试文章_1763697218_3658\",\"summary\":\"这是一篇用于性能测试的文章\",\"content\":\"# 性能测试文章\\n\\n创建时间: 2025-11-21 11:53:38\\n\\n测试内容...\",\"categoryId\":3,\"status\":1,\"isTop\":0,\"isRecommend\":0,\"tagIds\":[6]}','{\"msg\":\"文章创建成功\",\"code\":200}',0,NULL,'2025-11-21 11:53:38',25),(586,'文章管理',1,'com.ruoyi.system.controller.BlogArticleController.add()','POST',1,'admin','研发部门','/system/article','127.0.0.1','内网IP','{\"title\":\"性能测试文章_1763697218_4095\",\"summary\":\"这是一篇用于性能测试的文章\",\"content\":\"# 性能测试文章\\n\\n创建时间: 2025-11-21 11:53:38\\n\\n测试内容...\",\"categoryId\":3,\"status\":1,\"isTop\":0,\"isRecommend\":1,\"tagIds\":[7]}','{\"msg\":\"文章创建成功\",\"code\":200}',0,NULL,'2025-11-21 11:53:38',25),(587,'文章管理',1,'com.ruoyi.system.controller.BlogArticleController.add()','POST',1,'admin','研发部门','/system/article','127.0.0.1','内网IP','{\"title\":\"性能测试文章_1763697218_8286\",\"summary\":\"这是一篇用于性能测试的文章\",\"content\":\"# 性能测试文章\\n\\n创建时间: 2025-11-21 11:53:38\\n\\n测试内容...\",\"categoryId\":5,\"status\":1,\"isTop\":0,\"isRecommend\":0,\"tagIds\":[10]}','{\"msg\":\"文章创建成功\",\"code\":200}',0,NULL,'2025-11-21 11:53:38',29),(588,'文章管理',1,'com.ruoyi.system.controller.BlogArticleController.add()','POST',1,'admin','研发部门','/system/article','127.0.0.1','内网IP','{\"title\":\"性能测试文章_1763697218_9447\",\"summary\":\"这是一篇用于性能测试的文章\",\"content\":\"# 性能测试文章\\n\\n创建时间: 2025-11-21 11:53:38\\n\\n测试内容...\",\"categoryId\":1,\"status\":1,\"isTop\":0,\"isRecommend\":0,\"tagIds\":[10]}','{\"msg\":\"文章创建成功\",\"code\":200}',0,NULL,'2025-11-21 11:53:38',26),(589,'文章管理',1,'com.ruoyi.system.controller.BlogArticleController.add()','POST',1,'admin','研发部门','/system/article','127.0.0.1','内网IP','{\"title\":\"性能测试文章_1763697218_3467\",\"summary\":\"这是一篇用于性能测试的文章\",\"content\":\"# 性能测试文章\\n\\n创建时间: 2025-11-21 11:53:38\\n\\n测试内容...\",\"categoryId\":5,\"status\":1,\"isTop\":0,\"isRecommend\":1,\"tagIds\":[8]}','{\"msg\":\"文章创建成功\",\"code\":200}',0,NULL,'2025-11-21 11:53:38',28),(590,'文章管理',1,'com.ruoyi.system.controller.BlogArticleController.add()','POST',1,'admin','研发部门','/system/article','127.0.0.1','内网IP','{\"title\":\"性能测试文章_1763697218_8139\",\"summary\":\"这是一篇用于性能测试的文章\",\"content\":\"# 性能测试文章\\n\\n创建时间: 2025-11-21 11:53:38\\n\\n测试内容...\",\"categoryId\":1,\"status\":1,\"isTop\":0,\"isRecommend\":1,\"tagIds\":[4]}','{\"msg\":\"文章创建成功\",\"code\":200}',0,NULL,'2025-11-21 11:53:38',30),(591,'文章管理',1,'com.ruoyi.system.controller.BlogArticleController.add()','POST',1,'admin','研发部门','/system/article','127.0.0.1','内网IP','{\"title\":\"性能测试文章_1763697218_9267\",\"summary\":\"这是一篇用于性能测试的文章\",\"content\":\"# 性能测试文章\\n\\n创建时间: 2025-11-21 11:53:38\\n\\n测试内容...\",\"categoryId\":5,\"status\":1,\"isTop\":0,\"isRecommend\":1,\"tagIds\":[4]}','{\"msg\":\"文章创建成功\",\"code\":200}',0,NULL,'2025-11-21 11:53:38',33),(592,'文章管理',1,'com.ruoyi.system.controller.BlogArticleController.add()','POST',1,'admin','研发部门','/system/article','127.0.0.1','内网IP','{\"title\":\"性能测试文章_1763697218_1904\",\"summary\":\"这是一篇用于性能测试的文章\",\"content\":\"# 性能测试文章\\n\\n创建时间: 2025-11-21 11:53:38\\n\\n测试内容...\",\"categoryId\":1,\"status\":1,\"isTop\":0,\"isRecommend\":1,\"tagIds\":[9]}','{\"msg\":\"文章创建成功\",\"code\":200}',0,NULL,'2025-11-21 11:53:38',39),(593,'文章管理',1,'com.ruoyi.system.controller.BlogArticleController.add()','POST',1,'admin','研发部门','/system/article','127.0.0.1','内网IP','{\"title\":\"性能测试文章_1763697218_7683\",\"summary\":\"这是一篇用于性能测试的文章\",\"content\":\"# 性能测试文章\\n\\n创建时间: 2025-11-21 11:53:38\\n\\n测试内容...\",\"categoryId\":1,\"status\":1,\"isTop\":0,\"isRecommend\":0,\"tagIds\":[6]}','{\"msg\":\"文章创建成功\",\"code\":200}',0,NULL,'2025-11-21 11:53:38',34),(594,'文章管理',1,'com.ruoyi.system.controller.BlogArticleController.add()','POST',1,'admin','研发部门','/system/article','127.0.0.1','内网IP','{\"title\":\"性能测试文章_1763697218_6552\",\"summary\":\"这是一篇用于性能测试的文章\",\"content\":\"# 性能测试文章\\n\\n创建时间: 2025-11-21 11:53:38\\n\\n测试内容...\",\"categoryId\":5,\"status\":1,\"isTop\":0,\"isRecommend\":1,\"tagIds\":[6]}','{\"msg\":\"文章创建成功\",\"code\":200}',0,NULL,'2025-11-21 11:53:38',36),(595,'文章管理',1,'com.ruoyi.system.controller.BlogArticleController.add()','POST',1,'admin','研发部门','/system/article','127.0.0.1','内网IP','{\"title\":\"性能测试文章_1763697218_8653\",\"summary\":\"这是一篇用于性能测试的文章\",\"content\":\"# 性能测试文章\\n\\n创建时间: 2025-11-21 11:53:38\\n\\n测试内容...\",\"categoryId\":3,\"status\":1,\"isTop\":0,\"isRecommend\":0,\"tagIds\":[9]}','{\"msg\":\"文章创建成功\",\"code\":200}',0,NULL,'2025-11-21 11:53:38',34),(596,'文章管理',1,'com.ruoyi.system.controller.BlogArticleController.add()','POST',1,'admin','研发部门','/system/article','127.0.0.1','内网IP','{\"title\":\"性能测试文章_1763697218_9926\",\"summary\":\"这是一篇用于性能测试的文章\",\"content\":\"# 性能测试文章\\n\\n创建时间: 2025-11-21 11:53:38\\n\\n测试内容...\",\"categoryId\":2,\"status\":1,\"isTop\":0,\"isRecommend\":1,\"tagIds\":[6]}','{\"msg\":\"文章创建成功\",\"code\":200}',0,NULL,'2025-11-21 11:53:38',43),(597,'文章管理',1,'com.ruoyi.system.controller.BlogArticleController.add()','POST',1,'admin','研发部门','/system/article','127.0.0.1','内网IP','{\"title\":\"性能测试文章_1763697218_5602\",\"summary\":\"这是一篇用于性能测试的文章\",\"content\":\"# 性能测试文章\\n\\n创建时间: 2025-11-21 11:53:38\\n\\n测试内容...\",\"categoryId\":2,\"status\":1,\"isTop\":0,\"isRecommend\":1,\"tagIds\":[6]}','{\"msg\":\"文章创建成功\",\"code\":200}',0,NULL,'2025-11-21 11:53:38',37),(598,'文章管理',1,'com.ruoyi.system.controller.BlogArticleController.add()','POST',1,'admin','研发部门','/system/article','127.0.0.1','内网IP','{\"title\":\"性能测试文章_1763697218_5323\",\"summary\":\"这是一篇用于性能测试的文章\",\"content\":\"# 性能测试文章\\n\\n创建时间: 2025-11-21 11:53:38\\n\\n测试内容...\",\"categoryId\":2,\"status\":1,\"isTop\":0,\"isRecommend\":1,\"tagIds\":[10]}','{\"msg\":\"文章创建成功\",\"code\":200}',0,NULL,'2025-11-21 11:53:39',44),(599,'文章管理',1,'com.ruoyi.system.controller.BlogArticleController.add()','POST',1,'admin','研发部门','/system/article','127.0.0.1','内网IP','{\"title\":\"性能测试文章_1763697218_9930\",\"summary\":\"这是一篇用于性能测试的文章\",\"content\":\"# 性能测试文章\\n\\n创建时间: 2025-11-21 11:53:38\\n\\n测试内容...\",\"categoryId\":2,\"status\":1,\"isTop\":0,\"isRecommend\":1,\"tagIds\":[7]}','{\"msg\":\"文章创建成功\",\"code\":200}',0,NULL,'2025-11-21 11:53:39',31),(600,'文章管理',1,'com.ruoyi.system.controller.BlogArticleController.add()','POST',1,'admin','研发部门','/system/article','127.0.0.1','内网IP','{\"title\":\"性能测试文章_1763697218_5299\",\"summary\":\"这是一篇用于性能测试的文章\",\"content\":\"# 性能测试文章\\n\\n创建时间: 2025-11-21 11:53:38\\n\\n测试内容...\",\"categoryId\":4,\"status\":1,\"isTop\":0,\"isRecommend\":0,\"tagIds\":[6]}','{\"msg\":\"文章创建成功\",\"code\":200}',0,NULL,'2025-11-21 11:53:39',34),(601,'文章管理',1,'com.ruoyi.system.controller.BlogArticleController.add()','POST',1,'admin','研发部门','/system/article','127.0.0.1','内网IP','{\"title\":\"性能测试文章_1763697218_4655\",\"summary\":\"这是一篇用于性能测试的文章\",\"content\":\"# 性能测试文章\\n\\n创建时间: 2025-11-21 11:53:38\\n\\n测试内容...\",\"categoryId\":1,\"status\":1,\"isTop\":0,\"isRecommend\":1,\"tagIds\":[7]}','{\"msg\":\"文章创建成功\",\"code\":200}',0,NULL,'2025-11-21 11:53:39',32),(602,'文章管理',1,'com.ruoyi.system.controller.BlogArticleController.add()','POST',1,'admin','研发部门','/system/article','127.0.0.1','内网IP','{\"title\":\"性能测试文章_1763697218_7292\",\"summary\":\"这是一篇用于性能测试的文章\",\"content\":\"# 性能测试文章\\n\\n创建时间: 2025-11-21 11:53:38\\n\\n测试内容...\",\"categoryId\":5,\"status\":1,\"isTop\":0,\"isRecommend\":0,\"tagIds\":[7]}','{\"msg\":\"文章创建成功\",\"code\":200}',0,NULL,'2025-11-21 11:53:39',25),(603,'文章管理',1,'com.ruoyi.system.controller.BlogArticleController.add()','POST',1,'admin','研发部门','/system/article','127.0.0.1','内网IP','{\"title\":\"性能测试文章_1763697218_8433\",\"summary\":\"这是一篇用于性能测试的文章\",\"content\":\"# 性能测试文章\\n\\n创建时间: 2025-11-21 11:53:38\\n\\n测试内容...\",\"categoryId\":4,\"status\":1,\"isTop\":0,\"isRecommend\":1,\"tagIds\":[2]}','{\"msg\":\"文章创建成功\",\"code\":200}',0,NULL,'2025-11-21 11:53:39',24),(604,'文章管理',1,'com.ruoyi.system.controller.BlogArticleController.add()','POST',1,'admin','研发部门','/system/article','127.0.0.1','内网IP','{\"title\":\"性能测试文章_1763697218_3292\",\"summary\":\"这是一篇用于性能测试的文章\",\"content\":\"# 性能测试文章\\n\\n创建时间: 2025-11-21 11:53:38\\n\\n测试内容...\",\"categoryId\":4,\"status\":1,\"isTop\":0,\"isRecommend\":0,\"tagIds\":[6]}','{\"msg\":\"文章创建成功\",\"code\":200}',0,NULL,'2025-11-21 11:53:39',21),(605,'文章管理',1,'com.ruoyi.system.controller.BlogArticleController.add()','POST',1,'admin','研发部门','/system/article','127.0.0.1','内网IP','{\"title\":\"性能测试文章_1763697218_8726\",\"summary\":\"这是一篇用于性能测试的文章\",\"content\":\"# 性能测试文章\\n\\n创建时间: 2025-11-21 11:53:38\\n\\n测试内容...\",\"categoryId\":3,\"status\":1,\"isTop\":0,\"isRecommend\":1,\"tagIds\":[6]}','{\"msg\":\"文章创建成功\",\"code\":200}',0,NULL,'2025-11-21 11:53:39',30),(606,'文章管理',1,'com.ruoyi.system.controller.BlogArticleController.add()','POST',1,'admin','研发部门','/system/article','127.0.0.1','内网IP','{\"title\":\"性能测试文章_1763697219_4807\",\"summary\":\"这是一篇用于性能测试的文章\",\"content\":\"# 性能测试文章\\n\\n创建时间: 2025-11-21 11:53:38\\n\\n测试内容...\",\"categoryId\":1,\"status\":1,\"isTop\":0,\"isRecommend\":1,\"tagIds\":[9]}','{\"msg\":\"文章创建成功\",\"code\":200}',0,NULL,'2025-11-21 11:53:39',31),(607,'文章管理',1,'com.ruoyi.system.controller.BlogArticleController.add()','POST',1,'admin','研发部门','/system/article','127.0.0.1','内网IP','{\"title\":\"性能测试文章_1763697219_3577\",\"summary\":\"这是一篇用于性能测试的文章\",\"content\":\"# 性能测试文章\\n\\n创建时间: 2025-11-21 11:53:38\\n\\n测试内容...\",\"categoryId\":4,\"status\":1,\"isTop\":0,\"isRecommend\":1,\"tagIds\":[5]}','{\"msg\":\"文章创建成功\",\"code\":200}',0,NULL,'2025-11-21 11:53:39',31),(608,'文章管理',1,'com.ruoyi.system.controller.BlogArticleController.add()','POST',1,'admin','研发部门','/system/article','127.0.0.1','内网IP','{\"title\":\"性能测试文章_1763697219_9795\",\"summary\":\"这是一篇用于性能测试的文章\",\"content\":\"# 性能测试文章\\n\\n创建时间: 2025-11-21 11:53:39\\n\\n测试内容...\",\"categoryId\":2,\"status\":1,\"isTop\":0,\"isRecommend\":1,\"tagIds\":[9]}','{\"msg\":\"文章创建成功\",\"code\":200}',0,NULL,'2025-11-21 11:53:39',24),(609,'文章管理',1,'com.ruoyi.system.controller.BlogArticleController.add()','POST',1,'admin','研发部门','/system/article','127.0.0.1','内网IP','{\"title\":\"性能测试文章_1763697219_7630\",\"summary\":\"这是一篇用于性能测试的文章\",\"content\":\"# 性能测试文章\\n\\n创建时间: 2025-11-21 11:53:39\\n\\n测试内容...\",\"categoryId\":5,\"status\":1,\"isTop\":0,\"isRecommend\":0,\"tagIds\":[7]}','{\"msg\":\"文章创建成功\",\"code\":200}',0,NULL,'2025-11-21 11:53:39',29),(610,'文章管理',1,'com.ruoyi.system.controller.BlogArticleController.add()','POST',1,'admin','研发部门','/system/article','127.0.0.1','内网IP','{\"title\":\"性能测试文章_1763697218_3324\",\"summary\":\"这是一篇用于性能测试的文章\",\"content\":\"# 性能测试文章\\n\\n创建时间: 2025-11-21 11:53:38\\n\\n测试内容...\",\"categoryId\":1,\"status\":1,\"isTop\":0,\"isRecommend\":0,\"tagIds\":[8]}','{\"msg\":\"文章创建成功\",\"code\":200}',0,NULL,'2025-11-21 11:53:39',20),(611,'文章管理',1,'com.ruoyi.system.controller.BlogArticleController.add()','POST',1,'admin','研发部门','/system/article','127.0.0.1','内网IP','{\"title\":\"性能测试文章_1763697219_7677\",\"summary\":\"这是一篇用于性能测试的文章\",\"content\":\"# 性能测试文章\\n\\n创建时间: 2025-11-21 11:53:39\\n\\n测试内容...\",\"categoryId\":2,\"status\":1,\"isTop\":0,\"isRecommend\":1,\"tagIds\":[7]}','{\"msg\":\"文章创建成功\",\"code\":200}',0,NULL,'2025-11-21 11:53:39',26),(612,'文章管理',1,'com.ruoyi.system.controller.BlogArticleController.add()','POST',1,'admin','研发部门','/system/article','127.0.0.1','内网IP','{\"title\":\"性能测试文章_1763697219_8108\",\"summary\":\"这是一篇用于性能测试的文章\",\"content\":\"# 性能测试文章\\n\\n创建时间: 2025-11-21 11:53:39\\n\\n测试内容...\",\"categoryId\":3,\"status\":1,\"isTop\":0,\"isRecommend\":1,\"tagIds\":[9]}','{\"msg\":\"文章创建成功\",\"code\":200}',0,NULL,'2025-11-21 11:53:39',26),(613,'文章管理',1,'com.ruoyi.system.controller.BlogArticleController.add()','POST',1,'admin','研发部门','/system/article','127.0.0.1','内网IP','{\"title\":\"性能测试文章_1763697219_2972\",\"summary\":\"这是一篇用于性能测试的文章\",\"content\":\"# 性能测试文章\\n\\n创建时间: 2025-11-21 11:53:39\\n\\n测试内容...\",\"categoryId\":1,\"status\":1,\"isTop\":0,\"isRecommend\":0,\"tagIds\":[5]}','{\"msg\":\"文章创建成功\",\"code\":200}',0,NULL,'2025-11-21 11:53:39',26),(614,'文章管理',1,'com.ruoyi.system.controller.BlogArticleController.add()','POST',1,'admin','研发部门','/system/article','127.0.0.1','内网IP','{\"title\":\"性能测试文章_1763697218_4551\",\"summary\":\"这是一篇用于性能测试的文章\",\"content\":\"# 性能测试文章\\n\\n创建时间: 2025-11-21 11:53:38\\n\\n测试内容...\",\"categoryId\":3,\"status\":1,\"isTop\":0,\"isRecommend\":0,\"tagIds\":[3]}','{\"msg\":\"文章创建成功\",\"code\":200}',0,NULL,'2025-11-21 11:53:39',100),(615,'文章管理',1,'com.ruoyi.system.controller.BlogArticleController.add()','POST',1,'admin','研发部门','/system/article','127.0.0.1','内网IP','{\"title\":\"性能测试文章_1763697219_4076\",\"summary\":\"这是一篇用于性能测试的文章\",\"content\":\"# 性能测试文章\\n\\n创建时间: 2025-11-21 11:53:39\\n\\n测试内容...\",\"categoryId\":2,\"status\":1,\"isTop\":0,\"isRecommend\":0,\"tagIds\":[2]}','{\"msg\":\"文章创建成功\",\"code\":200}',0,NULL,'2025-11-21 11:53:39',29),(616,'文章管理',1,'com.ruoyi.system.controller.BlogArticleController.add()','POST',1,'admin','研发部门','/system/article','127.0.0.1','内网IP','{\"title\":\"性能测试文章_1763697219_5117\",\"summary\":\"这是一篇用于性能测试的文章\",\"content\":\"# 性能测试文章\\n\\n创建时间: 2025-11-21 11:53:39\\n\\n测试内容...\",\"categoryId\":2,\"status\":1,\"isTop\":0,\"isRecommend\":1,\"tagIds\":[2]}','{\"msg\":\"文章创建成功\",\"code\":200}',0,NULL,'2025-11-21 11:53:39',48),(617,'文章管理',1,'com.ruoyi.system.controller.BlogArticleController.add()','POST',1,'admin','研发部门','/system/article','127.0.0.1','内网IP','{\"title\":\"性能测试文章_1763697219_6750\",\"summary\":\"这是一篇用于性能测试的文章\",\"content\":\"# 性能测试文章\\n\\n创建时间: 2025-11-21 11:53:39\\n\\n测试内容...\",\"categoryId\":4,\"status\":1,\"isTop\":0,\"isRecommend\":1,\"tagIds\":[10]}','{\"msg\":\"文章创建成功\",\"code\":200}',0,NULL,'2025-11-21 11:53:39',29),(618,'文章管理',1,'com.ruoyi.system.controller.BlogArticleController.add()','POST',1,'admin','研发部门','/system/article','127.0.0.1','内网IP','{\"title\":\"性能测试文章_1763697219_6006\",\"summary\":\"这是一篇用于性能测试的文章\",\"content\":\"# 性能测试文章\\n\\n创建时间: 2025-11-21 11:53:39\\n\\n测试内容...\",\"categoryId\":2,\"status\":1,\"isTop\":0,\"isRecommend\":1,\"tagIds\":[2]}','{\"msg\":\"文章创建成功\",\"code\":200}',0,NULL,'2025-11-21 11:53:39',28),(619,'文章管理',1,'com.ruoyi.system.controller.BlogArticleController.add()','POST',1,'admin','研发部门','/system/article','127.0.0.1','内网IP','{\"title\":\"性能测试文章_1763697219_4103\",\"summary\":\"这是一篇用于性能测试的文章\",\"content\":\"# 性能测试文章\\n\\n创建时间: 2025-11-21 11:53:39\\n\\n测试内容...\",\"categoryId\":3,\"status\":1,\"isTop\":0,\"isRecommend\":0,\"tagIds\":[1]}','{\"msg\":\"文章创建成功\",\"code\":200}',0,NULL,'2025-11-21 11:53:39',27),(620,'文章管理',1,'com.ruoyi.system.controller.BlogArticleController.add()','POST',1,'admin','研发部门','/system/article','127.0.0.1','内网IP','{\"title\":\"性能测试文章_1763697218_3620\",\"summary\":\"这是一篇用于性能测试的文章\",\"content\":\"# 性能测试文章\\n\\n创建时间: 2025-11-21 11:53:38\\n\\n测试内容...\",\"categoryId\":3,\"status\":1,\"isTop\":0,\"isRecommend\":1,\"tagIds\":[6]}','{\"msg\":\"文章创建成功\",\"code\":200}',0,NULL,'2025-11-21 11:53:39',101),(621,'文章管理',1,'com.ruoyi.system.controller.BlogArticleController.add()','POST',1,'admin','研发部门','/system/article','127.0.0.1','内网IP','{\"title\":\"性能测试文章_1763697219_2918\",\"summary\":\"这是一篇用于性能测试的文章\",\"content\":\"# 性能测试文章\\n\\n创建时间: 2025-11-21 11:53:39\\n\\n测试内容...\",\"categoryId\":4,\"status\":1,\"isTop\":0,\"isRecommend\":1,\"tagIds\":[3]}','{\"msg\":\"文章创建成功\",\"code\":200}',0,NULL,'2025-11-21 11:53:39',32),(622,'文章管理',1,'com.ruoyi.system.controller.BlogArticleController.add()','POST',1,'admin','研发部门','/system/article','127.0.0.1','内网IP','{\"title\":\"性能测试文章_1763697219_4961\",\"summary\":\"这是一篇用于性能测试的文章\",\"content\":\"# 性能测试文章\\n\\n创建时间: 2025-11-21 11:53:39\\n\\n测试内容...\",\"categoryId\":3,\"status\":1,\"isTop\":0,\"isRecommend\":1,\"tagIds\":[10]}','{\"msg\":\"文章创建成功\",\"code\":200}',0,NULL,'2025-11-21 11:53:39',31),(623,'文章管理',1,'com.ruoyi.system.controller.BlogArticleController.add()','POST',1,'admin','研发部门','/system/article','127.0.0.1','内网IP','{\"title\":\"性能测试文章_1763697219_2871\",\"summary\":\"这是一篇用于性能测试的文章\",\"content\":\"# 性能测试文章\\n\\n创建时间: 2025-11-21 11:53:39\\n\\n测试内容...\",\"categoryId\":2,\"status\":1,\"isTop\":0,\"isRecommend\":1,\"tagIds\":[4]}','{\"msg\":\"文章创建成功\",\"code\":200}',0,NULL,'2025-11-21 11:53:39',32),(624,'文章管理',1,'com.ruoyi.system.controller.BlogArticleController.add()','POST',1,'admin','研发部门','/system/article','127.0.0.1','内网IP','{\"title\":\"性能测试文章_1763697219_9722\",\"summary\":\"这是一篇用于性能测试的文章\",\"content\":\"# 性能测试文章\\n\\n创建时间: 2025-11-21 11:53:39\\n\\n测试内容...\",\"categoryId\":3,\"status\":1,\"isTop\":0,\"isRecommend\":1,\"tagIds\":[8]}','{\"msg\":\"文章创建成功\",\"code\":200}',0,NULL,'2025-11-21 11:53:39',31),(625,'文章管理',1,'com.ruoyi.system.controller.BlogArticleController.add()','POST',1,'admin','研发部门','/system/article','127.0.0.1','内网IP','{\"title\":\"性能测试文章_1763697219_9294\",\"summary\":\"这是一篇用于性能测试的文章\",\"content\":\"# 性能测试文章\\n\\n创建时间: 2025-11-21 11:53:39\\n\\n测试内容...\",\"categoryId\":2,\"status\":1,\"isTop\":0,\"isRecommend\":1,\"tagIds\":[6]}','{\"msg\":\"文章创建成功\",\"code\":200}',0,NULL,'2025-11-21 11:53:39',24),(626,'文章管理',1,'com.ruoyi.system.controller.BlogArticleController.add()','POST',1,'admin','研发部门','/system/article','127.0.0.1','内网IP','{\"title\":\"性能测试文章_1763697219_3674\",\"summary\":\"这是一篇用于性能测试的文章\",\"content\":\"# 性能测试文章\\n\\n创建时间: 2025-11-21 11:53:39\\n\\n测试内容...\",\"categoryId\":1,\"status\":1,\"isTop\":0,\"isRecommend\":0,\"tagIds\":[9]}','{\"msg\":\"文章创建成功\",\"code\":200}',0,NULL,'2025-11-21 11:53:39',26),(627,'文章管理',1,'com.ruoyi.system.controller.BlogArticleController.add()','POST',1,'admin','研发部门','/system/article','127.0.0.1','内网IP','{\"title\":\"性能测试文章_1763697219_6663\",\"summary\":\"这是一篇用于性能测试的文章\",\"content\":\"# 性能测试文章\\n\\n创建时间: 2025-11-21 11:53:39\\n\\n测试内容...\",\"categoryId\":4,\"status\":1,\"isTop\":0,\"isRecommend\":0,\"tagIds\":[4]}','{\"msg\":\"文章创建成功\",\"code\":200}',0,NULL,'2025-11-21 11:53:39',26),(628,'文章管理',1,'com.ruoyi.system.controller.BlogArticleController.add()','POST',1,'admin','研发部门','/system/article','127.0.0.1','内网IP','{\"title\":\"性能测试文章_1763697219_7907\",\"summary\":\"这是一篇用于性能测试的文章\",\"content\":\"# 性能测试文章\\n\\n创建时间: 2025-11-21 11:53:39\\n\\n测试内容...\",\"categoryId\":4,\"status\":1,\"isTop\":0,\"isRecommend\":0,\"tagIds\":[5]}','{\"msg\":\"文章创建成功\",\"code\":200}',0,NULL,'2025-11-21 11:53:39',26);
/*!40000 ALTER TABLE `sys_oper_log` ENABLE KEYS */;
UNLOCK TABLES;

--
-- Table structure for table `sys_post`
--

DROP TABLE IF EXISTS `sys_post`;
/*!40101 SET @saved_cs_client     = @@character_set_client */;
/*!50503 SET character_set_client = utf8mb4 */;
CREATE TABLE `sys_post` (
  `post_id` bigint NOT NULL AUTO_INCREMENT COMMENT '岗位ID',
  `post_code` varchar(64) CHARACTER SET utf8mb4 COLLATE utf8mb4_unicode_ci NOT NULL COMMENT '岗位编码',
  `post_name` varchar(50) CHARACTER SET utf8mb4 COLLATE utf8mb4_unicode_ci NOT NULL COMMENT '岗位名称',
  `post_sort` int NOT NULL COMMENT '显示顺序',
  `status` char(1) CHARACTER SET utf8mb4 COLLATE utf8mb4_unicode_ci NOT NULL COMMENT '状态（0正常 1停用）',
  `create_by` varchar(64) CHARACTER SET utf8mb4 COLLATE utf8mb4_unicode_ci DEFAULT '' COMMENT '创建者',
  `create_time` datetime DEFAULT NULL COMMENT '创建时间',
  `update_by` varchar(64) CHARACTER SET utf8mb4 COLLATE utf8mb4_unicode_ci DEFAULT '' COMMENT '更新者',
  `update_time` datetime DEFAULT NULL COMMENT '更新时间',
  `remark` varchar(500) CHARACTER SET utf8mb4 COLLATE utf8mb4_unicode_ci DEFAULT NULL COMMENT '备注',
  PRIMARY KEY (`post_id`)
) ENGINE=InnoDB AUTO_INCREMENT=5 DEFAULT CHARSET=utf8mb4 COLLATE=utf8mb4_unicode_ci COMMENT='岗位信息表';
/*!40101 SET character_set_client = @saved_cs_client */;

--
-- Dumping data for table `sys_post`
--

LOCK TABLES `sys_post` WRITE;
/*!40000 ALTER TABLE `sys_post` DISABLE KEYS */;
INSERT INTO `sys_post` VALUES (1,'ceo','董事长',1,'0','admin','2025-11-10 15:53:16','',NULL,''),(2,'se','项目经理',2,'0','admin','2025-11-10 15:53:16','',NULL,''),(3,'hr','人力资源',3,'0','admin','2025-11-10 15:53:16','',NULL,''),(4,'user','普通员工',4,'0','admin','2025-11-10 15:53:16','',NULL,'');
/*!40000 ALTER TABLE `sys_post` ENABLE KEYS */;
UNLOCK TABLES;

--
-- Table structure for table `sys_role`
--

DROP TABLE IF EXISTS `sys_role`;
/*!40101 SET @saved_cs_client     = @@character_set_client */;
/*!50503 SET character_set_client = utf8mb4 */;
CREATE TABLE `sys_role` (
  `role_id` bigint NOT NULL AUTO_INCREMENT COMMENT '角色ID',
  `role_name` varchar(30) CHARACTER SET utf8mb4 COLLATE utf8mb4_unicode_ci NOT NULL COMMENT '角色名称',
  `role_key` varchar(100) CHARACTER SET utf8mb4 COLLATE utf8mb4_unicode_ci NOT NULL COMMENT '角色权限字符串',
  `role_sort` int NOT NULL COMMENT '显示顺序',
  `data_scope` char(1) CHARACTER SET utf8mb4 COLLATE utf8mb4_unicode_ci DEFAULT '1' COMMENT '数据范围（1：全部数据权限 2：自定数据权限 3：本部门数据权限 4：本部门及以下数据权限）',
  `menu_check_strictly` tinyint(1) DEFAULT '1' COMMENT '菜单树选择项是否关联显示',
  `dept_check_strictly` tinyint(1) DEFAULT '1' COMMENT '部门树选择项是否关联显示',
  `status` char(1) CHARACTER SET utf8mb4 COLLATE utf8mb4_unicode_ci NOT NULL COMMENT '角色状态（0正常 1停用）',
  `del_flag` char(1) CHARACTER SET utf8mb4 COLLATE utf8mb4_unicode_ci DEFAULT '0' COMMENT '删除标志（0代表存在 2代表删除）',
  `create_by` varchar(64) CHARACTER SET utf8mb4 COLLATE utf8mb4_unicode_ci DEFAULT '' COMMENT '创建者',
  `create_time` datetime DEFAULT NULL COMMENT '创建时间',
  `update_by` varchar(64) CHARACTER SET utf8mb4 COLLATE utf8mb4_unicode_ci DEFAULT '' COMMENT '更新者',
  `update_time` datetime DEFAULT NULL COMMENT '更新时间',
  `remark` varchar(500) CHARACTER SET utf8mb4 COLLATE utf8mb4_unicode_ci DEFAULT NULL COMMENT '备注',
  PRIMARY KEY (`role_id`)
) ENGINE=InnoDB AUTO_INCREMENT=100 DEFAULT CHARSET=utf8mb4 COLLATE=utf8mb4_unicode_ci COMMENT='角色信息表';
/*!40101 SET character_set_client = @saved_cs_client */;

--
-- Dumping data for table `sys_role`
--

LOCK TABLES `sys_role` WRITE;
/*!40000 ALTER TABLE `sys_role` DISABLE KEYS */;
INSERT INTO `sys_role` VALUES (1,'超级管理员','admin',1,'1',1,1,'0','0','admin','2025-11-10 15:53:16','',NULL,'超级管理员'),(2,'普通角色','common',2,'2',1,1,'0','0','admin','2025-11-10 15:53:16','',NULL,'普通角色');
/*!40000 ALTER TABLE `sys_role` ENABLE KEYS */;
UNLOCK TABLES;

--
-- Table structure for table `sys_role_dept`
--

DROP TABLE IF EXISTS `sys_role_dept`;
/*!40101 SET @saved_cs_client     = @@character_set_client */;
/*!50503 SET character_set_client = utf8mb4 */;
CREATE TABLE `sys_role_dept` (
  `role_id` bigint NOT NULL COMMENT '角色ID',
  `dept_id` bigint NOT NULL COMMENT '部门ID',
  PRIMARY KEY (`role_id`,`dept_id`)
) ENGINE=InnoDB DEFAULT CHARSET=utf8mb4 COLLATE=utf8mb4_0900_ai_ci COMMENT='角色和部门关联表';
/*!40101 SET character_set_client = @saved_cs_client */;

--
-- Dumping data for table `sys_role_dept`
--

LOCK TABLES `sys_role_dept` WRITE;
/*!40000 ALTER TABLE `sys_role_dept` DISABLE KEYS */;
INSERT INTO `sys_role_dept` VALUES (2,100),(2,101),(2,105);
/*!40000 ALTER TABLE `sys_role_dept` ENABLE KEYS */;
UNLOCK TABLES;

--
-- Table structure for table `sys_role_menu`
--

DROP TABLE IF EXISTS `sys_role_menu`;
/*!40101 SET @saved_cs_client     = @@character_set_client */;
/*!50503 SET character_set_client = utf8mb4 */;
CREATE TABLE `sys_role_menu` (
  `role_id` bigint NOT NULL COMMENT '角色ID',
  `menu_id` bigint NOT NULL COMMENT '菜单ID',
  PRIMARY KEY (`role_id`,`menu_id`)
) ENGINE=InnoDB DEFAULT CHARSET=utf8mb4 COLLATE=utf8mb4_unicode_ci COMMENT='角色和菜单关联表';
/*!40101 SET character_set_client = @saved_cs_client */;

--
-- Dumping data for table `sys_role_menu`
--

LOCK TABLES `sys_role_menu` WRITE;
/*!40000 ALTER TABLE `sys_role_menu` DISABLE KEYS */;
INSERT INTO `sys_role_menu` VALUES (1,1),(1,2),(1,3),(1,100),(1,101),(1,102),(1,103),(1,104),(1,105),(1,106),(1,107),(1,109),(1,110),(1,111),(1,112),(1,113),(1,116),(1,117),(1,500),(1,501),(1,1000),(1,1001),(1,1002),(1,1003),(1,1004),(1,1005),(1,1006),(1,1007),(1,1008),(1,1009),(1,2000),(1,2101),(1,2102),(1,2103),(1,2104),(1,2105),(1,2106),(1,3000),(1,3001),(1,3002),(1,3003),(1,3004),(1,3005),(1,4000),(1,4001),(1,4002),(1,4003),(1,4004),(1,4005),(1,10011),(1,10012),(1,10013),(1,10014),(1,10015),(1,10016),(1,10017),(1,10021),(1,10022),(1,10023),(1,10024),(1,10025),(1,10031),(1,10032),(1,10033),(1,10034),(1,10041),(1,10042),(1,10043),(1,10044),(1,10051),(1,10052),(1,10053),(1,10054),(1,10055),(1,10061),(1,10062),(1,10063),(1,10064),(1,10065),(1,10071),(1,10072),(1,10073),(1,10074),(1,10075),(1,10081),(1,10082),(1,10083),(1,10084),(1,10093),(1,10094),(1,10095),(1,10096),(1,10097),(1,10098),(1,10099),(1,21010),(1,21011),(1,21012),(1,21013),(1,21020),(1,21021),(1,21022),(1,21023),(1,30011),(1,30012),(1,30013),(1,30021),(1,30022),(1,30023),(1,30031),(1,30032),(1,30033),(1,40011),(1,40012),(1,40021),(1,40022),(1,40023),(1,40024),(1,40025),(1,40026);
/*!40000 ALTER TABLE `sys_role_menu` ENABLE KEYS */;
UNLOCK TABLES;

--
-- Table structure for table `sys_user`
--

DROP TABLE IF EXISTS `sys_user`;
/*!40101 SET @saved_cs_client     = @@character_set_client */;
/*!50503 SET character_set_client = utf8mb4 */;
CREATE TABLE `sys_user` (
  `user_id` bigint NOT NULL AUTO_INCREMENT COMMENT '用户ID',
  `dept_id` bigint DEFAULT NULL COMMENT '部门ID',
  `user_name` varchar(30) CHARACTER SET utf8mb4 COLLATE utf8mb4_unicode_ci NOT NULL COMMENT '用户账号',
  `nick_name` varchar(30) CHARACTER SET utf8mb4 COLLATE utf8mb4_unicode_ci NOT NULL COMMENT '用户昵称',
  `user_type` varchar(2) CHARACTER SET utf8mb4 COLLATE utf8mb4_unicode_ci DEFAULT '00' COMMENT '用户类型（00系统用户）',
  `email` varchar(50) CHARACTER SET utf8mb4 COLLATE utf8mb4_unicode_ci DEFAULT '' COMMENT '用户邮箱',
  `phonenumber` varchar(11) CHARACTER SET utf8mb4 COLLATE utf8mb4_unicode_ci DEFAULT '' COMMENT '手机号码',
  `sex` char(1) CHARACTER SET utf8mb4 COLLATE utf8mb4_unicode_ci DEFAULT '0' COMMENT '用户性别（0男 1女 2未知）',
  `avatar` varchar(100) CHARACTER SET utf8mb4 COLLATE utf8mb4_unicode_ci DEFAULT '' COMMENT '头像地址',
  `password` varchar(100) CHARACTER SET utf8mb4 COLLATE utf8mb4_unicode_ci DEFAULT '' COMMENT '密码',
  `status` char(1) CHARACTER SET utf8mb4 COLLATE utf8mb4_unicode_ci DEFAULT '0' COMMENT '账号状态（0正常 1停用）',
  `del_flag` char(1) CHARACTER SET utf8mb4 COLLATE utf8mb4_unicode_ci DEFAULT '0' COMMENT '删除标志（0代表存在 2代表删除）',
  `login_ip` varchar(128) CHARACTER SET utf8mb4 COLLATE utf8mb4_unicode_ci DEFAULT '' COMMENT '最后登录IP',
  `login_date` datetime DEFAULT NULL COMMENT '最后登录时间',
  `pwd_update_date` datetime DEFAULT NULL COMMENT '密码最后更新时间',
  `create_by` varchar(64) CHARACTER SET utf8mb4 COLLATE utf8mb4_unicode_ci DEFAULT '' COMMENT '创建者',
  `create_time` datetime DEFAULT NULL COMMENT '创建时间',
  `update_by` varchar(64) CHARACTER SET utf8mb4 COLLATE utf8mb4_unicode_ci DEFAULT '' COMMENT '更新者',
  `update_time` datetime DEFAULT NULL COMMENT '更新时间',
  `remark` varchar(500) CHARACTER SET utf8mb4 COLLATE utf8mb4_unicode_ci DEFAULT NULL COMMENT '备注',
  PRIMARY KEY (`user_id`)
) ENGINE=InnoDB AUTO_INCREMENT=100 DEFAULT CHARSET=utf8mb4 COLLATE=utf8mb4_unicode_ci COMMENT='用户信息表';
/*!40101 SET character_set_client = @saved_cs_client */;

--
-- Dumping data for table `sys_user`
--

LOCK TABLES `sys_user` WRITE;
/*!40000 ALTER TABLE `sys_user` DISABLE KEYS */;
INSERT INTO `sys_user` VALUES (1,103,'admin','江屿','00','bdzppc@126.com','15888888888','0','/profile/avatar/2025/11/13/45aa13c8d313415cb88dbefffc690d3b.jpg','$2a$10$7JB720yubVSZvUI0rEqK/.VqGOZTH.ulu33dHOiBE8ByOhJIrdAu2','0','0','127.0.0.1','2025-11-21 14:07:19','2025-11-10 15:53:16','admin','2025-11-10 15:53:16','','2025-11-21 14:07:19','管理员'),(2,105,'ry','若依','00','ry@qq.com','15666666666','1','','$2a$10$7JB720yubVSZvUI0rEqK/.VqGOZTH.ulu33dHOiBE8ByOhJIrdAu2','0','0','127.0.0.1','2025-11-10 15:53:16','2025-11-10 15:53:16','admin','2025-11-10 15:53:16','',NULL,'测试员');
/*!40000 ALTER TABLE `sys_user` ENABLE KEYS */;
UNLOCK TABLES;

--
-- Table structure for table `sys_user_post`
--

DROP TABLE IF EXISTS `sys_user_post`;
/*!40101 SET @saved_cs_client     = @@character_set_client */;
/*!50503 SET character_set_client = utf8mb4 */;
CREATE TABLE `sys_user_post` (
  `user_id` bigint NOT NULL COMMENT '用户ID',
  `post_id` bigint NOT NULL COMMENT '岗位ID',
  PRIMARY KEY (`user_id`,`post_id`)
) ENGINE=InnoDB DEFAULT CHARSET=utf8mb4 COLLATE=utf8mb4_0900_ai_ci COMMENT='用户与岗位关联表';
/*!40101 SET character_set_client = @saved_cs_client */;

--
-- Dumping data for table `sys_user_post`
--

LOCK TABLES `sys_user_post` WRITE;
/*!40000 ALTER TABLE `sys_user_post` DISABLE KEYS */;
INSERT INTO `sys_user_post` VALUES (1,1),(2,2);
/*!40000 ALTER TABLE `sys_user_post` ENABLE KEYS */;
UNLOCK TABLES;

--
-- Table structure for table `sys_user_role`
--

DROP TABLE IF EXISTS `sys_user_role`;
/*!40101 SET @saved_cs_client     = @@character_set_client */;
/*!50503 SET character_set_client = utf8mb4 */;
CREATE TABLE `sys_user_role` (
  `user_id` bigint NOT NULL COMMENT '用户ID',
  `role_id` bigint NOT NULL COMMENT '角色ID',
  PRIMARY KEY (`user_id`,`role_id`)
) ENGINE=InnoDB DEFAULT CHARSET=utf8mb4 COLLATE=utf8mb4_0900_ai_ci COMMENT='用户和角色关联表';
/*!40101 SET character_set_client = @saved_cs_client */;

--
-- Dumping data for table `sys_user_role`
--

LOCK TABLES `sys_user_role` WRITE;
/*!40000 ALTER TABLE `sys_user_role` DISABLE KEYS */;
INSERT INTO `sys_user_role` VALUES (1,1),(2,2);
/*!40000 ALTER TABLE `sys_user_role` ENABLE KEYS */;
UNLOCK TABLES;
/*!40103 SET TIME_ZONE=@OLD_TIME_ZONE */;

/*!40101 SET SQL_MODE=@OLD_SQL_MODE */;
/*!40014 SET FOREIGN_KEY_CHECKS=@OLD_FOREIGN_KEY_CHECKS */;
/*!40014 SET UNIQUE_CHECKS=@OLD_UNIQUE_CHECKS */;
/*!40101 SET CHARACTER_SET_CLIENT=@OLD_CHARACTER_SET_CLIENT */;
/*!40101 SET CHARACTER_SET_RESULTS=@OLD_CHARACTER_SET_RESULTS */;
/*!40101 SET COLLATION_CONNECTION=@OLD_COLLATION_CONNECTION */;
/*!40111 SET SQL_NOTES=@OLD_SQL_NOTES */;

-- Dump completed on 2025-11-21 15:07:29
