-- MySQL dump 10.13  Distrib 8.4.0, for Linux (x86_64)
--
-- Host: localhost    Database: newblog
-- ------------------------------------------------------
-- Server version	8.4.0

/*!40101 SET @OLD_CHARACTER_SET_CLIENT=@@CHARACTER_SET_CLIENT */;
/*!40101 SET @OLD_CHARACTER_SET_RESULTS=@@CHARACTER_SET_RESULTS */;
/*!40101 SET @OLD_COLLATION_CONNECTION=@@COLLATION_CONNECTION */;
/*!50503 SET NAMES utf8mb4 */;
/*!40103 SET @OLD_TIME_ZONE=@@TIME_ZONE */;
/*!40103 SET TIME_ZONE='+00:00' */;
/*!40014 SET @OLD_UNIQUE_CHECKS=@@UNIQUE_CHECKS, UNIQUE_CHECKS=0 */;
/*!40014 SET @OLD_FOREIGN_KEY_CHECKS=@@FOREIGN_KEY_CHECKS, FOREIGN_KEY_CHECKS=0 */;
/*!40101 SET @OLD_SQL_MODE=@@SQL_MODE, SQL_MODE='NO_AUTO_VALUE_ON_ZERO' */;
/*!40111 SET @OLD_SQL_NOTES=@@SQL_NOTES, SQL_NOTES=0 */;

--
-- Table structure for table `QRTZ_BLOB_TRIGGERS`
--

DROP TABLE IF EXISTS `QRTZ_BLOB_TRIGGERS`;
/*!40101 SET @saved_cs_client     = @@character_set_client */;
/*!50503 SET character_set_client = utf8mb4 */;
CREATE TABLE `QRTZ_BLOB_TRIGGERS` (
  `sched_name` varchar(120) NOT NULL COMMENT '调度名称',
  `trigger_name` varchar(200) NOT NULL COMMENT 'qrtz_triggers表trigger_name的外键',
  `trigger_group` varchar(200) NOT NULL COMMENT 'qrtz_triggers表trigger_group的外键',
  `blob_data` blob COMMENT '存放持久化Trigger对象',
  PRIMARY KEY (`sched_name`,`trigger_name`,`trigger_group`),
  CONSTRAINT `qrtz_blob_triggers_ibfk_1` FOREIGN KEY (`sched_name`, `trigger_name`, `trigger_group`) REFERENCES `QRTZ_TRIGGERS` (`sched_name`, `trigger_name`, `trigger_group`)
) ENGINE=InnoDB DEFAULT CHARSET=utf8mb4 COLLATE=utf8mb4_0900_ai_ci COMMENT='Blob类型的触发器表';
/*!40101 SET character_set_client = @saved_cs_client */;

--
-- Dumping data for table `QRTZ_BLOB_TRIGGERS`
--

LOCK TABLES `QRTZ_BLOB_TRIGGERS` WRITE;
/*!40000 ALTER TABLE `QRTZ_BLOB_TRIGGERS` DISABLE KEYS */;
/*!40000 ALTER TABLE `QRTZ_BLOB_TRIGGERS` ENABLE KEYS */;
UNLOCK TABLES;

--
-- Table structure for table `QRTZ_CALENDARS`
--

DROP TABLE IF EXISTS `QRTZ_CALENDARS`;
/*!40101 SET @saved_cs_client     = @@character_set_client */;
/*!50503 SET character_set_client = utf8mb4 */;
CREATE TABLE `QRTZ_CALENDARS` (
  `sched_name` varchar(120) NOT NULL COMMENT '调度名称',
  `calendar_name` varchar(200) NOT NULL COMMENT '日历名称',
  `calendar` blob NOT NULL COMMENT '存放持久化calendar对象',
  PRIMARY KEY (`sched_name`,`calendar_name`)
) ENGINE=InnoDB DEFAULT CHARSET=utf8mb4 COLLATE=utf8mb4_0900_ai_ci COMMENT='日历信息表';
/*!40101 SET character_set_client = @saved_cs_client */;

--
-- Dumping data for table `QRTZ_CALENDARS`
--

LOCK TABLES `QRTZ_CALENDARS` WRITE;
/*!40000 ALTER TABLE `QRTZ_CALENDARS` DISABLE KEYS */;
/*!40000 ALTER TABLE `QRTZ_CALENDARS` ENABLE KEYS */;
UNLOCK TABLES;

--
-- Table structure for table `QRTZ_CRON_TRIGGERS`
--

DROP TABLE IF EXISTS `QRTZ_CRON_TRIGGERS`;
/*!40101 SET @saved_cs_client     = @@character_set_client */;
/*!50503 SET character_set_client = utf8mb4 */;
CREATE TABLE `QRTZ_CRON_TRIGGERS` (
  `sched_name` varchar(120) NOT NULL COMMENT '调度名称',
  `trigger_name` varchar(200) NOT NULL COMMENT 'qrtz_triggers表trigger_name的外键',
  `trigger_group` varchar(200) NOT NULL COMMENT 'qrtz_triggers表trigger_group的外键',
  `cron_expression` varchar(200) NOT NULL COMMENT 'cron表达式',
  `time_zone_id` varchar(80) DEFAULT NULL COMMENT '时区',
  PRIMARY KEY (`sched_name`,`trigger_name`,`trigger_group`),
  CONSTRAINT `qrtz_cron_triggers_ibfk_1` FOREIGN KEY (`sched_name`, `trigger_name`, `trigger_group`) REFERENCES `QRTZ_TRIGGERS` (`sched_name`, `trigger_name`, `trigger_group`)
) ENGINE=InnoDB DEFAULT CHARSET=utf8mb4 COLLATE=utf8mb4_0900_ai_ci COMMENT='Cron类型的触发器表';
/*!40101 SET character_set_client = @saved_cs_client */;

--
-- Dumping data for table `QRTZ_CRON_TRIGGERS`
--

LOCK TABLES `QRTZ_CRON_TRIGGERS` WRITE;
/*!40000 ALTER TABLE `QRTZ_CRON_TRIGGERS` DISABLE KEYS */;
/*!40000 ALTER TABLE `QRTZ_CRON_TRIGGERS` ENABLE KEYS */;
UNLOCK TABLES;

--
-- Table structure for table `QRTZ_FIRED_TRIGGERS`
--

DROP TABLE IF EXISTS `QRTZ_FIRED_TRIGGERS`;
/*!40101 SET @saved_cs_client     = @@character_set_client */;
/*!50503 SET character_set_client = utf8mb4 */;
CREATE TABLE `QRTZ_FIRED_TRIGGERS` (
  `sched_name` varchar(120) NOT NULL COMMENT '调度名称',
  `entry_id` varchar(95) NOT NULL COMMENT '调度器实例id',
  `trigger_name` varchar(200) NOT NULL COMMENT 'qrtz_triggers表trigger_name的外键',
  `trigger_group` varchar(200) NOT NULL COMMENT 'qrtz_triggers表trigger_group的外键',
  `instance_name` varchar(200) NOT NULL COMMENT '调度器实例名',
  `fired_time` bigint NOT NULL COMMENT '触发的时间',
  `sched_time` bigint NOT NULL COMMENT '定时器制定的时间',
  `priority` int NOT NULL COMMENT '优先级',
  `state` varchar(16) NOT NULL COMMENT '状态',
  `job_name` varchar(200) DEFAULT NULL COMMENT '任务名称',
  `job_group` varchar(200) DEFAULT NULL COMMENT '任务组名',
  `is_nonconcurrent` varchar(1) DEFAULT NULL COMMENT '是否并发',
  `requests_recovery` varchar(1) DEFAULT NULL COMMENT '是否接受恢复执行',
  PRIMARY KEY (`sched_name`,`entry_id`)
) ENGINE=InnoDB DEFAULT CHARSET=utf8mb4 COLLATE=utf8mb4_0900_ai_ci COMMENT='已触发的触发器表';
/*!40101 SET character_set_client = @saved_cs_client */;

--
-- Dumping data for table `QRTZ_FIRED_TRIGGERS`
--

LOCK TABLES `QRTZ_FIRED_TRIGGERS` WRITE;
/*!40000 ALTER TABLE `QRTZ_FIRED_TRIGGERS` DISABLE KEYS */;
/*!40000 ALTER TABLE `QRTZ_FIRED_TRIGGERS` ENABLE KEYS */;
UNLOCK TABLES;

--
-- Table structure for table `QRTZ_JOB_DETAILS`
--

DROP TABLE IF EXISTS `QRTZ_JOB_DETAILS`;
/*!40101 SET @saved_cs_client     = @@character_set_client */;
/*!50503 SET character_set_client = utf8mb4 */;
CREATE TABLE `QRTZ_JOB_DETAILS` (
  `sched_name` varchar(120) NOT NULL COMMENT '调度名称',
  `job_name` varchar(200) NOT NULL COMMENT '任务名称',
  `job_group` varchar(200) NOT NULL COMMENT '任务组名',
  `description` varchar(250) DEFAULT NULL COMMENT '相关介绍',
  `job_class_name` varchar(250) NOT NULL COMMENT '执行任务类名称',
  `is_durable` varchar(1) NOT NULL COMMENT '是否持久化',
  `is_nonconcurrent` varchar(1) NOT NULL COMMENT '是否并发',
  `is_update_data` varchar(1) NOT NULL COMMENT '是否更新数据',
  `requests_recovery` varchar(1) NOT NULL COMMENT '是否接受恢复执行',
  `job_data` blob COMMENT '存放持久化job对象',
  PRIMARY KEY (`sched_name`,`job_name`,`job_group`)
) ENGINE=InnoDB DEFAULT CHARSET=utf8mb4 COLLATE=utf8mb4_0900_ai_ci COMMENT='任务详细信息表';
/*!40101 SET character_set_client = @saved_cs_client */;

--
-- Dumping data for table `QRTZ_JOB_DETAILS`
--

LOCK TABLES `QRTZ_JOB_DETAILS` WRITE;
/*!40000 ALTER TABLE `QRTZ_JOB_DETAILS` DISABLE KEYS */;
/*!40000 ALTER TABLE `QRTZ_JOB_DETAILS` ENABLE KEYS */;
UNLOCK TABLES;

--
-- Table structure for table `QRTZ_LOCKS`
--

DROP TABLE IF EXISTS `QRTZ_LOCKS`;
/*!40101 SET @saved_cs_client     = @@character_set_client */;
/*!50503 SET character_set_client = utf8mb4 */;
CREATE TABLE `QRTZ_LOCKS` (
  `sched_name` varchar(120) NOT NULL COMMENT '调度名称',
  `lock_name` varchar(40) NOT NULL COMMENT '悲观锁名称',
  PRIMARY KEY (`sched_name`,`lock_name`)
) ENGINE=InnoDB DEFAULT CHARSET=utf8mb4 COLLATE=utf8mb4_0900_ai_ci COMMENT='存储的悲观锁信息表';
/*!40101 SET character_set_client = @saved_cs_client */;

--
-- Dumping data for table `QRTZ_LOCKS`
--

LOCK TABLES `QRTZ_LOCKS` WRITE;
/*!40000 ALTER TABLE `QRTZ_LOCKS` DISABLE KEYS */;
/*!40000 ALTER TABLE `QRTZ_LOCKS` ENABLE KEYS */;
UNLOCK TABLES;

--
-- Table structure for table `QRTZ_PAUSED_TRIGGER_GRPS`
--

DROP TABLE IF EXISTS `QRTZ_PAUSED_TRIGGER_GRPS`;
/*!40101 SET @saved_cs_client     = @@character_set_client */;
/*!50503 SET character_set_client = utf8mb4 */;
CREATE TABLE `QRTZ_PAUSED_TRIGGER_GRPS` (
  `sched_name` varchar(120) NOT NULL COMMENT '调度名称',
  `trigger_group` varchar(200) NOT NULL COMMENT 'qrtz_triggers表trigger_group的外键',
  PRIMARY KEY (`sched_name`,`trigger_group`)
) ENGINE=InnoDB DEFAULT CHARSET=utf8mb4 COLLATE=utf8mb4_0900_ai_ci COMMENT='暂停的触发器表';
/*!40101 SET character_set_client = @saved_cs_client */;

--
-- Dumping data for table `QRTZ_PAUSED_TRIGGER_GRPS`
--

LOCK TABLES `QRTZ_PAUSED_TRIGGER_GRPS` WRITE;
/*!40000 ALTER TABLE `QRTZ_PAUSED_TRIGGER_GRPS` DISABLE KEYS */;
/*!40000 ALTER TABLE `QRTZ_PAUSED_TRIGGER_GRPS` ENABLE KEYS */;
UNLOCK TABLES;

--
-- Table structure for table `QRTZ_SCHEDULER_STATE`
--

DROP TABLE IF EXISTS `QRTZ_SCHEDULER_STATE`;
/*!40101 SET @saved_cs_client     = @@character_set_client */;
/*!50503 SET character_set_client = utf8mb4 */;
CREATE TABLE `QRTZ_SCHEDULER_STATE` (
  `sched_name` varchar(120) NOT NULL COMMENT '调度名称',
  `instance_name` varchar(200) NOT NULL COMMENT '实例名称',
  `last_checkin_time` bigint NOT NULL COMMENT '上次检查时间',
  `checkin_interval` bigint NOT NULL COMMENT '检查间隔时间',
  PRIMARY KEY (`sched_name`,`instance_name`)
) ENGINE=InnoDB DEFAULT CHARSET=utf8mb4 COLLATE=utf8mb4_0900_ai_ci COMMENT='调度器状态表';
/*!40101 SET character_set_client = @saved_cs_client */;

--
-- Dumping data for table `QRTZ_SCHEDULER_STATE`
--

LOCK TABLES `QRTZ_SCHEDULER_STATE` WRITE;
/*!40000 ALTER TABLE `QRTZ_SCHEDULER_STATE` DISABLE KEYS */;
/*!40000 ALTER TABLE `QRTZ_SCHEDULER_STATE` ENABLE KEYS */;
UNLOCK TABLES;

--
-- Table structure for table `QRTZ_SIMPLE_TRIGGERS`
--

DROP TABLE IF EXISTS `QRTZ_SIMPLE_TRIGGERS`;
/*!40101 SET @saved_cs_client     = @@character_set_client */;
/*!50503 SET character_set_client = utf8mb4 */;
CREATE TABLE `QRTZ_SIMPLE_TRIGGERS` (
  `sched_name` varchar(120) NOT NULL COMMENT '调度名称',
  `trigger_name` varchar(200) NOT NULL COMMENT 'qrtz_triggers表trigger_name的外键',
  `trigger_group` varchar(200) NOT NULL COMMENT 'qrtz_triggers表trigger_group的外键',
  `repeat_count` bigint NOT NULL COMMENT '重复的次数统计',
  `repeat_interval` bigint NOT NULL COMMENT '重复的间隔时间',
  `times_triggered` bigint NOT NULL COMMENT '已经触发的次数',
  PRIMARY KEY (`sched_name`,`trigger_name`,`trigger_group`),
  CONSTRAINT `qrtz_simple_triggers_ibfk_1` FOREIGN KEY (`sched_name`, `trigger_name`, `trigger_group`) REFERENCES `QRTZ_TRIGGERS` (`sched_name`, `trigger_name`, `trigger_group`)
) ENGINE=InnoDB DEFAULT CHARSET=utf8mb4 COLLATE=utf8mb4_0900_ai_ci COMMENT='简单触发器的信息表';
/*!40101 SET character_set_client = @saved_cs_client */;

--
-- Dumping data for table `QRTZ_SIMPLE_TRIGGERS`
--

LOCK TABLES `QRTZ_SIMPLE_TRIGGERS` WRITE;
/*!40000 ALTER TABLE `QRTZ_SIMPLE_TRIGGERS` DISABLE KEYS */;
/*!40000 ALTER TABLE `QRTZ_SIMPLE_TRIGGERS` ENABLE KEYS */;
UNLOCK TABLES;

--
-- Table structure for table `QRTZ_SIMPROP_TRIGGERS`
--

DROP TABLE IF EXISTS `QRTZ_SIMPROP_TRIGGERS`;
/*!40101 SET @saved_cs_client     = @@character_set_client */;
/*!50503 SET character_set_client = utf8mb4 */;
CREATE TABLE `QRTZ_SIMPROP_TRIGGERS` (
  `sched_name` varchar(120) NOT NULL COMMENT '调度名称',
  `trigger_name` varchar(200) NOT NULL COMMENT 'qrtz_triggers表trigger_name的外键',
  `trigger_group` varchar(200) NOT NULL COMMENT 'qrtz_triggers表trigger_group的外键',
  `str_prop_1` varchar(512) DEFAULT NULL COMMENT 'String类型的trigger的第一个参数',
  `str_prop_2` varchar(512) DEFAULT NULL COMMENT 'String类型的trigger的第二个参数',
  `str_prop_3` varchar(512) DEFAULT NULL COMMENT 'String类型的trigger的第三个参数',
  `int_prop_1` int DEFAULT NULL COMMENT 'int类型的trigger的第一个参数',
  `int_prop_2` int DEFAULT NULL COMMENT 'int类型的trigger的第二个参数',
  `long_prop_1` bigint DEFAULT NULL COMMENT 'long类型的trigger的第一个参数',
  `long_prop_2` bigint DEFAULT NULL COMMENT 'long类型的trigger的第二个参数',
  `dec_prop_1` decimal(13,4) DEFAULT NULL COMMENT 'decimal类型的trigger的第一个参数',
  `dec_prop_2` decimal(13,4) DEFAULT NULL COMMENT 'decimal类型的trigger的第二个参数',
  `bool_prop_1` varchar(1) DEFAULT NULL COMMENT 'Boolean类型的trigger的第一个参数',
  `bool_prop_2` varchar(1) DEFAULT NULL COMMENT 'Boolean类型的trigger的第二个参数',
  PRIMARY KEY (`sched_name`,`trigger_name`,`trigger_group`),
  CONSTRAINT `qrtz_simprop_triggers_ibfk_1` FOREIGN KEY (`sched_name`, `trigger_name`, `trigger_group`) REFERENCES `QRTZ_TRIGGERS` (`sched_name`, `trigger_name`, `trigger_group`)
) ENGINE=InnoDB DEFAULT CHARSET=utf8mb4 COLLATE=utf8mb4_0900_ai_ci COMMENT='同步机制的行锁表';
/*!40101 SET character_set_client = @saved_cs_client */;

--
-- Dumping data for table `QRTZ_SIMPROP_TRIGGERS`
--

LOCK TABLES `QRTZ_SIMPROP_TRIGGERS` WRITE;
/*!40000 ALTER TABLE `QRTZ_SIMPROP_TRIGGERS` DISABLE KEYS */;
/*!40000 ALTER TABLE `QRTZ_SIMPROP_TRIGGERS` ENABLE KEYS */;
UNLOCK TABLES;

--
-- Table structure for table `QRTZ_TRIGGERS`
--

DROP TABLE IF EXISTS `QRTZ_TRIGGERS`;
/*!40101 SET @saved_cs_client     = @@character_set_client */;
/*!50503 SET character_set_client = utf8mb4 */;
CREATE TABLE `QRTZ_TRIGGERS` (
  `sched_name` varchar(120) NOT NULL COMMENT '调度名称',
  `trigger_name` varchar(200) NOT NULL COMMENT '触发器的名字',
  `trigger_group` varchar(200) NOT NULL COMMENT '触发器所属组的名字',
  `job_name` varchar(200) NOT NULL COMMENT 'qrtz_job_details表job_name的外键',
  `job_group` varchar(200) NOT NULL COMMENT 'qrtz_job_details表job_group的外键',
  `description` varchar(250) DEFAULT NULL COMMENT '相关介绍',
  `next_fire_time` bigint DEFAULT NULL COMMENT '上一次触发时间（毫秒）',
  `prev_fire_time` bigint DEFAULT NULL COMMENT '下一次触发时间（默认为-1表示不触发）',
  `priority` int DEFAULT NULL COMMENT '优先级',
  `trigger_state` varchar(16) NOT NULL COMMENT '触发器状态',
  `trigger_type` varchar(8) NOT NULL COMMENT '触发器的类型',
  `start_time` bigint NOT NULL COMMENT '开始时间',
  `end_time` bigint DEFAULT NULL COMMENT '结束时间',
  `calendar_name` varchar(200) DEFAULT NULL COMMENT '日程表名称',
  `misfire_instr` smallint DEFAULT NULL COMMENT '补偿执行的策略',
  `job_data` blob COMMENT '存放持久化job对象',
  PRIMARY KEY (`sched_name`,`trigger_name`,`trigger_group`),
  KEY `sched_name` (`sched_name`,`job_name`,`job_group`),
  CONSTRAINT `qrtz_triggers_ibfk_1` FOREIGN KEY (`sched_name`, `job_name`, `job_group`) REFERENCES `QRTZ_JOB_DETAILS` (`sched_name`, `job_name`, `job_group`)
) ENGINE=InnoDB DEFAULT CHARSET=utf8mb4 COLLATE=utf8mb4_0900_ai_ci COMMENT='触发器详细信息表';
/*!40101 SET character_set_client = @saved_cs_client */;

--
-- Dumping data for table `QRTZ_TRIGGERS`
--

LOCK TABLES `QRTZ_TRIGGERS` WRITE;
/*!40000 ALTER TABLE `QRTZ_TRIGGERS` DISABLE KEYS */;
/*!40000 ALTER TABLE `QRTZ_TRIGGERS` ENABLE KEYS */;
UNLOCK TABLES;

--
-- Table structure for table `blog_article`
--

DROP TABLE IF EXISTS `blog_article`;
/*!40101 SET @saved_cs_client     = @@character_set_client */;
/*!50503 SET character_set_client = utf8mb4 */;
CREATE TABLE `blog_article` (
  `id` bigint NOT NULL AUTO_INCREMENT COMMENT '主键ID',
  `title` varchar(255) NOT NULL COMMENT '文章标题',
  `summary` varchar(512) DEFAULT NULL COMMENT '摘要',
  `content` longtext NOT NULL COMMENT '文章内容',
  `cover_url` varchar(512) DEFAULT NULL COMMENT '封面图片',
  `category_id` bigint DEFAULT NULL COMMENT '分类ID',
  `author_id` bigint NOT NULL COMMENT '作者ID（关联sys_user）',
  `is_top` tinyint DEFAULT '0' COMMENT '是否置顶 0否 1是',
  `is_recommend` tinyint DEFAULT '0' COMMENT '是否推荐 0否 1是',
  `status` tinyint DEFAULT '1' COMMENT '状态 0草稿 1发布',
  `view_count` int DEFAULT '0' COMMENT '浏览量',
  `like_count` int DEFAULT '0' COMMENT '点赞数',
  `comment_count` int DEFAULT '0' COMMENT '评论数',
  `create_time` datetime DEFAULT CURRENT_TIMESTAMP COMMENT '创建时间',
  `update_time` datetime DEFAULT CURRENT_TIMESTAMP ON UPDATE CURRENT_TIMESTAMP COMMENT '更新时间',
  `del_flag` tinyint DEFAULT '0' COMMENT '删除标志 0正常 1删除',
  PRIMARY KEY (`id`),
  UNIQUE KEY `uk_title` (`title`)
) ENGINE=InnoDB AUTO_INCREMENT=10 DEFAULT CHARSET=utf8mb4 COLLATE=utf8mb4_0900_ai_ci COMMENT='博客文章表';
/*!40101 SET character_set_client = @saved_cs_client */;

--
-- Dumping data for table `blog_article`
--

LOCK TABLES `blog_article` WRITE;
/*!40000 ALTER TABLE `blog_article` DISABLE KEYS */;
INSERT INTO `blog_article` VALUES (1,'Spring Boot + Vue.js 全栈开发实战','本文介绍如何使用Spring Boot和Vue.js构建现代化的全栈Web应用','# Spring Boot + Vue.js 全栈开发实战\n\n## 项目介绍\n本项目是基于Spring Boot 2.5.15和Vue.js 3.x构建的现代化博客系统。\n\n## 技术栈\n- 后端：Spring Boot + MyBatis + MySQL + Redis\n- 前端：Vue.js + Element Plus + Vite\n\n## 功能特性\n1. 用户管理\n2. 文章管理\n3. 分类标签\n4. 评论系统\n5. 权限控制\n\n## 总结\n通过本项目的实践，可以深入理解前后端分离开发的完整流程。','',1,1,1,1,1,13,0,0,'2025-10-14 11:54:48','2025-10-20 16:48:34',0),(2,'MySQL数据库优化实践','分享MySQL数据库性能优化的实用技巧和经验','# MySQL数据库优化实践\n\n## 索引优化\n合理使用索引可以大幅提升查询性能。\n\n## 查询优化\n避免全表扫描，优化SQL语句结构。\n\n## 配置优化\n调整MySQL配置参数，提升整体性能。','',1,1,0,1,1,17,0,0,'2025-10-14 11:54:48','2025-10-20 17:28:29',0),(3,'Vue.js 3.0 新特性详解','深入了解Vue.js 3.0的Composition API等新特性','# Vue.js 3.0 新特性详解\n\n## Composition API\n新的组合式API提供了更好的逻辑复用能力。\n\n## 性能提升\nVue 3在性能方面有显著提升。\n\n## TypeScript支持\n更好的TypeScript集成。','',1,1,0,0,1,5,0,0,'2025-10-14 11:54:48','2025-10-20 16:48:38',0),(8,'历史首次！首片blackwell晶圆在美国生产制造 仍需运回台积电总部封装','','快科技10月19日消息，当地时间周五，<strong>NVIDIA和台积电在共同宣布达成一项重要里程碑。 双方已在亚利桑那州凤凰城附近Fab 21工厂成功制造出第一款量产的Blackwell晶圆。</strong>这款堪称全球最复杂的芯片能在美国实现生产，对两家企业而言兼具战略、象征等重要意义。NVIDIA CEO黄仁勋在纪念活动上表示：<strong>“这是一个具有历史意义的时刻，原因有很多。这是近代美国历史上首次，由最先进的晶圆厂——台积电在美国本土，生产出全球最为关键的芯片。</strong>这践行了总统提出的再工业化愿景，<strong>即将制造业带回美国，创造就业岗位。同时，这也是全球至关重要的制造业领域，更是最核心的科技产业。</strong>”据悉，此次在美国生产的是Blackwell&nbsp;B300芯片（尚未得到官方确认），采用台积电为英伟达定制的4N制程（属于4nm级工艺节点）。这一成果意味着台积电Fab 21工厂已具备量产此类大型芯片的能力，且良率表现良好（据悉良率达标耗费了不少时间）。战略层面，这一突破实现了美国政府产业政策的核心目标，将更先进的半导体制造能力带回美国本土。对NVIDIA而言，其核心产品能在美国生产，可有效规避相关风险。据悉，台积电计划进一步扩建亚利桑那州Fab 21工厂，后续将在此量产采用N3、N2、A16及A14制程工艺的芯片。不过需要注意的是，<strong>尽管Blackwell芯片已实现美国本土制造，但要组装成完整的NVIDIA B300 GPU，仍需将这些晶圆运回台积电台湾工厂通过CoWoS-L先进封装技术与HBM3E内存进行整合。</strong>这也导致该款芯片的成本高于中国台湾本土生产的产品，仅保留了象征意义。','',2,1,0,0,1,1,0,0,'2025-10-20 16:11:27','2025-10-20 17:28:31',0),(9,'华为的atlas 300i duo ai推理加速卡','','快科技10月19日消息，Gamers Nexus通过特殊渠道拿到了一块<strong>华为的Atlas 300I DUO AI推理加速卡</strong>，特殊的双芯设计，搭载了两颗GPU，同时单插槽设计，身材轻盈。该卡没有公开售价，<strong>外媒花了1400美元，约合人民币1万元</strong>，可以说非常便宜了，国内批量采购价自然更低。根据华为官方说法，Atlas 300I Duo推理<strong>卡融合“通用处理器、AI核心、编解码”于一体，提供AI推理、视频分析等功能，具有超强算力、超高能效、高性能视频分析等优势</strong>，可广泛应用于互联网、智慧城市、智慧交通等多场景，支持检索聚类、内容审核、OCR识别、语音分析、视频分析等多应用。<strong>它搭载了两颗GPU核心，共有16个核心，主频1.9GHz，48GB或者96GB LPDDR4X ECC内存，总带宽408GB/s。</strong>系统接口为<strong>PCIe 4.0 x8</strong>，单插位全高全长设计，厚度仅为18.46毫米，<strong>功耗150W。</strong><strong>AI算力INT8格式下为80 TOPS，FP16格式下为140 TFLOPS，能效比高达1.86TOPS/W。</strong>视频编解码能力支持256路1080p30或32路4K60 H.264/H.264解码、48路1080p30或6路4K60 H.264/H.265视频编码、4K768 JPEG编码、4K384 JPEG解码，最高分辨率8192 x 8192。','',2,1,0,0,1,1,0,0,'2025-10-20 16:34:59','2025-10-20 17:28:25',0);
/*!40000 ALTER TABLE `blog_article` ENABLE KEYS */;
UNLOCK TABLES;

--
-- Table structure for table `blog_article_tag`
--

DROP TABLE IF EXISTS `blog_article_tag`;
/*!40101 SET @saved_cs_client     = @@character_set_client */;
/*!50503 SET character_set_client = utf8mb4 */;
CREATE TABLE `blog_article_tag` (
  `id` bigint NOT NULL AUTO_INCREMENT COMMENT '主键ID',
  `article_id` bigint NOT NULL COMMENT '文章ID',
  `tag_id` bigint NOT NULL COMMENT '标签ID',
  PRIMARY KEY (`id`),
  UNIQUE KEY `uk_article_tag` (`article_id`,`tag_id`)
) ENGINE=InnoDB AUTO_INCREMENT=11 DEFAULT CHARSET=utf8mb4 COLLATE=utf8mb4_0900_ai_ci COMMENT='文章标签关联表';
/*!40101 SET character_set_client = @saved_cs_client */;

--
-- Dumping data for table `blog_article_tag`
--

LOCK TABLES `blog_article_tag` WRITE;
/*!40000 ALTER TABLE `blog_article_tag` DISABLE KEYS */;
INSERT INTO `blog_article_tag` VALUES (1,1,1),(2,1,2),(3,1,3),(4,1,7),(5,2,1),(6,2,4),(7,2,8),(8,3,3),(9,3,6),(10,3,9);
/*!40000 ALTER TABLE `blog_article_tag` ENABLE KEYS */;
UNLOCK TABLES;

--
-- Table structure for table `blog_category`
--

DROP TABLE IF EXISTS `blog_category`;
/*!40101 SET @saved_cs_client     = @@character_set_client */;
/*!50503 SET character_set_client = utf8mb4 */;
CREATE TABLE `blog_category` (
  `id` bigint NOT NULL AUTO_INCREMENT COMMENT '主键ID',
  `name` varchar(64) NOT NULL COMMENT '分类名称',
  `sort` int DEFAULT '0' COMMENT '排序',
  `create_time` datetime DEFAULT CURRENT_TIMESTAMP COMMENT '创建时间',
  `update_time` datetime DEFAULT CURRENT_TIMESTAMP ON UPDATE CURRENT_TIMESTAMP COMMENT '更新时间',
  `del_flag` tinyint DEFAULT '0' COMMENT '删除标志 0正常 1删除',
  PRIMARY KEY (`id`)
) ENGINE=InnoDB AUTO_INCREMENT=5 DEFAULT CHARSET=utf8mb4 COLLATE=utf8mb4_0900_ai_ci COMMENT='博客分类表';
/*!40101 SET character_set_client = @saved_cs_client */;

--
-- Dumping data for table `blog_category`
--

LOCK TABLES `blog_category` WRITE;
/*!40000 ALTER TABLE `blog_category` DISABLE KEYS */;
INSERT INTO `blog_category` VALUES (1,'技术分享',1,'2025-10-14 11:54:48','2025-10-14 11:54:48',0),(2,'生活随笔',2,'2025-10-14 11:54:48','2025-10-14 11:54:48',0),(3,'学习笔记',3,'2025-10-14 11:54:48','2025-10-14 11:54:48',0),(4,'项目实战',4,'2025-10-14 11:54:48','2025-10-14 11:54:48',0);
/*!40000 ALTER TABLE `blog_category` ENABLE KEYS */;
UNLOCK TABLES;

--
-- Table structure for table `blog_comment`
--

DROP TABLE IF EXISTS `blog_comment`;
/*!40101 SET @saved_cs_client     = @@character_set_client */;
/*!50503 SET character_set_client = utf8mb4 */;
CREATE TABLE `blog_comment` (
  `id` bigint NOT NULL AUTO_INCREMENT COMMENT '主键ID',
  `article_id` bigint NOT NULL COMMENT '文章ID',
  `user_id` bigint DEFAULT NULL COMMENT '用户ID（可为空，匿名评论）',
  `nickname` varchar(64) DEFAULT NULL COMMENT '昵称（匿名评论用）',
  `email` varchar(128) DEFAULT NULL COMMENT '邮箱（匿名评论用）',
  `content` text NOT NULL COMMENT '评论内容',
  `parent_id` bigint DEFAULT '0' COMMENT '父评论ID',
  `status` tinyint DEFAULT '1' COMMENT '状态 0待审核 1正常 2已删除',
  `create_time` datetime DEFAULT CURRENT_TIMESTAMP COMMENT '创建时间',
  `ip` varchar(64) DEFAULT NULL COMMENT '评论IP',
  PRIMARY KEY (`id`)
) ENGINE=InnoDB DEFAULT CHARSET=utf8mb4 COLLATE=utf8mb4_0900_ai_ci COMMENT='博客评论表';
/*!40101 SET character_set_client = @saved_cs_client */;

--
-- Dumping data for table `blog_comment`
--

LOCK TABLES `blog_comment` WRITE;
/*!40000 ALTER TABLE `blog_comment` DISABLE KEYS */;
/*!40000 ALTER TABLE `blog_comment` ENABLE KEYS */;
UNLOCK TABLES;

--
-- Table structure for table `blog_friend_link`
--

DROP TABLE IF EXISTS `blog_friend_link`;
/*!40101 SET @saved_cs_client     = @@character_set_client */;
/*!50503 SET character_set_client = utf8mb4 */;
CREATE TABLE `blog_friend_link` (
  `id` bigint NOT NULL AUTO_INCREMENT COMMENT '主键ID',
  `name` varchar(64) NOT NULL COMMENT '友链名称',
  `url` varchar(255) NOT NULL COMMENT '友链地址',
  `logo` varchar(255) DEFAULT NULL COMMENT '友链Logo',
  `description` varchar(255) DEFAULT NULL COMMENT '描述',
  `status` tinyint DEFAULT '1' COMMENT '状态 0禁用 1启用',
  `create_time` datetime DEFAULT CURRENT_TIMESTAMP COMMENT '创建时间',
  PRIMARY KEY (`id`)
) ENGINE=InnoDB AUTO_INCREMENT=5 DEFAULT CHARSET=utf8mb4 COLLATE=utf8mb4_0900_ai_ci COMMENT='博客友链表';
/*!40101 SET character_set_client = @saved_cs_client */;

--
-- Dumping data for table `blog_friend_link`
--

LOCK TABLES `blog_friend_link` WRITE;
/*!40000 ALTER TABLE `blog_friend_link` DISABLE KEYS */;
INSERT INTO `blog_friend_link` VALUES (1,'Spring官网','https://spring.io/','','Spring框架官方网站',1,'2025-10-14 11:54:48'),(2,'Vue.js官网','https://vuejs.org/','','Vue.js框架官方网站',1,'2025-10-14 11:54:48'),(3,'Element Plus','https://element-plus.org/','','Vue 3组件库',1,'2025-10-14 11:54:48'),(4,'GitHub','https://github.com/','','全球最大的代码托管平台',1,'2025-10-14 11:54:48');
/*!40000 ALTER TABLE `blog_friend_link` ENABLE KEYS */;
UNLOCK TABLES;

--
-- Table structure for table `blog_setting`
--

DROP TABLE IF EXISTS `blog_setting`;
/*!40101 SET @saved_cs_client     = @@character_set_client */;
/*!50503 SET character_set_client = utf8mb4 */;
CREATE TABLE `blog_setting` (
  `id` bigint NOT NULL AUTO_INCREMENT COMMENT '主键ID',
  `config_key` varchar(64) NOT NULL COMMENT '配置项Key',
  `config_value` varchar(1024) DEFAULT NULL COMMENT '配置项Value',
  `description` varchar(255) DEFAULT NULL COMMENT '描述',
  `create_time` datetime DEFAULT CURRENT_TIMESTAMP COMMENT '创建时间',
  `update_time` datetime DEFAULT CURRENT_TIMESTAMP ON UPDATE CURRENT_TIMESTAMP COMMENT '更新时间',
  PRIMARY KEY (`id`),
  UNIQUE KEY `uk_config_key` (`config_key`)
) ENGINE=InnoDB AUTO_INCREMENT=8 DEFAULT CHARSET=utf8mb4 COLLATE=utf8mb4_0900_ai_ci COMMENT='博客系统设置表';
/*!40101 SET character_set_client = @saved_cs_client */;

--
-- Dumping data for table `blog_setting`
--

LOCK TABLES `blog_setting` WRITE;
/*!40000 ALTER TABLE `blog_setting` DISABLE KEYS */;
INSERT INTO `blog_setting` VALUES (1,'blog_name','我的技术博客','博客名称','2025-10-14 11:50:51','2025-10-14 11:54:48'),(2,'blog_desc','分享技术，记录生活，成长路上的点点滴滴','博客描述','2025-10-14 11:50:51','2025-10-14 11:54:48'),(3,'blog_author','Nevell','博客作者','2025-10-14 11:50:51','2025-10-14 11:54:48'),(4,'blog_keywords','Java,Spring Boot,Vue.js,前端,后端,全栈开发','博客关键词','2025-10-14 11:50:51','2025-10-14 11:54:48'),(5,'blog_copyright','© 2025 我的技术博客. All rights reserved.','版权信息','2025-10-14 11:50:51','2025-10-14 11:54:48'),(6,'blog_beian','ICP备案号：京ICP备xxxxxxxx号','备案信息','2025-10-14 11:50:51','2025-10-14 11:54:48');
/*!40000 ALTER TABLE `blog_setting` ENABLE KEYS */;
UNLOCK TABLES;

--
-- Table structure for table `blog_tag`
--

DROP TABLE IF EXISTS `blog_tag`;
/*!40101 SET @saved_cs_client     = @@character_set_client */;
/*!50503 SET character_set_client = utf8mb4 */;
CREATE TABLE `blog_tag` (
  `id` bigint NOT NULL AUTO_INCREMENT COMMENT '主键ID',
  `name` varchar(64) NOT NULL COMMENT '标签名称',
  `create_time` datetime DEFAULT CURRENT_TIMESTAMP COMMENT '创建时间',
  `update_time` datetime DEFAULT CURRENT_TIMESTAMP ON UPDATE CURRENT_TIMESTAMP COMMENT '更新时间',
  `del_flag` tinyint DEFAULT '0' COMMENT '删除标志 0正常 1删除',
  PRIMARY KEY (`id`)
) ENGINE=InnoDB AUTO_INCREMENT=11 DEFAULT CHARSET=utf8mb4 COLLATE=utf8mb4_0900_ai_ci COMMENT='博客标签表';
/*!40101 SET character_set_client = @saved_cs_client */;

--
-- Dumping data for table `blog_tag`
--

LOCK TABLES `blog_tag` WRITE;
/*!40000 ALTER TABLE `blog_tag` DISABLE KEYS */;
INSERT INTO `blog_tag` VALUES (1,'Java','2025-10-14 11:54:48','2025-10-14 11:54:48',0),(2,'Spring Boot','2025-10-14 11:54:48','2025-10-14 11:54:48',0),(3,'Vue.js','2025-10-14 11:54:48','2025-10-14 11:54:48',0),(4,'MySQL','2025-10-14 11:54:48','2025-10-14 11:54:48',0),(5,'Redis','2025-10-14 11:54:48','2025-10-14 11:54:48',0),(6,'前端开发','2025-10-14 11:54:48','2025-10-14 11:54:48',0),(7,'后端开发','2025-10-14 11:54:48','2025-10-14 11:54:48',0),(8,'数据库','2025-10-14 11:54:48','2025-10-14 11:54:48',0),(9,'框架学习','2025-10-14 11:54:48','2025-10-14 11:54:48',0),(10,'项目经验','2025-10-14 11:54:48','2025-10-14 11:54:48',0);
/*!40000 ALTER TABLE `blog_tag` ENABLE KEYS */;
UNLOCK TABLES;

--
-- Table structure for table `gen_table`
--

DROP TABLE IF EXISTS `gen_table`;
/*!40101 SET @saved_cs_client     = @@character_set_client */;
/*!50503 SET character_set_client = utf8mb4 */;
CREATE TABLE `gen_table` (
  `table_id` bigint NOT NULL AUTO_INCREMENT COMMENT '编号',
  `table_name` varchar(200) DEFAULT '' COMMENT '表名称',
  `table_comment` varchar(500) DEFAULT '' COMMENT '表描述',
  `sub_table_name` varchar(64) DEFAULT NULL COMMENT '关联子表的表名',
  `sub_table_fk_name` varchar(64) DEFAULT NULL COMMENT '子表关联的外键名',
  `class_name` varchar(100) DEFAULT '' COMMENT '实体类名称',
  `tpl_category` varchar(200) DEFAULT 'crud' COMMENT '使用的模板（crud单表操作 tree树表操作）',
  `tpl_web_type` varchar(30) DEFAULT '' COMMENT '前端模板类型（element-ui模版 element-plus模版）',
  `package_name` varchar(100) DEFAULT NULL COMMENT '生成包路径',
  `module_name` varchar(30) DEFAULT NULL COMMENT '生成模块名',
  `business_name` varchar(30) DEFAULT NULL COMMENT '生成业务名',
  `function_name` varchar(50) DEFAULT NULL COMMENT '生成功能名',
  `function_author` varchar(50) DEFAULT NULL COMMENT '生成功能作者',
  `gen_type` char(1) DEFAULT '0' COMMENT '生成代码方式（0zip压缩包 1自定义路径）',
  `gen_path` varchar(200) DEFAULT '/' COMMENT '生成路径（不填默认项目路径）',
  `options` varchar(1000) DEFAULT NULL COMMENT '其它生成选项',
  `create_by` varchar(64) DEFAULT '' COMMENT '创建者',
  `create_time` datetime DEFAULT NULL COMMENT '创建时间',
  `update_by` varchar(64) DEFAULT '' COMMENT '更新者',
  `update_time` datetime DEFAULT NULL COMMENT '更新时间',
  `remark` varchar(500) DEFAULT NULL COMMENT '备注',
  PRIMARY KEY (`table_id`)
) ENGINE=InnoDB AUTO_INCREMENT=8 DEFAULT CHARSET=utf8mb4 COLLATE=utf8mb4_0900_ai_ci COMMENT='代码生成业务表';
/*!40101 SET character_set_client = @saved_cs_client */;

--
-- Dumping data for table `gen_table`
--

LOCK TABLES `gen_table` WRITE;
/*!40000 ALTER TABLE `gen_table` DISABLE KEYS */;
INSERT INTO `gen_table` VALUES (1,'blog_article','博客文章表',NULL,NULL,'BlogArticle','crud','element-ui','com.ruoyi.system','system','blog_article','博客文章','nevell','0','/','{\"parentMenuId\":0}','admin','2025-07-18 19:47:38','','2025-07-18 23:15:22',NULL),(2,'blog_article_tag','文章与标签关联表',NULL,NULL,'BlogArticleTag','crud','','com.ruoyi.system','system','tag','文章与标签关联','ruoyi','0','/',NULL,'admin','2025-07-18 19:47:38','',NULL,NULL),(3,'blog_category','文章分类表',NULL,NULL,'BlogCategory','crud','element-ui','com.ruoyi.system','system','category','文章分类','nevell','0','/','{}','admin','2025-07-18 19:47:38','','2025-07-18 23:16:57',NULL),(4,'blog_comment','博客评论表',NULL,NULL,'BlogComment','crud','','com.ruoyi.system','system','comment','博客评论','ruoyi','0','/',NULL,'admin','2025-07-18 19:47:38','',NULL,NULL),(5,'blog_friend_link','博客友链表',NULL,NULL,'BlogFriendLink','crud','','com.ruoyi.system','system','link','博客友链','ruoyi','0','/',NULL,'admin','2025-07-18 19:47:38','',NULL,NULL),(6,'blog_setting','博客系统设置表',NULL,NULL,'BlogSetting','crud','element-plus','com.ruoyi.system','system','setting','博客系统设置','ruoyi','1','/','{}','admin','2025-07-18 19:47:38','','2025-07-18 19:51:09',NULL),(7,'blog_tag','博客标签表',NULL,NULL,'BlogTag','crud','','com.ruoyi.system','system','tag','博客标签','ruoyi','0','/',NULL,'admin','2025-07-18 19:47:38','',NULL,NULL);
/*!40000 ALTER TABLE `gen_table` ENABLE KEYS */;
UNLOCK TABLES;

--
-- Table structure for table `gen_table_column`
--

DROP TABLE IF EXISTS `gen_table_column`;
/*!40101 SET @saved_cs_client     = @@character_set_client */;
/*!50503 SET character_set_client = utf8mb4 */;
CREATE TABLE `gen_table_column` (
  `column_id` bigint NOT NULL AUTO_INCREMENT COMMENT '编号',
  `table_id` bigint DEFAULT NULL COMMENT '归属表编号',
  `column_name` varchar(200) DEFAULT NULL COMMENT '列名称',
  `column_comment` varchar(500) DEFAULT NULL COMMENT '列描述',
  `column_type` varchar(100) DEFAULT NULL COMMENT '列类型',
  `java_type` varchar(500) DEFAULT NULL COMMENT 'JAVA类型',
  `java_field` varchar(200) DEFAULT NULL COMMENT 'JAVA字段名',
  `is_pk` char(1) DEFAULT NULL COMMENT '是否主键（1是）',
  `is_increment` char(1) DEFAULT NULL COMMENT '是否自增（1是）',
  `is_required` char(1) DEFAULT NULL COMMENT '是否必填（1是）',
  `is_insert` char(1) DEFAULT NULL COMMENT '是否为插入字段（1是）',
  `is_edit` char(1) DEFAULT NULL COMMENT '是否编辑字段（1是）',
  `is_list` char(1) DEFAULT NULL COMMENT '是否列表字段（1是）',
  `is_query` char(1) DEFAULT NULL COMMENT '是否查询字段（1是）',
  `query_type` varchar(200) DEFAULT 'EQ' COMMENT '查询方式（等于、不等于、大于、小于、范围）',
  `html_type` varchar(200) DEFAULT NULL COMMENT '显示类型（文本框、文本域、下拉框、复选框、单选框、日期控件）',
  `dict_type` varchar(200) DEFAULT '' COMMENT '字典类型',
  `sort` int DEFAULT NULL COMMENT '排序',
  `create_by` varchar(64) DEFAULT '' COMMENT '创建者',
  `create_time` datetime DEFAULT NULL COMMENT '创建时间',
  `update_by` varchar(64) DEFAULT '' COMMENT '更新者',
  `update_time` datetime DEFAULT NULL COMMENT '更新时间',
  PRIMARY KEY (`column_id`)
) ENGINE=InnoDB AUTO_INCREMENT=54 DEFAULT CHARSET=utf8mb4 COLLATE=utf8mb4_0900_ai_ci COMMENT='代码生成业务表字段';
/*!40101 SET character_set_client = @saved_cs_client */;

--
-- Dumping data for table `gen_table_column`
--

LOCK TABLES `gen_table_column` WRITE;
/*!40000 ALTER TABLE `gen_table_column` DISABLE KEYS */;
INSERT INTO `gen_table_column` VALUES (1,1,'id','主键ID','bigint','Long','id','1','1','0','1',NULL,NULL,NULL,'EQ','input','',1,'admin','2025-07-18 19:47:38','','2025-07-18 23:15:25'),(2,1,'title','文章标题','varchar(255)','String','title','0','0','1','1','1','1','1','EQ','input','',2,'admin','2025-07-18 19:47:38','','2025-07-18 23:15:25'),(3,1,'summary','摘要','varchar(512)','String','summary','0','0','0','1','1','1','1','EQ','textarea','',3,'admin','2025-07-18 19:47:38','','2025-07-18 23:15:25'),(4,1,'content','文章内容','longtext','String','content','0','0','1','1','1','1','1','EQ','editor','',4,'admin','2025-07-18 19:47:38','','2025-07-18 23:15:26'),(5,1,'cover_url','封面图片','varchar(512)','String','coverUrl','0','0','0','1','1','1','1','EQ','textarea','',5,'admin','2025-07-18 19:47:38','','2025-07-18 23:15:26'),(6,1,'category_id','分类ID','bigint','Long','categoryId','0','0','0','1','1','1','1','EQ','input','',6,'admin','2025-07-18 19:47:38','','2025-07-18 23:15:26'),(7,1,'author_id','作者ID（关联sys_user）','bigint','Long','authorId','0','0','0','1','1','1','1','EQ','input','',7,'admin','2025-07-18 19:47:38','','2025-07-18 23:15:26'),(8,1,'is_top','是否置顶 0否 1是','tinyint','Long','isTop','0','0','0','1','1','1','1','EQ','input','',8,'admin','2025-07-18 19:47:38','','2025-07-18 23:15:26'),(9,1,'is_recommend','是否推荐 0否 1是','tinyint','Long','isRecommend','0','0','0','1','1','1','1','EQ','input','',9,'admin','2025-07-18 19:47:38','','2025-07-18 23:15:26'),(10,1,'status','状态 0草稿 1发布','tinyint','Long','status','0','0','0','1','1','1','1','EQ','radio','',10,'admin','2025-07-18 19:47:38','','2025-07-18 23:15:26'),(11,1,'view_count','浏览量','int','Long','viewCount','0','0','0','1','1','1','1','EQ','input','',11,'admin','2025-07-18 19:47:38','','2025-07-18 23:15:26'),(12,1,'like_count','点赞数','int','Long','likeCount','0','0','0','1','1','1','1','EQ','input','',12,'admin','2025-07-18 19:47:38','','2025-07-18 23:15:26'),(13,1,'comment_count','评论数','int','Long','commentCount','0','0','0','1','1','1','1','EQ','input','',13,'admin','2025-07-18 19:47:38','','2025-07-18 23:15:26'),(14,1,'create_time','创建时间','datetime','Date','createTime','0','0','0','1',NULL,NULL,NULL,'EQ','datetime','',14,'admin','2025-07-18 19:47:38','','2025-07-18 23:15:26'),(15,1,'update_time','更新时间','datetime','Date','updateTime','0','0','0','1','1',NULL,NULL,'EQ','datetime','',15,'admin','2025-07-18 19:47:38','','2025-07-18 23:15:26'),(16,1,'del_flag','删除标志 0正常 1删除','tinyint','Long','delFlag','0','0','0','1',NULL,NULL,NULL,'EQ','input','',16,'admin','2025-07-18 19:47:38','','2025-07-18 23:15:26'),(17,2,'id','主键ID','bigint','Long','id','1','1','0','1',NULL,NULL,NULL,'EQ','input','',1,'admin','2025-07-18 19:47:38','','2025-07-18 19:50:18'),(18,2,'article_id','文章ID','bigint','Long','articleId','0','0','1','1','1','1','1','EQ','input','',2,'admin','2025-07-18 19:47:38','','2025-07-18 19:50:18'),(19,2,'tag_id','标签ID','bigint','Long','tagId','0','0','1','1','1','1','1','EQ','input','',3,'admin','2025-07-18 19:47:38','','2025-07-18 19:50:18'),(20,3,'id','主键ID','bigint','Long','id','1','1','0','1',NULL,NULL,NULL,'EQ','input','',1,'admin','2025-07-18 19:47:38','','2025-07-18 23:17:03'),(21,3,'name','分类名称','varchar(64)','String','name','0','0','1','1','1','1','1','LIKE','input','',2,'admin','2025-07-18 19:47:38','','2025-07-18 23:17:03'),(22,3,'sort','排序','int','Long','sort','0','0','0','1','1','1','1','EQ','input','',3,'admin','2025-07-18 19:47:38','','2025-07-18 23:17:03'),(23,3,'create_time','创建时间','datetime','Date','createTime','0','0','0','1',NULL,NULL,NULL,'EQ','datetime','',4,'admin','2025-07-18 19:47:38','','2025-07-18 23:17:03'),(24,3,'update_time','更新时间','datetime','Date','updateTime','0','0','0','1','1',NULL,NULL,'EQ','datetime','',5,'admin','2025-07-18 19:47:38','','2025-07-18 23:17:03'),(25,3,'del_flag','删除标志 0正常 1删除','tinyint','Long','delFlag','0','0','0','1',NULL,NULL,NULL,'EQ','input','',6,'admin','2025-07-18 19:47:38','','2025-07-18 23:17:03'),(26,4,'id','主键ID','bigint','Long','id','1','1','0','1',NULL,NULL,NULL,'EQ','input','',1,'admin','2025-07-18 19:47:38','','2025-07-18 19:50:23'),(27,4,'article_id','文章ID','bigint','Long','articleId','0','0','1','1','1','1','1','EQ','input','',2,'admin','2025-07-18 19:47:38','','2025-07-18 19:50:23'),(28,4,'user_id','用户ID（可为空，匿名评论）','bigint','Long','userId','0','0','0','1','1','1','1','EQ','input','',3,'admin','2025-07-18 19:47:38','','2025-07-18 19:50:23'),(29,4,'nickname','昵称（匿名评论用）','varchar(64)','String','nickname','0','0','0','1','1','1','1','LIKE','input','',4,'admin','2025-07-18 19:47:38','','2025-07-18 19:50:23'),(30,4,'email','邮箱（匿名评论用）','varchar(128)','String','email','0','0','0','1','1','1','1','EQ','input','',5,'admin','2025-07-18 19:47:38','','2025-07-18 19:50:23'),(31,4,'content','评论内容','text','String','content','0','0','1','1','1','1','1','EQ','editor','',6,'admin','2025-07-18 19:47:38','','2025-07-18 19:50:23'),(32,4,'parent_id','父评论ID','bigint','Long','parentId','0','0','0','1','1','1','1','EQ','input','',7,'admin','2025-07-18 19:47:38','','2025-07-18 19:50:23'),(33,4,'status','状态 0待审核 1正常 2已删除','tinyint','Long','status','0','0','0','1','1','1','1','EQ','radio','',8,'admin','2025-07-18 19:47:38','','2025-07-18 19:50:23'),(34,4,'create_time','创建时间','datetime','Date','createTime','0','0','0','1',NULL,NULL,NULL,'EQ','datetime','',9,'admin','2025-07-18 19:47:38','','2025-07-18 19:50:23'),(35,4,'ip','评论IP','varchar(64)','String','ip','0','0','0','1','1','1','1','EQ','input','',10,'admin','2025-07-18 19:47:38','','2025-07-18 19:50:23'),(36,5,'id','主键ID','bigint','Long','id','1','1','0','1',NULL,NULL,NULL,'EQ','input','',1,'admin','2025-07-18 19:47:38','','2025-07-18 19:50:26'),(37,5,'name','友链名称','varchar(64)','String','name','0','0','1','1','1','1','1','LIKE','input','',2,'admin','2025-07-18 19:47:38','','2025-07-18 19:50:26'),(38,5,'url','友链地址','varchar(255)','String','url','0','0','1','1','1','1','1','EQ','input','',3,'admin','2025-07-18 19:47:38','','2025-07-18 19:50:26'),(39,5,'logo','友链Logo','varchar(255)','String','logo','0','0','0','1','1','1','1','EQ','input','',4,'admin','2025-07-18 19:47:38','','2025-07-18 19:50:26'),(40,5,'description','描述','varchar(255)','String','description','0','0','0','1','1','1','1','EQ','input','',5,'admin','2025-07-18 19:47:38','','2025-07-18 19:50:26'),(41,5,'status','状态 0禁用 1启用','tinyint','Long','status','0','0','0','1','1','1','1','EQ','radio','',6,'admin','2025-07-18 19:47:38','','2025-07-18 19:50:26'),(42,5,'create_time','创建时间','datetime','Date','createTime','0','0','0','1',NULL,NULL,NULL,'EQ','datetime','',7,'admin','2025-07-18 19:47:38','','2025-07-18 19:50:26'),(43,6,'id','主键ID','bigint','Long','id','1','1','0','1',NULL,NULL,NULL,'EQ','input','',1,'admin','2025-07-18 19:47:38','','2025-07-18 19:51:09'),(44,6,'config_key','配置项Key','varchar(64)','String','configKey','0','0','1','1','1','1','1','EQ','input','',2,'admin','2025-07-18 19:47:38','','2025-07-18 19:51:09'),(45,6,'config_value','配置项Value','varchar(1024)','String','configValue','0','0','0','1','1','1','1','EQ','textarea','',3,'admin','2025-07-18 19:47:38','','2025-07-18 19:51:09'),(46,6,'description','描述','varchar(255)','String','description','0','0','0','1','1','1','1','EQ','input','',4,'admin','2025-07-18 19:47:38','','2025-07-18 19:51:09'),(47,6,'create_time','创建时间','datetime','Date','createTime','0','0','0','1',NULL,NULL,NULL,'EQ','datetime','',5,'admin','2025-07-18 19:47:38','','2025-07-18 19:51:09'),(48,6,'update_time','更新时间','datetime','Date','updateTime','0','0','0','1','1',NULL,NULL,'EQ','datetime','',6,'admin','2025-07-18 19:47:38','','2025-07-18 19:51:09'),(49,7,'id','主键ID','bigint','Long','id','1','1','0','1',NULL,NULL,NULL,'EQ','input','',1,'admin','2025-07-18 19:47:39','',NULL),(50,7,'name','标签名称','varchar(64)','String','name','0','0','1','1','1','1','1','LIKE','input','',2,'admin','2025-07-18 19:47:39','',NULL),(51,7,'create_time','创建时间','datetime','Date','createTime','0','0','0','1',NULL,NULL,NULL,'EQ','datetime','',3,'admin','2025-07-18 19:47:39','',NULL),(52,7,'update_time','更新时间','datetime','Date','updateTime','0','0','0','1','1',NULL,NULL,'EQ','datetime','',4,'admin','2025-07-18 19:47:39','',NULL),(53,7,'del_flag','删除标志 0正常 1删除','tinyint','Long','delFlag','0','0','0','1',NULL,NULL,NULL,'EQ','input','',5,'admin','2025-07-18 19:47:39','',NULL);
/*!40000 ALTER TABLE `gen_table_column` ENABLE KEYS */;
UNLOCK TABLES;

--
-- Table structure for table `sys_config`
--

DROP TABLE IF EXISTS `sys_config`;
/*!40101 SET @saved_cs_client     = @@character_set_client */;
/*!50503 SET character_set_client = utf8mb4 */;
CREATE TABLE `sys_config` (
  `config_id` int NOT NULL AUTO_INCREMENT COMMENT '参数主键',
  `config_name` varchar(100) DEFAULT '' COMMENT '参数名称',
  `config_key` varchar(100) DEFAULT '' COMMENT '参数键名',
  `config_value` varchar(500) DEFAULT '' COMMENT '参数键值',
  `config_type` char(1) DEFAULT 'N' COMMENT '系统内置（Y是 N否）',
  `create_by` varchar(64) DEFAULT '' COMMENT '创建者',
  `create_time` datetime DEFAULT NULL COMMENT '创建时间',
  `update_by` varchar(64) DEFAULT '' COMMENT '更新者',
  `update_time` datetime DEFAULT NULL COMMENT '更新时间',
  `remark` varchar(500) DEFAULT NULL COMMENT '备注',
  PRIMARY KEY (`config_id`)
) ENGINE=InnoDB AUTO_INCREMENT=100 DEFAULT CHARSET=utf8mb4 COLLATE=utf8mb4_0900_ai_ci COMMENT='参数配置表';
/*!40101 SET character_set_client = @saved_cs_client */;

--
-- Dumping data for table `sys_config`
--

LOCK TABLES `sys_config` WRITE;
/*!40000 ALTER TABLE `sys_config` DISABLE KEYS */;
INSERT INTO `sys_config` VALUES (1,'主框架页-默认皮肤样式名称','sys.index.skinName','skin-blue','Y','admin','2025-07-18 18:58:46','',NULL,'蓝色 skin-blue、绿色 skin-green、紫色 skin-purple、红色 skin-red、黄色 skin-yellow'),(2,'用户管理-账号初始密码','sys.user.initPassword','123456','Y','admin','2025-07-18 18:58:46','',NULL,'初始化密码 123456'),(3,'主框架页-侧边栏主题','sys.index.sideTheme','theme-dark','Y','admin','2025-07-18 18:58:46','',NULL,'深色主题theme-dark，浅色主题theme-light'),(4,'账号自助-验证码开关','sys.account.captchaEnabled','false','Y','admin','2025-07-18 18:58:46','',NULL,'是否开启验证码功能（true开启，false关闭）'),(5,'账号自助-是否开启用户注册功能','sys.account.registerUser','false','Y','admin','2025-07-18 18:58:46','',NULL,'是否开启注册用户功能（true开启，false关闭）'),(6,'用户登录-黑名单列表','sys.login.blackIPList','','Y','admin','2025-07-18 18:58:46','',NULL,'设置登录IP黑名单限制，多个匹配项以;分隔，支持匹配（*通配、网段）'),(7,'用户管理-初始密码修改策略','sys.account.initPasswordModify','1','Y','admin','2025-07-18 18:58:46','',NULL,'0：初始密码修改策略关闭，没有任何提示，1：提醒用户，如果未修改初始密码，则在登录时就会提醒修改密码对话框'),(8,'用户管理-账号密码更新周期','sys.account.passwordValidateDays','0','Y','admin','2025-07-18 18:58:46','',NULL,'密码更新周期（填写数字，数据初始化值为0不限制，若修改必须为大于0小于365的正整数），如果超过这个周期登录系统时，则在登录时就会提醒修改密码对话框');
/*!40000 ALTER TABLE `sys_config` ENABLE KEYS */;
UNLOCK TABLES;

--
-- Table structure for table `sys_dept`
--

DROP TABLE IF EXISTS `sys_dept`;
/*!40101 SET @saved_cs_client     = @@character_set_client */;
/*!50503 SET character_set_client = utf8mb4 */;
CREATE TABLE `sys_dept` (
  `dept_id` bigint NOT NULL AUTO_INCREMENT COMMENT '部门id',
  `parent_id` bigint DEFAULT '0' COMMENT '父部门id',
  `ancestors` varchar(50) DEFAULT '' COMMENT '祖级列表',
  `dept_name` varchar(30) DEFAULT '' COMMENT '部门名称',
  `order_num` int DEFAULT '0' COMMENT '显示顺序',
  `leader` varchar(20) DEFAULT NULL COMMENT '负责人',
  `phone` varchar(11) DEFAULT NULL COMMENT '联系电话',
  `email` varchar(50) DEFAULT NULL COMMENT '邮箱',
  `status` char(1) DEFAULT '0' COMMENT '部门状态（0正常 1停用）',
  `del_flag` char(1) DEFAULT '0' COMMENT '删除标志（0代表存在 2代表删除）',
  `create_by` varchar(64) DEFAULT '' COMMENT '创建者',
  `create_time` datetime DEFAULT NULL COMMENT '创建时间',
  `update_by` varchar(64) DEFAULT '' COMMENT '更新者',
  `update_time` datetime DEFAULT NULL COMMENT '更新时间',
  PRIMARY KEY (`dept_id`)
) ENGINE=InnoDB AUTO_INCREMENT=200 DEFAULT CHARSET=utf8mb4 COLLATE=utf8mb4_0900_ai_ci COMMENT='部门表';
/*!40101 SET character_set_client = @saved_cs_client */;

--
-- Dumping data for table `sys_dept`
--

LOCK TABLES `sys_dept` WRITE;
/*!40000 ALTER TABLE `sys_dept` DISABLE KEYS */;
INSERT INTO `sys_dept` VALUES (100,0,'0','若依科技',0,'若依','15888888888','ry@qq.com','0','0','admin','2025-07-18 18:58:46','',NULL),(101,100,'0,100','深圳总公司',1,'若依','15888888888','ry@qq.com','0','0','admin','2025-07-18 18:58:46','',NULL),(102,100,'0,100','长沙分公司',2,'若依','15888888888','ry@qq.com','0','0','admin','2025-07-18 18:58:46','',NULL),(103,101,'0,100,101','研发部门',1,'若依','15888888888','ry@qq.com','0','0','admin','2025-07-18 18:58:46','',NULL),(104,101,'0,100,101','市场部门',2,'若依','15888888888','ry@qq.com','0','0','admin','2025-07-18 18:58:46','',NULL),(105,101,'0,100,101','测试部门',3,'若依','15888888888','ry@qq.com','0','0','admin','2025-07-18 18:58:46','',NULL),(106,101,'0,100,101','财务部门',4,'若依','15888888888','ry@qq.com','0','0','admin','2025-07-18 18:58:46','',NULL),(107,101,'0,100,101','运维部门',5,'若依','15888888888','ry@qq.com','0','0','admin','2025-07-18 18:58:46','',NULL),(108,102,'0,100,102','市场部门',1,'若依','15888888888','ry@qq.com','0','0','admin','2025-07-18 18:58:46','',NULL),(109,102,'0,100,102','财务部门',2,'若依','15888888888','ry@qq.com','0','0','admin','2025-07-18 18:58:46','',NULL);
/*!40000 ALTER TABLE `sys_dept` ENABLE KEYS */;
UNLOCK TABLES;

--
-- Table structure for table `sys_dict_data`
--

DROP TABLE IF EXISTS `sys_dict_data`;
/*!40101 SET @saved_cs_client     = @@character_set_client */;
/*!50503 SET character_set_client = utf8mb4 */;
CREATE TABLE `sys_dict_data` (
  `dict_code` bigint NOT NULL AUTO_INCREMENT COMMENT '字典编码',
  `dict_sort` int DEFAULT '0' COMMENT '字典排序',
  `dict_label` varchar(100) DEFAULT '' COMMENT '字典标签',
  `dict_value` varchar(100) DEFAULT '' COMMENT '字典键值',
  `dict_type` varchar(100) DEFAULT '' COMMENT '字典类型',
  `css_class` varchar(100) DEFAULT NULL COMMENT '样式属性（其他样式扩展）',
  `list_class` varchar(100) DEFAULT NULL COMMENT '表格回显样式',
  `is_default` char(1) DEFAULT 'N' COMMENT '是否默认（Y是 N否）',
  `status` char(1) DEFAULT '0' COMMENT '状态（0正常 1停用）',
  `create_by` varchar(64) DEFAULT '' COMMENT '创建者',
  `create_time` datetime DEFAULT NULL COMMENT '创建时间',
  `update_by` varchar(64) DEFAULT '' COMMENT '更新者',
  `update_time` datetime DEFAULT NULL COMMENT '更新时间',
  `remark` varchar(500) DEFAULT NULL COMMENT '备注',
  PRIMARY KEY (`dict_code`)
) ENGINE=InnoDB AUTO_INCREMENT=100 DEFAULT CHARSET=utf8mb4 COLLATE=utf8mb4_0900_ai_ci COMMENT='字典数据表';
/*!40101 SET character_set_client = @saved_cs_client */;

--
-- Dumping data for table `sys_dict_data`
--

LOCK TABLES `sys_dict_data` WRITE;
/*!40000 ALTER TABLE `sys_dict_data` DISABLE KEYS */;
INSERT INTO `sys_dict_data` VALUES (1,1,'男','0','sys_user_sex','','','Y','0','admin','2025-07-18 18:58:46','',NULL,'性别男'),(2,2,'女','1','sys_user_sex','','','N','0','admin','2025-07-18 18:58:46','',NULL,'性别女'),(3,3,'未知','2','sys_user_sex','','','N','0','admin','2025-07-18 18:58:46','',NULL,'性别未知'),(4,1,'显示','0','sys_show_hide','','primary','Y','0','admin','2025-07-18 18:58:46','',NULL,'显示菜单'),(5,2,'隐藏','1','sys_show_hide','','danger','N','0','admin','2025-07-18 18:58:46','',NULL,'隐藏菜单'),(6,1,'正常','0','sys_normal_disable','','primary','Y','0','admin','2025-07-18 18:58:46','',NULL,'正常状态'),(7,2,'停用','1','sys_normal_disable','','danger','N','0','admin','2025-07-18 18:58:46','',NULL,'停用状态'),(8,1,'正常','0','sys_job_status','','primary','Y','0','admin','2025-07-18 18:58:46','',NULL,'正常状态'),(9,2,'暂停','1','sys_job_status','','danger','N','0','admin','2025-07-18 18:58:46','',NULL,'停用状态'),(10,1,'默认','DEFAULT','sys_job_group','','','Y','0','admin','2025-07-18 18:58:46','',NULL,'默认分组'),(11,2,'系统','SYSTEM','sys_job_group','','','N','0','admin','2025-07-18 18:58:46','',NULL,'系统分组'),(12,1,'是','Y','sys_yes_no','','primary','Y','0','admin','2025-07-18 18:58:46','',NULL,'系统默认是'),(13,2,'否','N','sys_yes_no','','danger','N','0','admin','2025-07-18 18:58:46','',NULL,'系统默认否'),(14,1,'通知','1','sys_notice_type','','warning','Y','0','admin','2025-07-18 18:58:46','',NULL,'通知'),(15,2,'公告','2','sys_notice_type','','success','N','0','admin','2025-07-18 18:58:46','',NULL,'公告'),(16,1,'正常','0','sys_notice_status','','primary','Y','0','admin','2025-07-18 18:58:46','',NULL,'正常状态'),(17,2,'关闭','1','sys_notice_status','','danger','N','0','admin','2025-07-18 18:58:46','',NULL,'关闭状态'),(18,99,'其他','0','sys_oper_type','','info','N','0','admin','2025-07-18 18:58:46','',NULL,'其他操作'),(19,1,'新增','1','sys_oper_type','','info','N','0','admin','2025-07-18 18:58:46','',NULL,'新增操作'),(20,2,'修改','2','sys_oper_type','','info','N','0','admin','2025-07-18 18:58:46','',NULL,'修改操作'),(21,3,'删除','3','sys_oper_type','','danger','N','0','admin','2025-07-18 18:58:46','',NULL,'删除操作'),(22,4,'授权','4','sys_oper_type','','primary','N','0','admin','2025-07-18 18:58:46','',NULL,'授权操作'),(23,5,'导出','5','sys_oper_type','','warning','N','0','admin','2025-07-18 18:58:46','',NULL,'导出操作'),(24,6,'导入','6','sys_oper_type','','warning','N','0','admin','2025-07-18 18:58:46','',NULL,'导入操作'),(25,7,'强退','7','sys_oper_type','','danger','N','0','admin','2025-07-18 18:58:46','',NULL,'强退操作'),(26,8,'生成代码','8','sys_oper_type','','warning','N','0','admin','2025-07-18 18:58:46','',NULL,'生成操作'),(27,9,'清空数据','9','sys_oper_type','','danger','N','0','admin','2025-07-18 18:58:46','',NULL,'清空操作'),(28,1,'成功','0','sys_common_status','','primary','N','0','admin','2025-07-18 18:58:46','',NULL,'正常状态'),(29,2,'失败','1','sys_common_status','','danger','N','0','admin','2025-07-18 18:58:46','',NULL,'停用状态');
/*!40000 ALTER TABLE `sys_dict_data` ENABLE KEYS */;
UNLOCK TABLES;

--
-- Table structure for table `sys_dict_type`
--

DROP TABLE IF EXISTS `sys_dict_type`;
/*!40101 SET @saved_cs_client     = @@character_set_client */;
/*!50503 SET character_set_client = utf8mb4 */;
CREATE TABLE `sys_dict_type` (
  `dict_id` bigint NOT NULL AUTO_INCREMENT COMMENT '字典主键',
  `dict_name` varchar(100) DEFAULT '' COMMENT '字典名称',
  `dict_type` varchar(100) DEFAULT '' COMMENT '字典类型',
  `status` char(1) DEFAULT '0' COMMENT '状态（0正常 1停用）',
  `create_by` varchar(64) DEFAULT '' COMMENT '创建者',
  `create_time` datetime DEFAULT NULL COMMENT '创建时间',
  `update_by` varchar(64) DEFAULT '' COMMENT '更新者',
  `update_time` datetime DEFAULT NULL COMMENT '更新时间',
  `remark` varchar(500) DEFAULT NULL COMMENT '备注',
  PRIMARY KEY (`dict_id`),
  UNIQUE KEY `dict_type` (`dict_type`)
) ENGINE=InnoDB AUTO_INCREMENT=100 DEFAULT CHARSET=utf8mb4 COLLATE=utf8mb4_0900_ai_ci COMMENT='字典类型表';
/*!40101 SET character_set_client = @saved_cs_client */;

--
-- Dumping data for table `sys_dict_type`
--

LOCK TABLES `sys_dict_type` WRITE;
/*!40000 ALTER TABLE `sys_dict_type` DISABLE KEYS */;
INSERT INTO `sys_dict_type` VALUES (1,'用户性别','sys_user_sex','0','admin','2025-07-18 18:58:46','',NULL,'用户性别列表'),(2,'菜单状态','sys_show_hide','0','admin','2025-07-18 18:58:46','',NULL,'菜单状态列表'),(3,'系统开关','sys_normal_disable','0','admin','2025-07-18 18:58:46','',NULL,'系统开关列表'),(4,'任务状态','sys_job_status','0','admin','2025-07-18 18:58:46','',NULL,'任务状态列表'),(5,'任务分组','sys_job_group','0','admin','2025-07-18 18:58:46','',NULL,'任务分组列表'),(6,'系统是否','sys_yes_no','0','admin','2025-07-18 18:58:46','',NULL,'系统是否列表'),(7,'通知类型','sys_notice_type','0','admin','2025-07-18 18:58:46','',NULL,'通知类型列表'),(8,'通知状态','sys_notice_status','0','admin','2025-07-18 18:58:46','',NULL,'通知状态列表'),(9,'操作类型','sys_oper_type','0','admin','2025-07-18 18:58:46','',NULL,'操作类型列表'),(10,'系统状态','sys_common_status','0','admin','2025-07-18 18:58:46','',NULL,'登录状态列表');
/*!40000 ALTER TABLE `sys_dict_type` ENABLE KEYS */;
UNLOCK TABLES;

--
-- Table structure for table `sys_job`
--

DROP TABLE IF EXISTS `sys_job`;
/*!40101 SET @saved_cs_client     = @@character_set_client */;
/*!50503 SET character_set_client = utf8mb4 */;
CREATE TABLE `sys_job` (
  `job_id` bigint NOT NULL AUTO_INCREMENT COMMENT '任务ID',
  `job_name` varchar(64) NOT NULL DEFAULT '' COMMENT '任务名称',
  `job_group` varchar(64) NOT NULL DEFAULT 'DEFAULT' COMMENT '任务组名',
  `invoke_target` varchar(500) NOT NULL COMMENT '调用目标字符串',
  `cron_expression` varchar(255) DEFAULT '' COMMENT 'cron执行表达式',
  `misfire_policy` varchar(20) DEFAULT '3' COMMENT '计划执行错误策略（1立即执行 2执行一次 3放弃执行）',
  `concurrent` char(1) DEFAULT '1' COMMENT '是否并发执行（0允许 1禁止）',
  `status` char(1) DEFAULT '0' COMMENT '状态（0正常 1暂停）',
  `create_by` varchar(64) DEFAULT '' COMMENT '创建者',
  `create_time` datetime DEFAULT NULL COMMENT '创建时间',
  `update_by` varchar(64) DEFAULT '' COMMENT '更新者',
  `update_time` datetime DEFAULT NULL COMMENT '更新时间',
  `remark` varchar(500) DEFAULT '' COMMENT '备注信息',
  PRIMARY KEY (`job_id`,`job_name`,`job_group`)
) ENGINE=InnoDB AUTO_INCREMENT=100 DEFAULT CHARSET=utf8mb4 COLLATE=utf8mb4_0900_ai_ci COMMENT='定时任务调度表';
/*!40101 SET character_set_client = @saved_cs_client */;

--
-- Dumping data for table `sys_job`
--

LOCK TABLES `sys_job` WRITE;
/*!40000 ALTER TABLE `sys_job` DISABLE KEYS */;
INSERT INTO `sys_job` VALUES (1,'系统默认（无参）','DEFAULT','ryTask.ryNoParams','0/10 * * * * ?','3','1','1','admin','2025-07-18 18:58:46','',NULL,''),(2,'系统默认（有参）','DEFAULT','ryTask.ryParams(\'ry\')','0/15 * * * * ?','3','1','1','admin','2025-07-18 18:58:46','',NULL,''),(3,'系统默认（多参）','DEFAULT','ryTask.ryMultipleParams(\'ry\', true, 2000L, 316.50D, 100)','0/20 * * * * ?','3','1','1','admin','2025-07-18 18:58:46','',NULL,'');
/*!40000 ALTER TABLE `sys_job` ENABLE KEYS */;
UNLOCK TABLES;

--
-- Table structure for table `sys_job_log`
--

DROP TABLE IF EXISTS `sys_job_log`;
/*!40101 SET @saved_cs_client     = @@character_set_client */;
/*!50503 SET character_set_client = utf8mb4 */;
CREATE TABLE `sys_job_log` (
  `job_log_id` bigint NOT NULL AUTO_INCREMENT COMMENT '任务日志ID',
  `job_name` varchar(64) NOT NULL COMMENT '任务名称',
  `job_group` varchar(64) NOT NULL COMMENT '任务组名',
  `invoke_target` varchar(500) NOT NULL COMMENT '调用目标字符串',
  `job_message` varchar(500) DEFAULT NULL COMMENT '日志信息',
  `status` char(1) DEFAULT '0' COMMENT '执行状态（0正常 1失败）',
  `exception_info` varchar(2000) DEFAULT '' COMMENT '异常信息',
  `create_time` datetime DEFAULT NULL COMMENT '创建时间',
  PRIMARY KEY (`job_log_id`)
) ENGINE=InnoDB DEFAULT CHARSET=utf8mb4 COLLATE=utf8mb4_0900_ai_ci COMMENT='定时任务调度日志表';
/*!40101 SET character_set_client = @saved_cs_client */;

--
-- Dumping data for table `sys_job_log`
--

LOCK TABLES `sys_job_log` WRITE;
/*!40000 ALTER TABLE `sys_job_log` DISABLE KEYS */;
/*!40000 ALTER TABLE `sys_job_log` ENABLE KEYS */;
UNLOCK TABLES;

--
-- Table structure for table `sys_logininfor`
--

DROP TABLE IF EXISTS `sys_logininfor`;
/*!40101 SET @saved_cs_client     = @@character_set_client */;
/*!50503 SET character_set_client = utf8mb4 */;
CREATE TABLE `sys_logininfor` (
  `info_id` bigint NOT NULL AUTO_INCREMENT COMMENT '访问ID',
  `user_name` varchar(50) DEFAULT '' COMMENT '用户账号',
  `ipaddr` varchar(128) DEFAULT '' COMMENT '登录IP地址',
  `login_location` varchar(255) DEFAULT '' COMMENT '登录地点',
  `browser` varchar(50) DEFAULT '' COMMENT '浏览器类型',
  `os` varchar(50) DEFAULT '' COMMENT '操作系统',
  `status` char(1) DEFAULT '0' COMMENT '登录状态（0成功 1失败）',
  `msg` varchar(255) DEFAULT '' COMMENT '提示消息',
  `login_time` datetime DEFAULT NULL COMMENT '访问时间',
  PRIMARY KEY (`info_id`),
  KEY `idx_sys_logininfor_s` (`status`),
  KEY `idx_sys_logininfor_lt` (`login_time`)
) ENGINE=InnoDB AUTO_INCREMENT=268 DEFAULT CHARSET=utf8mb4 COLLATE=utf8mb4_0900_ai_ci COMMENT='系统访问记录';
/*!40101 SET character_set_client = @saved_cs_client */;

--
-- Dumping data for table `sys_logininfor`
--

LOCK TABLES `sys_logininfor` WRITE;
/*!40000 ALTER TABLE `sys_logininfor` DISABLE KEYS */;
INSERT INTO `sys_logininfor` VALUES (100,'admin','127.0.0.1','内网IP','Chrome 13','Mac OS X','0','登录成功','2025-07-18 19:46:48'),(101,'admin','127.0.0.1','内网IP','Chrome 13','Mac OS X','0','登录成功','2025-07-18 20:02:30'),(102,'admin','127.0.0.1','内网IP','Chrome 13','Mac OS X','0','登录成功','2025-07-18 20:12:31'),(103,'admin','127.0.0.1','内网IP','Chrome 13','Mac OS X','0','登录成功','2025-07-18 20:16:59'),(104,'admin','127.0.0.1','内网IP','Chrome 13','Mac OS X','0','登录成功','2025-07-18 20:21:13'),(105,'admin','127.0.0.1','内网IP','Chrome 13','Mac OS X','0','退出成功','2025-07-18 20:25:16'),(106,'ry','127.0.0.1','内网IP','Chrome 13','Mac OS X','0','登录成功','2025-07-18 20:25:30'),(107,'ry','127.0.0.1','内网IP','Chrome 13','Mac OS X','0','退出成功','2025-07-18 20:26:01'),(108,'admin','127.0.0.1','内网IP','Chrome 13','Mac OS X','0','登录成功','2025-07-18 20:26:07'),(109,'admin','127.0.0.1','内网IP','Chrome 13','Mac OS X','0','登录成功','2025-07-18 20:36:46'),(110,'admin','127.0.0.1','内网IP','Chrome 13','Mac OS X','0','退出成功','2025-07-18 20:39:24'),(111,'admin','127.0.0.1','内网IP','Chrome 13','Mac OS X','0','登录成功','2025-07-18 20:39:30'),(112,'admin','127.0.0.1','内网IP','Chrome 13','Mac OS X','0','登录成功','2025-07-18 20:43:53'),(113,'admin','127.0.0.1','内网IP','Chrome 13','Mac OS X','0','登录成功','2025-07-18 20:58:05'),(114,'admin','127.0.0.1','内网IP','Chrome 13','Mac OS X','0','退出成功','2025-07-18 21:56:41'),(115,'admin','127.0.0.1','内网IP','Chrome 13','Mac OS X','0','登录成功','2025-07-18 21:56:49'),(116,'admin','127.0.0.1','内网IP','Chrome 13','Mac OS X','0','登录成功','2025-07-18 22:56:04'),(117,'admin','127.0.0.1','内网IP','Chrome 13','Windows 10','0','登录成功','2025-07-24 09:54:22'),(118,'admin','127.0.0.1','内网IP','Chrome 13','Windows 10','0','登录成功','2025-07-24 09:55:52'),(119,'admin','127.0.0.1','内网IP','Chrome 13','Windows 10','1','验证码错误','2025-07-24 10:44:21'),(120,'admin','127.0.0.1','内网IP','Chrome 13','Windows 10','0','登录成功','2025-07-24 10:44:25'),(121,'admin','127.0.0.1','内网IP','Chrome 13','Windows 10','1','验证码错误','2025-07-28 15:29:56'),(122,'admin','127.0.0.1','内网IP','Chrome 13','Windows 10','0','登录成功','2025-07-28 15:30:00'),(123,'admin','127.0.0.1','内网IP','Chrome 13','Windows 10','0','登录成功','2025-07-28 16:48:58'),(124,'admin','127.0.0.1','内网IP','Chrome 13','Windows 10','0','登录成功','2025-07-28 17:03:35'),(125,'admin','127.0.0.1','内网IP','Chrome 13','Windows 10','0','登录成功','2025-07-29 09:09:03'),(126,'admin','127.0.0.1','内网IP','Chrome 13','Windows 10','0','登录成功','2025-08-12 09:41:29'),(127,'admin','127.0.0.1','内网IP','Chrome 13','Windows 10','0','登录成功','2025-08-12 10:17:38'),(128,'admin','127.0.0.1','内网IP','Chrome 13','Windows 10','0','登录成功','2025-08-13 15:27:28'),(129,'admin','127.0.0.1','内网IP','Chrome 13','Windows 10','0','登录成功','2025-08-13 15:42:11'),(130,'admin','127.0.0.1','内网IP','Chrome 13','Windows 10','0','登录成功','2025-08-13 15:46:18'),(131,'admin','127.0.0.1','内网IP','Chrome 13','Windows 10','0','退出成功','2025-08-13 16:00:08'),(132,'admin','127.0.0.1','内网IP','Chrome 13','Windows 10','0','登录成功','2025-08-13 16:00:16'),(133,'admin','127.0.0.1','内网IP','Chrome 13','Windows 10','0','退出成功','2025-08-13 16:01:22'),(134,'admin','127.0.0.1','内网IP','Chrome 13','Windows 10','0','登录成功','2025-08-13 16:01:28'),(135,'admin','127.0.0.1','内网IP','Chrome 13','Windows 10','0','登录成功','2025-08-13 16:05:26'),(136,'admin','127.0.0.1','内网IP','Chrome 13','Windows 10','1','验证码错误','2025-08-13 16:05:59'),(137,'admin','127.0.0.1','内网IP','Chrome 13','Windows 10','0','登录成功','2025-08-13 16:06:05'),(138,'admin','127.0.0.1','内网IP','Chrome 13','Windows 10','0','登录成功','2025-08-14 16:14:28'),(139,'admin','127.0.0.1','内网IP','Chrome 13','Windows 10','1','验证码错误','2025-08-15 16:56:09'),(140,'admin','127.0.0.1','内网IP','Chrome 13','Windows 10','0','登录成功','2025-08-15 16:56:14'),(141,'admin','127.0.0.1','内网IP','Chrome 13','Windows 10','0','登录成功','2025-08-26 15:19:57'),(142,'admin','127.0.0.1','内网IP','Chrome 13','Windows 10','0','登录成功','2025-08-26 16:13:17'),(143,'admin','127.0.0.1','内网IP','Chrome 13','Windows 10','0','登录成功','2025-08-26 16:28:57'),(144,'admin','127.0.0.1','内网IP','Chrome 13','Windows 10','0','登录成功','2025-08-26 17:04:16'),(145,'admin','127.0.0.1','内网IP','Chrome 13','Windows 10','1','验证码错误','2025-08-26 17:31:20'),(146,'admin','127.0.0.1','内网IP','Chrome 13','Windows 10','0','登录成功','2025-08-26 17:31:24'),(147,'admin','127.0.0.1','内网IP','Chrome 13','Windows 10','0','登录成功','2025-08-26 17:32:36'),(148,'admin','127.0.0.1','内网IP','Chrome 13','Windows 10','0','登录成功','2025-08-26 17:36:50'),(149,'admin','127.0.0.1','内网IP','Chrome 13','Windows 10','1','验证码错误','2025-08-26 17:45:15'),(150,'admin','127.0.0.1','内网IP','Chrome 13','Windows 10','0','登录成功','2025-08-26 17:45:21'),(151,'admin','127.0.0.1','内网IP','Chrome 13','Windows 10','0','登录成功','2025-08-26 18:08:39'),(152,'admin','127.0.0.1','内网IP','Chrome 13','Windows 10','0','登录成功','2025-08-26 18:14:39'),(153,'admin','127.0.0.1','内网IP','Chrome 13','Windows 10','0','登录成功','2025-08-26 18:35:30'),(154,'admin','127.0.0.1','内网IP','Chrome 13','Windows 10','0','登录成功','2025-08-26 18:40:29'),(155,'admin','127.0.0.1','内网IP','Chrome 13','Windows 10','0','登录成功','2025-08-28 15:56:35'),(156,'admin','127.0.0.1','内网IP','Chrome 13','Windows 10','0','登录成功','2025-08-28 16:37:25'),(157,'admin','127.0.0.1','内网IP','Chrome 14','Windows 10','0','登录成功','2025-09-09 14:03:39'),(158,'admin','127.0.0.1','内网IP','Chrome 14','Windows 10','0','登录成功','2025-09-10 08:44:41'),(159,'admin','127.0.0.1','内网IP','Chrome 14','Windows 10','0','登录成功','2025-09-15 14:21:19'),(160,'admin','127.0.0.1','内网IP','Chrome 14','Windows 10','0','登录成功','2025-09-15 15:18:11'),(161,'admin','127.0.0.1','内网IP','Chrome 14','Windows 10','0','退出成功','2025-09-15 15:20:52'),(162,'admin','127.0.0.1','内网IP','Chrome 14','Windows 10','0','登录成功','2025-09-15 15:20:56'),(163,'admin','127.0.0.1','内网IP','Chrome 14','Windows 10','0','登录成功','2025-09-15 15:21:48'),(164,'admin','127.0.0.1','内网IP','Chrome 14','Windows 10','0','登录成功','2025-09-15 17:21:40'),(165,'admin','127.0.0.1','内网IP','Chrome 14','Windows 10','0','登录成功','2025-09-17 11:48:08'),(166,'admin','127.0.0.1','内网IP','Chrome 14','Windows 10','0','登录成功','2025-09-17 12:32:54'),(167,'admin','127.0.0.1','内网IP','Chrome 13','Windows 10','0','登录成功','2025-09-17 12:58:22'),(168,'admin','127.0.0.1','内网IP','Chrome 14','Windows 10','0','退出成功','2025-09-17 12:58:39'),(169,'admin','127.0.0.1','内网IP','Chrome 14','Windows 10','0','登录成功','2025-09-17 12:58:43'),(170,'admin','127.0.0.1','内网IP','Chrome 13','Windows 10','0','登录成功','2025-09-17 13:18:28'),(171,'admin','127.0.0.1','内网IP','Chrome 14','Windows 10','1','验证码错误','2025-09-17 13:45:44'),(172,'admin','127.0.0.1','内网IP','Chrome 14','Windows 10','0','登录成功','2025-09-17 13:45:49'),(173,'admin','127.0.0.1','内网IP','Chrome 14','Windows 10','0','登录成功','2025-10-11 11:33:50'),(174,'admin','127.0.0.1','内网IP','Chrome 14','Windows 10','0','登录成功','2025-10-11 13:57:59'),(175,'admin','127.0.0.1','内网IP','Chrome 14','Windows 10','0','退出成功','2025-10-11 14:45:15'),(176,'admin','127.0.0.1','内网IP','Chrome 14','Windows 10','0','登录成功','2025-10-11 14:45:18'),(177,'admin','127.0.0.1','内网IP','Chrome 14','Windows 10','0','退出成功','2025-10-11 14:49:56'),(178,'admin','127.0.0.1','内网IP','Chrome 14','Windows 10','0','登录成功','2025-10-11 14:49:59'),(179,'admin','127.0.0.1','内网IP','Chrome 14','Windows 10','0','登录成功','2025-10-11 14:50:44'),(180,'admin','127.0.0.1','内网IP','Downloading Tool','Unknown','1','验证码已失效','2025-10-11 14:51:48'),(181,'admin','127.0.0.1','内网IP','Chrome 14','Windows 10','0','登录成功','2025-10-11 14:54:45'),(182,'admin','127.0.0.1','内网IP','Chrome 14','Windows 10','0','退出成功','2025-10-11 14:54:59'),(183,'admin','127.0.0.1','内网IP','Chrome 14','Windows 10','0','登录成功','2025-10-11 14:55:03'),(184,'admin','127.0.0.1','内网IP','Chrome 14','Windows 10','0','登录成功','2025-10-11 14:55:18'),(185,'admin','127.0.0.1','内网IP','Downloading Tool','Unknown','1','验证码已失效','2025-10-11 14:56:11'),(186,'admin','127.0.0.1','内网IP','Downloading Tool','Unknown','1','验证码错误','2025-10-11 14:56:48'),(187,'admin','127.0.0.1','内网IP','Downloading Tool','Unknown','1','验证码错误','2025-10-11 14:57:53'),(188,'admin','127.0.0.1','内网IP','Downloading Tool','Unknown','1','验证码错误','2025-10-11 14:58:16'),(189,'admin','127.0.0.1','内网IP','Downloading Tool','Unknown','1','验证码已失效','2025-10-11 14:58:40'),(190,'admin','127.0.0.1','内网IP','Downloading Tool','Unknown','1','验证码已失效','2025-10-11 14:59:45'),(191,'admin','127.0.0.1','内网IP','Downloading Tool','Unknown','0','登录成功','2025-10-11 15:02:31'),(192,'admin','127.0.0.1','内网IP','Downloading Tool','Unknown','0','登录成功','2025-10-11 15:02:39'),(193,'admin','127.0.0.1','内网IP','Downloading Tool','Unknown','0','登录成功','2025-10-11 15:04:06'),(194,'admin','127.0.0.1','内网IP','Chrome 14','Windows 10','0','退出成功','2025-10-11 15:06:11'),(195,'admin','127.0.0.1','内网IP','Chrome 14','Windows 10','0','登录成功','2025-10-11 15:06:13'),(196,'admin','127.0.0.1','内网IP','Chrome 14','Windows 10','0','登录成功','2025-10-11 15:06:28'),(197,'admin','127.0.0.1','内网IP','Downloading Tool','Unknown','0','登录成功','2025-10-11 15:08:06'),(198,'admin','127.0.0.1','内网IP','Chrome 14','Windows 10','0','登录成功','2025-10-11 15:10:43'),(199,'admin','127.0.0.1','内网IP','Downloading Tool','Unknown','0','登录成功','2025-10-11 15:24:57'),(200,'admin','127.0.0.1','内网IP','Chrome 14','Windows 10','0','退出成功','2025-10-11 15:26:32'),(201,'admin','127.0.0.1','内网IP','Chrome 14','Windows 10','0','登录成功','2025-10-11 15:26:34'),(202,'admin','127.0.0.1','内网IP','Downloading Tool','Unknown','0','登录成功','2025-10-11 15:30:34'),(203,'admin','127.0.0.1','内网IP','Downloading Tool','Unknown','0','登录成功','2025-10-11 15:35:43'),(204,'admin','127.0.0.1','内网IP','Downloading Tool','Unknown','0','登录成功','2025-10-11 15:35:57'),(205,'admin','127.0.0.1','内网IP','Downloading Tool','Unknown','0','登录成功','2025-10-11 15:36:32'),(206,'admin','127.0.0.1','内网IP','Downloading Tool','Unknown','0','登录成功','2025-10-11 15:36:51'),(207,'admin','127.0.0.1','内网IP','Downloading Tool','Unknown','0','登录成功','2025-10-11 15:37:07'),(208,'admin','127.0.0.1','内网IP','Chrome 14','Windows 10','0','退出成功','2025-10-11 15:37:39'),(209,'admin','127.0.0.1','内网IP','Chrome 14','Windows 10','0','登录成功','2025-10-11 15:37:41'),(210,'admin','127.0.0.1','内网IP','Downloading Tool','Unknown','0','登录成功','2025-10-11 15:38:18'),(211,'admin','127.0.0.1','内网IP','Chrome 14','Windows 10','0','登录成功','2025-10-11 15:44:24'),(212,'admin','127.0.0.1','内网IP','Chrome 14','Windows 10','0','退出成功','2025-10-11 15:48:24'),(213,'admin','127.0.0.1','内网IP','Chrome 14','Windows 10','0','登录成功','2025-10-11 15:48:25'),(214,'admin','127.0.0.1','内网IP','Chrome 14','Windows 10','0','登录成功','2025-10-11 15:49:18'),(215,'admin','127.0.0.1','内网IP','Chrome 14','Windows 10','0','登录成功','2025-10-11 15:49:43'),(216,'admin','127.0.0.1','内网IP','Chrome 14','Windows 10','0','登录成功','2025-10-11 16:00:55'),(217,'admin','127.0.0.1','内网IP','Chrome 14','Windows 10','0','登录成功','2025-10-11 16:04:01'),(218,'admin','127.0.0.1','内网IP','Chrome 14','Windows 10','0','退出成功','2025-10-11 16:09:18'),(219,'admin','127.0.0.1','内网IP','Chrome 14','Windows 10','0','登录成功','2025-10-11 16:09:20'),(220,'admin','127.0.0.1','内网IP','Chrome 14','Windows 10','0','登录成功','2025-10-11 16:18:00'),(221,'admin','127.0.0.1','内网IP','Chrome 14','Windows 10','0','登录成功','2025-10-11 17:10:23'),(222,'admin','127.0.0.1','内网IP','Chrome 14','Windows 10','0','登录成功','2025-10-11 17:16:56'),(223,'admin','127.0.0.1','内网IP','Downloading Tool','Unknown','0','登录成功','2025-10-11 17:22:11'),(224,'admin','127.0.0.1','内网IP','Downloading Tool','Unknown','0','登录成功','2025-10-11 17:22:24'),(225,'admin','127.0.0.1','内网IP','Downloading Tool','Unknown','0','登录成功','2025-10-11 17:32:34'),(226,'admin','127.0.0.1','内网IP','Chrome 14','Windows 10','0','登录成功','2025-10-11 17:49:24'),(227,'admin','127.0.0.1','内网IP','Chrome 14','Windows 10','0','登录成功','2025-10-13 08:55:25'),(228,'admin','127.0.0.1','内网IP','Chrome 14','Windows 10','0','登录成功','2025-10-13 09:38:49'),(229,'admin','127.0.0.1','内网IP','Downloading Tool','Unknown','0','登录成功','2025-10-13 10:10:40'),(230,'admin','127.0.0.1','内网IP','Chrome 14','Windows 10','0','登录成功','2025-10-13 10:18:21'),(231,'admin','127.0.0.1','内网IP','Chrome 14','Windows 10','0','登录成功','2025-10-13 10:58:55'),(232,'admin','127.0.0.1','内网IP','Chrome 14','Windows 10','0','登录成功','2025-10-13 11:17:13'),(233,'admin','127.0.0.1','内网IP','Chrome 14','Windows 10','0','退出成功','2025-10-13 11:22:29'),(234,'admin','127.0.0.1','内网IP','Chrome 14','Windows 10','0','登录成功','2025-10-13 11:22:31'),(235,'admin','127.0.0.1','内网IP','Chrome 14','Windows 10','0','登录成功','2025-10-14 08:50:18'),(236,'admin','127.0.0.1','内网IP','Chrome 14','Windows 10','0','登录成功','2025-10-14 10:02:59'),(237,'admin','127.0.0.1','内网IP','Chrome 14','Windows 10','0','登录成功','2025-10-14 11:47:13'),(238,'admin','127.0.0.1','内网IP','Chrome 14','Windows 10','0','登录成功','2025-10-14 14:07:56'),(239,'admin','127.0.0.1','内网IP','Downloading Tool','Unknown','1','用户已封禁，请联系管理员','2025-10-14 14:10:50'),(240,'admin','127.0.0.1','内网IP','Downloading Tool','Unknown','0','登录成功','2025-10-14 14:12:06'),(241,'admin','127.0.0.1','内网IP','Chrome 14','Windows 10','0','登录成功','2025-10-14 14:38:42'),(242,'admin','127.0.0.1','内网IP','Chrome 14','Windows 10','0','登录成功','2025-10-14 15:27:21'),(243,'admin','127.0.0.1','内网IP','Chrome 14','Windows 10','0','登录成功','2025-10-14 16:29:19'),(244,'admin','127.0.0.1','内网IP','Downloading Tool','Unknown','0','登录成功','2025-10-14 17:21:35'),(245,'admin','127.0.0.1','内网IP','Downloading Tool','Unknown','0','登录成功','2025-10-14 17:22:07'),(246,'admin','127.0.0.1','内网IP','Downloading Tool','Unknown','0','登录成功','2025-10-14 17:22:32'),(247,'admin','127.0.0.1','内网IP','Downloading Tool','Unknown','0','登录成功','2025-10-14 17:22:51'),(248,'admin','127.0.0.1','内网IP','Chrome 14','Windows 10','0','登录成功','2025-10-15 14:07:18'),(249,'admin','127.0.0.1','内网IP','Chrome 14','Windows 10','0','登录成功','2025-10-16 11:27:49'),(250,'admin','127.0.0.1','内网IP','Chrome 14','Windows 10','0','登录成功','2025-10-16 14:08:22'),(251,'admin','127.0.0.1','内网IP','Chrome 14','Windows 10','0','登录成功','2025-10-16 14:55:42'),(252,'admin','127.0.0.1','内网IP','Chrome 14','Windows 10','0','登录成功','2025-10-16 15:12:18'),(253,'admin','127.0.0.1','内网IP','Chrome 14','Windows 10','0','登录成功','2025-10-16 16:11:15'),(254,'admin','127.0.0.1','内网IP','Chrome 14','Windows 10','0','登录成功','2025-10-16 16:11:40'),(255,'admin','127.0.0.1','内网IP','Chrome 14','Windows 10','0','登录成功','2025-10-16 16:23:11'),(256,'admin','127.0.0.1','内网IP','Chrome 14','Windows 10','0','退出成功','2025-10-16 16:23:33'),(257,'admin','127.0.0.1','内网IP','Chrome 14','Windows 10','0','登录成功','2025-10-16 16:32:36'),(258,'admin','127.0.0.1','内网IP','Chrome 14','Windows 10','0','退出成功','2025-10-16 16:32:51'),(259,'admin','127.0.0.1','内网IP','Chrome 14','Windows 10','0','登录成功','2025-10-16 16:34:10'),(260,'admin','127.0.0.1','内网IP','Chrome 14','Windows 10','0','登录成功','2025-10-16 16:40:22'),(261,'admin','127.0.0.1','内网IP','Chrome 14','Windows 10','0','退出成功','2025-10-16 16:40:45'),(262,'admin','127.0.0.1','内网IP','Chrome 14','Windows 10','0','登录成功','2025-10-16 16:40:48'),(263,'admin','127.0.0.1','内网IP','Chrome 14','Windows 10','0','登录成功','2025-10-20 14:04:46'),(264,'admin','127.0.0.1','内网IP','Chrome 14','Windows 10','0','退出成功','2025-10-20 14:05:29'),(265,'admin','127.0.0.1','内网IP','Chrome 14','Windows 10','0','登录成功','2025-10-20 14:05:45'),(266,'admin','127.0.0.1','内网IP','Chrome 14','Windows 10','0','登录成功','2025-10-20 16:01:59'),(267,'admin','127.0.0.1','内网IP','Chrome 14','Windows 10','0','登录成功','2025-10-20 17:20:48');
/*!40000 ALTER TABLE `sys_logininfor` ENABLE KEYS */;
UNLOCK TABLES;

--
-- Table structure for table `sys_menu`
--

DROP TABLE IF EXISTS `sys_menu`;
/*!40101 SET @saved_cs_client     = @@character_set_client */;
/*!50503 SET character_set_client = utf8mb4 */;
CREATE TABLE `sys_menu` (
  `menu_id` bigint NOT NULL AUTO_INCREMENT COMMENT '菜单ID',
  `menu_name` varchar(50) NOT NULL COMMENT '菜单名称',
  `parent_id` bigint DEFAULT '0' COMMENT '父菜单ID',
  `order_num` int DEFAULT '0' COMMENT '显示顺序',
  `path` varchar(200) DEFAULT '' COMMENT '路由地址',
  `component` varchar(255) DEFAULT NULL COMMENT '组件路径',
  `query` varchar(255) DEFAULT NULL COMMENT '路由参数',
  `route_name` varchar(50) DEFAULT '' COMMENT '路由名称',
  `is_frame` int DEFAULT '1' COMMENT '是否为外链（0是 1否）',
  `is_cache` int DEFAULT '0' COMMENT '是否缓存（0缓存 1不缓存）',
  `menu_type` char(1) DEFAULT '' COMMENT '菜单类型（M目录 C菜单 F按钮）',
  `visible` char(1) DEFAULT '0' COMMENT '菜单状态（0显示 1隐藏）',
  `status` char(1) DEFAULT '0' COMMENT '菜单状态（0正常 1停用）',
  `perms` varchar(100) DEFAULT NULL COMMENT '权限标识',
  `icon` varchar(100) DEFAULT '#' COMMENT '菜单图标',
  `create_by` varchar(64) DEFAULT '' COMMENT '创建者',
  `create_time` datetime DEFAULT NULL COMMENT '创建时间',
  `update_by` varchar(64) DEFAULT '' COMMENT '更新者',
  `update_time` datetime DEFAULT NULL COMMENT '更新时间',
  `remark` varchar(500) DEFAULT '' COMMENT '备注',
  PRIMARY KEY (`menu_id`)
) ENGINE=InnoDB AUTO_INCREMENT=2056 DEFAULT CHARSET=utf8mb4 COLLATE=utf8mb4_0900_ai_ci COMMENT='菜单权限表';
/*!40101 SET character_set_client = @saved_cs_client */;

--
-- Dumping data for table `sys_menu`
--

LOCK TABLES `sys_menu` WRITE;
/*!40000 ALTER TABLE `sys_menu` DISABLE KEYS */;
INSERT INTO `sys_menu` VALUES (1,'系统管理',0,50,'system',NULL,'','',1,0,'M','0','0','','system','admin','2025-07-18 18:58:46','admin','2025-08-13 16:04:27','系统管理目录'),(2,'系统监控',0,40,'monitor',NULL,'','',1,0,'M','0','0','','monitor','admin','2025-07-18 18:58:46','admin','2025-08-13 16:04:34','系统监控目录'),(3,'系统工具',0,20,'tool',NULL,'','',1,0,'M','0','0','','tool','admin','2025-07-18 18:58:46','admin','2025-08-13 16:04:09','系统工具目录'),(4,'若依官网',0,4,'http://ruoyi.vip',NULL,'','',0,0,'F','0','1','','guide','admin','2025-07-18 18:58:46','admin','2025-08-13 16:06:36','若依官网地址'),(100,'用户管理',1,1,'user','system/user/index','','',1,0,'C','0','0','system:user:list','user','admin','2025-07-18 18:58:46','',NULL,'用户管理菜单'),(101,'角色管理',1,2,'role','system/role/index','','',1,0,'C','0','0','system:role:list','peoples','admin','2025-07-18 18:58:46','',NULL,'角色管理菜单'),(102,'菜单管理',1,3,'menu','system/menu/index','','',1,0,'C','0','0','system:menu:list','tree-table','admin','2025-07-18 18:58:46','',NULL,'菜单管理菜单'),(103,'部门管理',1,4,'dept','system/dept/index','','',1,0,'C','0','0','system:dept:list','tree','admin','2025-07-18 18:58:46','',NULL,'部门管理菜单'),(104,'岗位管理',1,5,'post','system/post/index','','',1,0,'C','0','0','system:post:list','post','admin','2025-07-18 18:58:46','',NULL,'岗位管理菜单'),(105,'字典管理',1,6,'dict','system/dict/index','','',1,0,'C','0','0','system:dict:list','dict','admin','2025-07-18 18:58:46','',NULL,'字典管理菜单'),(106,'参数设置',1,7,'config','system/config/index','','',1,0,'C','0','0','system:config:list','edit','admin','2025-07-18 18:58:46','',NULL,'参数设置菜单'),(107,'通知公告',1,8,'notice','system/notice/index','','',1,0,'C','0','0','system:notice:list','message','admin','2025-07-18 18:58:46','',NULL,'通知公告菜单'),(108,'日志管理',1,9,'log','','','',1,0,'M','0','0','','log','admin','2025-07-18 18:58:46','',NULL,'日志管理菜单'),(109,'在线用户',2,1,'online','monitor/online/index','','',1,0,'C','0','0','monitor:online:list','online','admin','2025-07-18 18:58:46','',NULL,'在线用户菜单'),(110,'定时任务',2,2,'job','monitor/job/index','','',1,0,'C','0','0','monitor:job:list','job','admin','2025-07-18 18:58:46','',NULL,'定时任务菜单'),(111,'数据监控',2,3,'druid','monitor/druid/index','','',1,0,'C','0','0','monitor:druid:list','druid','admin','2025-07-18 18:58:46','',NULL,'数据监控菜单'),(112,'服务监控',2,4,'server','monitor/server/index','','',1,0,'C','0','0','monitor:server:list','server','admin','2025-07-18 18:58:46','',NULL,'服务监控菜单'),(113,'缓存监控',2,5,'cache','monitor/cache/index','','',1,0,'C','0','0','monitor:cache:list','redis','admin','2025-07-18 18:58:46','',NULL,'缓存监控菜单'),(114,'缓存列表',2,6,'cacheList','monitor/cache/list','','',1,0,'C','0','0','monitor:cache:list','redis-list','admin','2025-07-18 18:58:46','',NULL,'缓存列表菜单'),(115,'表单构建',3,1,'build','tool/build/index','','',1,0,'C','0','0','tool:build:list','build','admin','2025-07-18 18:58:46','',NULL,'表单构建菜单'),(116,'代码生成',3,2,'gen','tool/gen/index','','',1,0,'C','0','0','tool:gen:list','code','admin','2025-07-18 18:58:46','',NULL,'代码生成菜单'),(117,'系统接口',3,3,'swagger','tool/swagger/index','','',1,0,'C','0','0','tool:swagger:list','swagger','admin','2025-07-18 18:58:46','',NULL,'系统接口菜单'),(500,'操作日志',108,1,'operlog','monitor/operlog/index','','',1,0,'C','0','0','monitor:operlog:list','form','admin','2025-07-18 18:58:46','',NULL,'操作日志菜单'),(501,'登录日志',108,2,'logininfor','monitor/logininfor/index','','',1,0,'C','0','0','monitor:logininfor:list','logininfor','admin','2025-07-18 18:58:46','',NULL,'登录日志菜单'),(1000,'用户查询',100,1,'','','','',1,0,'F','0','0','system:user:query','#','admin','2025-07-18 18:58:46','',NULL,''),(1001,'用户新增',100,2,'','','','',1,0,'F','0','0','system:user:add','#','admin','2025-07-18 18:58:46','',NULL,''),(1002,'用户修改',100,3,'','','','',1,0,'F','0','0','system:user:edit','#','admin','2025-07-18 18:58:46','',NULL,''),(1003,'用户删除',100,4,'','','','',1,0,'F','0','0','system:user:remove','#','admin','2025-07-18 18:58:46','',NULL,''),(1004,'用户导出',100,5,'','','','',1,0,'F','0','0','system:user:export','#','admin','2025-07-18 18:58:46','',NULL,''),(1005,'用户导入',100,6,'','','','',1,0,'F','0','0','system:user:import','#','admin','2025-07-18 18:58:46','',NULL,''),(1006,'重置密码',100,7,'','','','',1,0,'F','0','0','system:user:resetPwd','#','admin','2025-07-18 18:58:46','',NULL,''),(1007,'角色查询',101,1,'','','','',1,0,'F','0','0','system:role:query','#','admin','2025-07-18 18:58:46','',NULL,''),(1008,'角色新增',101,2,'','','','',1,0,'F','0','0','system:role:add','#','admin','2025-07-18 18:58:46','',NULL,''),(1009,'角色修改',101,3,'','','','',1,0,'F','0','0','system:role:edit','#','admin','2025-07-18 18:58:46','',NULL,''),(1010,'角色删除',101,4,'','','','',1,0,'F','0','0','system:role:remove','#','admin','2025-07-18 18:58:46','',NULL,''),(1011,'角色导出',101,5,'','','','',1,0,'F','0','0','system:role:export','#','admin','2025-07-18 18:58:46','',NULL,''),(1012,'菜单查询',102,1,'','','','',1,0,'F','0','0','system:menu:query','#','admin','2025-07-18 18:58:46','',NULL,''),(1013,'菜单新增',102,2,'','','','',1,0,'F','0','0','system:menu:add','#','admin','2025-07-18 18:58:46','',NULL,''),(1014,'菜单修改',102,3,'','','','',1,0,'F','0','0','system:menu:edit','#','admin','2025-07-18 18:58:46','',NULL,''),(1015,'菜单删除',102,4,'','','','',1,0,'F','0','0','system:menu:remove','#','admin','2025-07-18 18:58:46','',NULL,''),(1016,'部门查询',103,1,'','','','',1,0,'F','0','0','system:dept:query','#','admin','2025-07-18 18:58:46','',NULL,''),(1017,'部门新增',103,2,'','','','',1,0,'F','0','0','system:dept:add','#','admin','2025-07-18 18:58:46','',NULL,''),(1018,'部门修改',103,3,'','','','',1,0,'F','0','0','system:dept:edit','#','admin','2025-07-18 18:58:46','',NULL,''),(1019,'部门删除',103,4,'','','','',1,0,'F','0','0','system:dept:remove','#','admin','2025-07-18 18:58:46','',NULL,''),(1020,'岗位查询',104,1,'','','','',1,0,'F','0','0','system:post:query','#','admin','2025-07-18 18:58:46','',NULL,''),(1021,'岗位新增',104,2,'','','','',1,0,'F','0','0','system:post:add','#','admin','2025-07-18 18:58:46','',NULL,''),(1022,'岗位修改',104,3,'','','','',1,0,'F','0','0','system:post:edit','#','admin','2025-07-18 18:58:46','',NULL,''),(1023,'岗位删除',104,4,'','','','',1,0,'F','0','0','system:post:remove','#','admin','2025-07-18 18:58:46','',NULL,''),(1024,'岗位导出',104,5,'','','','',1,0,'F','0','0','system:post:export','#','admin','2025-07-18 18:58:46','',NULL,''),(1025,'字典查询',105,1,'#','','','',1,0,'F','0','0','system:dict:query','#','admin','2025-07-18 18:58:46','',NULL,''),(1026,'字典新增',105,2,'#','','','',1,0,'F','0','0','system:dict:add','#','admin','2025-07-18 18:58:46','',NULL,''),(1027,'字典修改',105,3,'#','','','',1,0,'F','0','0','system:dict:edit','#','admin','2025-07-18 18:58:46','',NULL,''),(1028,'字典删除',105,4,'#','','','',1,0,'F','0','0','system:dict:remove','#','admin','2025-07-18 18:58:46','',NULL,''),(1029,'字典导出',105,5,'#','','','',1,0,'F','0','0','system:dict:export','#','admin','2025-07-18 18:58:46','',NULL,''),(1030,'参数查询',106,1,'#','','','',1,0,'F','0','0','system:config:query','#','admin','2025-07-18 18:58:46','',NULL,''),(1031,'参数新增',106,2,'#','','','',1,0,'F','0','0','system:config:add','#','admin','2025-07-18 18:58:46','',NULL,''),(1032,'参数修改',106,3,'#','','','',1,0,'F','0','0','system:config:edit','#','admin','2025-07-18 18:58:46','',NULL,''),(1033,'参数删除',106,4,'#','','','',1,0,'F','0','0','system:config:remove','#','admin','2025-07-18 18:58:46','',NULL,''),(1034,'参数导出',106,5,'#','','','',1,0,'F','0','0','system:config:export','#','admin','2025-07-18 18:58:46','',NULL,''),(1035,'公告查询',107,1,'#','','','',1,0,'F','0','0','system:notice:query','#','admin','2025-07-18 18:58:46','',NULL,''),(1036,'公告新增',107,2,'#','','','',1,0,'F','0','0','system:notice:add','#','admin','2025-07-18 18:58:46','',NULL,''),(1037,'公告修改',107,3,'#','','','',1,0,'F','0','0','system:notice:edit','#','admin','2025-07-18 18:58:46','',NULL,''),(1038,'公告删除',107,4,'#','','','',1,0,'F','0','0','system:notice:remove','#','admin','2025-07-18 18:58:46','',NULL,''),(1039,'操作查询',500,1,'#','','','',1,0,'F','0','0','monitor:operlog:query','#','admin','2025-07-18 18:58:46','',NULL,''),(1040,'操作删除',500,2,'#','','','',1,0,'F','0','0','monitor:operlog:remove','#','admin','2025-07-18 18:58:46','',NULL,''),(1041,'日志导出',500,3,'#','','','',1,0,'F','0','0','monitor:operlog:export','#','admin','2025-07-18 18:58:46','',NULL,''),(1042,'登录查询',501,1,'#','','','',1,0,'F','0','0','monitor:logininfor:query','#','admin','2025-07-18 18:58:46','',NULL,''),(1043,'登录删除',501,2,'#','','','',1,0,'F','0','0','monitor:logininfor:remove','#','admin','2025-07-18 18:58:46','',NULL,''),(1044,'日志导出',501,3,'#','','','',1,0,'F','0','0','monitor:logininfor:export','#','admin','2025-07-18 18:58:46','',NULL,''),(1045,'账户解锁',501,4,'#','','','',1,0,'F','0','0','monitor:logininfor:unlock','#','admin','2025-07-18 18:58:46','',NULL,''),(1046,'在线查询',109,1,'#','','','',1,0,'F','0','0','monitor:online:query','#','admin','2025-07-18 18:58:46','',NULL,''),(1047,'批量强退',109,2,'#','','','',1,0,'F','0','0','monitor:online:batchLogout','#','admin','2025-07-18 18:58:46','',NULL,''),(1048,'单条强退',109,3,'#','','','',1,0,'F','0','0','monitor:online:forceLogout','#','admin','2025-07-18 18:58:46','',NULL,''),(1049,'任务查询',110,1,'#','','','',1,0,'F','0','0','monitor:job:query','#','admin','2025-07-18 18:58:46','',NULL,''),(1050,'任务新增',110,2,'#','','','',1,0,'F','0','0','monitor:job:add','#','admin','2025-07-18 18:58:46','',NULL,''),(1051,'任务修改',110,3,'#','','','',1,0,'F','0','0','monitor:job:edit','#','admin','2025-07-18 18:58:46','',NULL,''),(1052,'任务删除',110,4,'#','','','',1,0,'F','0','0','monitor:job:remove','#','admin','2025-07-18 18:58:46','',NULL,''),(1053,'状态修改',110,5,'#','','','',1,0,'F','0','0','monitor:job:changeStatus','#','admin','2025-07-18 18:58:46','',NULL,''),(1054,'任务导出',110,6,'#','','','',1,0,'F','0','0','monitor:job:export','#','admin','2025-07-18 18:58:46','',NULL,''),(1055,'生成查询',116,1,'#','','','',1,0,'F','0','0','tool:gen:query','#','admin','2025-07-18 18:58:46','',NULL,''),(1056,'生成修改',116,2,'#','','','',1,0,'F','0','0','tool:gen:edit','#','admin','2025-07-18 18:58:46','',NULL,''),(1057,'生成删除',116,3,'#','','','',1,0,'F','0','0','tool:gen:remove','#','admin','2025-07-18 18:58:46','',NULL,''),(1058,'导入代码',116,4,'#','','','',1,0,'F','0','0','tool:gen:import','#','admin','2025-07-18 18:58:46','',NULL,''),(1059,'预览代码',116,5,'#','','','',1,0,'F','0','0','tool:gen:preview','#','admin','2025-07-18 18:58:46','',NULL,''),(1060,'生成代码',116,6,'#','','','',1,0,'F','0','0','tool:gen:code','#','admin','2025-07-18 18:58:46','',NULL,''),(2001,'文章管理',2007,1,'article','blog/article/index',NULL,'',1,0,'C','0','0','system:article:list','edit','admin','2025-07-18 20:11:29','admin','2025-08-26 15:33:03','博客文章菜单'),(2002,'博客文章查询',2001,1,'#','',NULL,'',1,0,'F','0','0','system:article:query','#','admin','2025-07-18 20:11:29','',NULL,''),(2003,'博客文章新增',2001,2,'#','',NULL,'',1,0,'F','0','0','system:article:add','#','admin','2025-07-18 20:11:29','',NULL,''),(2004,'博客文章修改',2001,3,'#','',NULL,'',1,0,'F','0','0','system:article:edit','#','admin','2025-07-18 20:11:29','',NULL,''),(2005,'博客文章删除',2001,4,'#','',NULL,'',1,0,'F','0','0','system:article:remove','#','admin','2025-07-18 20:11:29','',NULL,''),(2006,'博客文章导出',2001,5,'#','',NULL,'',1,0,'F','0','0','system:article:export','#','admin','2025-07-18 20:11:29','',NULL,''),(2007,'博客管理',0,1,'blog',NULL,NULL,'',1,0,'M','0','0','','documentation','admin','2025-08-26 15:33:03','',NULL,'博客管理目录'),(2008,'分类管理',2007,2,'category','blog/category/index',NULL,'',1,0,'C','0','0','system:category:list','list','admin','2025-08-26 15:33:03','',NULL,'博客分类管理菜单'),(2009,'标签管理',2007,3,'tag','blog/tag/index',NULL,'',1,0,'C','0','0','system:tag:list','tab','admin','2025-08-26 15:33:03','admin','2025-08-26 15:36:12','博客标签管理菜单'),(2010,'分类查询',2008,1,'#','',NULL,'',1,0,'F','0','0','system:category:query','#','admin','2025-08-26 15:33:03','',NULL,''),(2011,'分类新增',2008,2,'#','',NULL,'',1,0,'F','0','0','system:category:add','#','admin','2025-08-26 15:33:03','',NULL,''),(2012,'分类修改',2008,3,'#','',NULL,'',1,0,'F','0','0','system:category:edit','#','admin','2025-08-26 15:33:03','',NULL,''),(2013,'分类删除',2008,4,'#','',NULL,'',1,0,'F','0','0','system:category:remove','#','admin','2025-08-26 15:33:03','',NULL,''),(2014,'分类导出',2008,5,'#','',NULL,'',1,0,'F','0','0','system:category:export','#','admin','2025-08-26 15:33:03','',NULL,''),(2015,'标签查询',2009,1,'#','',NULL,'',1,0,'F','0','0','system:tag:query','#','admin','2025-08-26 15:33:03','',NULL,''),(2016,'标签新增',2009,2,'#','',NULL,'',1,0,'F','0','0','system:tag:add','#','admin','2025-08-26 15:33:03','',NULL,''),(2017,'标签修改',2009,3,'#','',NULL,'',1,0,'F','0','0','system:tag:edit','#','admin','2025-08-26 15:33:03','',NULL,''),(2018,'标签删除',2009,4,'#','',NULL,'',1,0,'F','0','0','system:tag:remove','#','admin','2025-08-26 15:33:03','',NULL,''),(2019,'标签导出',2009,5,'#','',NULL,'',1,0,'F','0','0','system:tag:export','#','admin','2025-08-26 15:33:03','',NULL,''),(2039,'评论管理',2020,4,'comment','blog/comment/index',NULL,'',1,0,'C','0','0','system:comment:list','comment','admin','2025-10-14 11:50:56','',NULL,'评论管理菜单'),(2040,'评论查询',2038,1,'#','',NULL,'',1,0,'F','0','0','system:comment:query','#','admin','2025-10-14 11:50:56','',NULL,''),(2041,'评论新增',2038,2,'#','',NULL,'',1,0,'F','0','0','system:comment:add','#','admin','2025-10-14 11:50:56','',NULL,''),(2042,'评论修改',2038,3,'#','',NULL,'',1,0,'F','0','0','system:comment:edit','#','admin','2025-10-14 11:50:56','',NULL,''),(2043,'评论删除',2038,4,'#','',NULL,'',1,0,'F','0','0','system:comment:remove','#','admin','2025-10-14 11:50:56','',NULL,''),(2044,'评论导出',2038,5,'#','',NULL,'',1,0,'F','0','0','system:comment:export','#','admin','2025-10-14 11:50:56','',NULL,''),(2045,'友链管理',2020,5,'friendLink','blog/friendLink/index',NULL,'',1,0,'C','0','0','system:friendLink:list','link','admin','2025-10-14 11:50:56','',NULL,'友链管理菜单'),(2046,'友链查询',2044,1,'#','',NULL,'',1,0,'F','0','0','system:friendLink:query','#','admin','2025-10-14 11:50:56','',NULL,''),(2047,'友链新增',2044,2,'#','',NULL,'',1,0,'F','0','0','system:friendLink:add','#','admin','2025-10-14 11:50:56','',NULL,''),(2048,'友链修改',2044,3,'#','',NULL,'',1,0,'F','0','0','system:friendLink:edit','#','admin','2025-10-14 11:50:56','',NULL,''),(2049,'友链删除',2044,4,'#','',NULL,'',1,0,'F','0','0','system:friendLink:remove','#','admin','2025-10-14 11:50:56','',NULL,''),(2050,'友链导出',2044,5,'#','',NULL,'',1,0,'F','0','0','system:friendLink:export','#','admin','2025-10-14 11:50:56','',NULL,''),(2051,'博客设置',2020,6,'setting','blog/setting/index',NULL,'',1,0,'C','0','0','system:setting:list','setting','admin','2025-10-14 11:50:56','',NULL,'博客设置菜单'),(2052,'设置查询',2050,1,'#','',NULL,'',1,0,'F','0','0','system:setting:query','#','admin','2025-10-14 11:50:56','',NULL,''),(2053,'设置新增',2050,2,'#','',NULL,'',1,0,'F','0','0','system:setting:add','#','admin','2025-10-14 11:50:56','',NULL,''),(2054,'设置修改',2050,3,'#','',NULL,'',1,0,'F','0','0','system:setting:edit','#','admin','2025-10-14 11:50:57','',NULL,''),(2055,'设置删除',2050,4,'#','',NULL,'',1,0,'F','0','0','system:setting:remove','#','admin','2025-10-14 11:50:57','',NULL,'');
/*!40000 ALTER TABLE `sys_menu` ENABLE KEYS */;
UNLOCK TABLES;

--
-- Table structure for table `sys_notice`
--

DROP TABLE IF EXISTS `sys_notice`;
/*!40101 SET @saved_cs_client     = @@character_set_client */;
/*!50503 SET character_set_client = utf8mb4 */;
CREATE TABLE `sys_notice` (
  `notice_id` int NOT NULL AUTO_INCREMENT COMMENT '公告ID',
  `notice_title` varchar(50) NOT NULL COMMENT '公告标题',
  `notice_type` char(1) NOT NULL COMMENT '公告类型（1通知 2公告）',
  `notice_content` longblob COMMENT '公告内容',
  `status` char(1) DEFAULT '0' COMMENT '公告状态（0正常 1关闭）',
  `create_by` varchar(64) DEFAULT '' COMMENT '创建者',
  `create_time` datetime DEFAULT NULL COMMENT '创建时间',
  `update_by` varchar(64) DEFAULT '' COMMENT '更新者',
  `update_time` datetime DEFAULT NULL COMMENT '更新时间',
  `remark` varchar(255) DEFAULT NULL COMMENT '备注',
  PRIMARY KEY (`notice_id`)
) ENGINE=InnoDB AUTO_INCREMENT=10 DEFAULT CHARSET=utf8mb4 COLLATE=utf8mb4_0900_ai_ci COMMENT='通知公告表';
/*!40101 SET character_set_client = @saved_cs_client */;

--
-- Dumping data for table `sys_notice`
--

LOCK TABLES `sys_notice` WRITE;
/*!40000 ALTER TABLE `sys_notice` DISABLE KEYS */;
INSERT INTO `sys_notice` VALUES (1,'温馨提醒：2018-07-01 若依新版本发布啦','2',_binary '新版本内容','0','admin','2025-07-18 18:58:46','',NULL,'管理员'),(2,'维护通知：2018-07-01 若依系统凌晨维护','1',_binary '维护内容','0','admin','2025-07-18 18:58:46','',NULL,'管理员');
/*!40000 ALTER TABLE `sys_notice` ENABLE KEYS */;
UNLOCK TABLES;

--
-- Table structure for table `sys_oper_log`
--

DROP TABLE IF EXISTS `sys_oper_log`;
/*!40101 SET @saved_cs_client     = @@character_set_client */;
/*!50503 SET character_set_client = utf8mb4 */;
CREATE TABLE `sys_oper_log` (
  `oper_id` bigint NOT NULL AUTO_INCREMENT COMMENT '日志主键',
  `title` varchar(50) DEFAULT '' COMMENT '模块标题',
  `business_type` int DEFAULT '0' COMMENT '业务类型（0其它 1新增 2修改 3删除）',
  `method` varchar(200) DEFAULT '' COMMENT '方法名称',
  `request_method` varchar(10) DEFAULT '' COMMENT '请求方式',
  `operator_type` int DEFAULT '0' COMMENT '操作类别（0其它 1后台用户 2手机端用户）',
  `oper_name` varchar(50) DEFAULT '' COMMENT '操作人员',
  `dept_name` varchar(50) DEFAULT '' COMMENT '部门名称',
  `oper_url` varchar(255) DEFAULT '' COMMENT '请求URL',
  `oper_ip` varchar(128) DEFAULT '' COMMENT '主机地址',
  `oper_location` varchar(255) DEFAULT '' COMMENT '操作地点',
  `oper_param` varchar(2000) DEFAULT '' COMMENT '请求参数',
  `json_result` varchar(2000) DEFAULT '' COMMENT '返回参数',
  `status` int DEFAULT '0' COMMENT '操作状态（0正常 1异常）',
  `error_msg` varchar(2000) DEFAULT '' COMMENT '错误消息',
  `oper_time` datetime DEFAULT NULL COMMENT '操作时间',
  `cost_time` bigint DEFAULT '0' COMMENT '消耗时间',
  PRIMARY KEY (`oper_id`),
  KEY `idx_sys_oper_log_bt` (`business_type`),
  KEY `idx_sys_oper_log_s` (`status`),
  KEY `idx_sys_oper_log_ot` (`oper_time`)
) ENGINE=InnoDB AUTO_INCREMENT=370 DEFAULT CHARSET=utf8mb4 COLLATE=utf8mb4_0900_ai_ci COMMENT='操作日志记录';
/*!40101 SET character_set_client = @saved_cs_client */;

--
-- Dumping data for table `sys_oper_log`
--

LOCK TABLES `sys_oper_log` WRITE;
/*!40000 ALTER TABLE `sys_oper_log` DISABLE KEYS */;
INSERT INTO `sys_oper_log` VALUES (100,'创建表',0,'com.ruoyi.generator.controller.GenController.createTableSave()','POST',1,'admin','研发部门','/tool/gen/createTable','127.0.0.1','内网IP','{\"sql\":\"CREATE TABLE blog_article (\\n    id BIGINT PRIMARY KEY AUTO_INCREMENT COMMENT \'主键ID\',\\n    title VARCHAR(255) NOT NULL COMMENT \'文章标题\',\\n    summary VARCHAR(512) COMMENT \'摘要\',\\n    content LONGTEXT NOT NULL COMMENT \'文章内容\',\\n    cover_url VARCHAR(512) COMMENT \'封面图片\',\\n    category_id BIGINT COMMENT \'分类ID\',\\n    author_id BIGINT NOT NULL COMMENT \'作者ID（关联sys_user）\',\\n    is_top TINYINT DEFAULT 0 COMMENT \'是否置顶 0否 1是\',\\n    is_recommend TINYINT DEFAULT 0 COMMENT \'是否推荐 0否 1是\',\\n    status TINYINT DEFAULT 1 COMMENT \'状态 0草稿 1发布\',\\n    view_count INT DEFAULT 0 COMMENT \'浏览量\',\\n    like_count INT DEFAULT 0 COMMENT \'点赞数\',\\n    comment_count INT DEFAULT 0 COMMENT \'评论数\',\\n    create_time DATETIME DEFAULT CURRENT_TIMESTAMP COMMENT \'创建时间\',\\n    update_time DATETIME DEFAULT CURRENT_TIMESTAMP ON UPDATE CURRENT_TIMESTAMP COMMENT \'更新时间\',\\n    del_flag TINYINT DEFAULT 0 COMMENT \'删除标志 0正常 1删除\'\\n) COMMENT=\'博客文章表\';\"}','{\"msg\":\"创建表结构异常\",\"code\":500}',0,NULL,'2025-07-18 19:37:07',50),(101,'创建表',0,'com.ruoyi.generator.controller.GenController.createTableSave()','POST',1,'admin','研发部门','/tool/gen/createTable','127.0.0.1','内网IP','{\"sql\":\"CREATE TABLE blog_article (\\n    id BIGINT PRIMARY KEY AUTO_INCREMENT COMMENT \'主键ID\',\\n    title VARCHAR(255) NOT NULL COMMENT \'文章标题\',\\n    summary VARCHAR(512) COMMENT \'摘要\',\\n    content LONGTEXT NOT NULL COMMENT \'文章内容\',\\n    cover_url VARCHAR(512) COMMENT \'封面图片\',\\n    category_id BIGINT COMMENT \'分类ID\',\\n    author_id BIGINT NOT NULL COMMENT \'作者ID（关联sys_user）\',\\n    is_top TINYINT DEFAULT 0 COMMENT \'是否置顶 0否 1是\',\\n    is_recommend TINYINT DEFAULT 0 COMMENT \'是否推荐 0否 1是\',\\n    status TINYINT DEFAULT 1 COMMENT \'状态 0草稿 1发布\',\\n    view_count INT DEFAULT 0 COMMENT \'浏览量\',\\n    like_count INT DEFAULT 0 COMMENT \'点赞数\',\\n    comment_count INT DEFAULT 0 COMMENT \'评论数\',\\n    create_time DATETIME DEFAULT CURRENT_TIMESTAMP COMMENT \'创建时间\',\\n    update_time DATETIME DEFAULT CURRENT_TIMESTAMP ON UPDATE CURRENT_TIMESTAMP COMMENT \'更新时间\',\\n    del_flag TINYINT DEFAULT 0 COMMENT \'删除标志 0正常 1删除\'\\n) COMMENT=\'博客文章表\';\"}','{\"msg\":\"创建表结构异常\",\"code\":500}',0,NULL,'2025-07-18 19:41:22',7),(102,'代码生成',6,'com.ruoyi.generator.controller.GenController.importTableSave()','POST',1,'admin','研发部门','/tool/gen/importTable','127.0.0.1','内网IP','{\"tables\":\"blog_article,blog_category,blog_tag,blog_article_tag,blog_comment,blog_friend_link,blog_setting\"}','{\"msg\":\"操作成功\",\"code\":200}',0,NULL,'2025-07-18 19:47:39',208),(103,'代码生成',2,'com.ruoyi.generator.controller.GenController.editSave()','PUT',1,'admin','研发部门','/tool/gen','127.0.0.1','内网IP','{\"businessName\":\"article\",\"className\":\"BlogArticle\",\"columns\":[{\"capJavaField\":\"Id\",\"columnComment\":\"主键ID\",\"columnId\":1,\"columnName\":\"id\",\"columnType\":\"bigint\",\"createBy\":\"admin\",\"createTime\":\"2025-07-18 19:47:38\",\"dictType\":\"\",\"edit\":false,\"htmlType\":\"input\",\"increment\":true,\"insert\":true,\"isIncrement\":\"1\",\"isInsert\":\"1\",\"isPk\":\"1\",\"isRequired\":\"0\",\"javaField\":\"id\",\"javaType\":\"Long\",\"list\":false,\"params\":{},\"pk\":true,\"query\":false,\"queryType\":\"EQ\",\"required\":false,\"sort\":1,\"superColumn\":false,\"tableId\":1,\"updateBy\":\"\",\"usableColumn\":false},{\"capJavaField\":\"Title\",\"columnComment\":\"文章标题\",\"columnId\":2,\"columnName\":\"title\",\"columnType\":\"varchar(255)\",\"createBy\":\"admin\",\"createTime\":\"2025-07-18 19:47:38\",\"dictType\":\"\",\"edit\":true,\"htmlType\":\"input\",\"increment\":false,\"insert\":true,\"isEdit\":\"1\",\"isIncrement\":\"0\",\"isInsert\":\"1\",\"isList\":\"1\",\"isPk\":\"0\",\"isQuery\":\"1\",\"isRequired\":\"1\",\"javaField\":\"title\",\"javaType\":\"String\",\"list\":true,\"params\":{},\"pk\":false,\"query\":true,\"queryType\":\"EQ\",\"required\":true,\"sort\":2,\"superColumn\":false,\"tableId\":1,\"updateBy\":\"\",\"usableColumn\":false},{\"capJavaField\":\"Summary\",\"columnComment\":\"摘要\",\"columnId\":3,\"columnName\":\"summary\",\"columnType\":\"varchar(512)\",\"createBy\":\"admin\",\"createTime\":\"2025-07-18 19:47:38\",\"dictType\":\"\",\"edit\":true,\"htmlType\":\"textarea\",\"increment\":false,\"insert\":true,\"isEdit\":\"1\",\"isIncrement\":\"0\",\"isInsert\":\"1\",\"isList\":\"1\",\"isPk\":\"0\",\"isQuery\":\"1\",\"isRequired\":\"0\",\"javaField\":\"summary\",\"javaType\":\"String\",\"list\":true,\"params\":{},\"pk\":false,\"query\":true,\"queryType\":\"EQ\",\"required\":false,\"sort\":3,\"superColumn\":false,\"tableId\":1,\"updateBy\":\"\",\"usableColumn\":false},{\"capJavaField\":\"Content\",\"columnComment\":\"文章内容\",\"columnId\":4,\"columnName\":\"content\",\"columnType\":\"longtext\",\"createBy\":\"admin\",\"createTime\":\"2025-07-18 19:47:38\",\"dictType\":\"\",\"edit\":true,\"htmlType\":\"editor\",\"increment\":false,\"insert\":true,\"isEdit\":\"1\",\"isIncrement\":\"0\",\"isInsert\":\"1\",\"isList\":\"1\",\"isPk\":\"0\",\"isQuery\":\"1\",\"isRequired\":\"1\",\"javaField\":\"content\",\"ja','{\"msg\":\"操作成功\",\"code\":200}',0,NULL,'2025-07-18 19:48:13',88),(104,'代码生成',2,'com.ruoyi.generator.controller.GenController.synchDb()','GET',1,'admin','研发部门','/tool/gen/synchDb/blog_article','127.0.0.1','内网IP','{}','{\"msg\":\"操作成功\",\"code\":200}',0,NULL,'2025-07-18 19:50:14',66),(105,'代码生成',2,'com.ruoyi.generator.controller.GenController.synchDb()','GET',1,'admin','研发部门','/tool/gen/synchDb/blog_article_tag','127.0.0.1','内网IP','{}','{\"msg\":\"操作成功\",\"code\":200}',0,NULL,'2025-07-18 19:50:18',20),(106,'代码生成',2,'com.ruoyi.generator.controller.GenController.synchDb()','GET',1,'admin','研发部门','/tool/gen/synchDb/blog_category','127.0.0.1','内网IP','{}','{\"msg\":\"操作成功\",\"code\":200}',0,NULL,'2025-07-18 19:50:20',25),(107,'代码生成',2,'com.ruoyi.generator.controller.GenController.synchDb()','GET',1,'admin','研发部门','/tool/gen/synchDb/blog_comment','127.0.0.1','内网IP','{}','{\"msg\":\"操作成功\",\"code\":200}',0,NULL,'2025-07-18 19:50:23',32),(108,'代码生成',2,'com.ruoyi.generator.controller.GenController.synchDb()','GET',1,'admin','研发部门','/tool/gen/synchDb/blog_friend_link','127.0.0.1','内网IP','{}','{\"msg\":\"操作成功\",\"code\":200}',0,NULL,'2025-07-18 19:50:26',26),(109,'代码生成',2,'com.ruoyi.generator.controller.GenController.editSave()','PUT',1,'admin','研发部门','/tool/gen','127.0.0.1','内网IP','{\"businessName\":\"setting\",\"className\":\"BlogSetting\",\"columns\":[{\"capJavaField\":\"Id\",\"columnComment\":\"主键ID\",\"columnId\":43,\"columnName\":\"id\",\"columnType\":\"bigint\",\"createBy\":\"admin\",\"createTime\":\"2025-07-18 19:47:38\",\"dictType\":\"\",\"edit\":false,\"htmlType\":\"input\",\"increment\":true,\"insert\":true,\"isIncrement\":\"1\",\"isInsert\":\"1\",\"isPk\":\"1\",\"isRequired\":\"0\",\"javaField\":\"id\",\"javaType\":\"Long\",\"list\":false,\"params\":{},\"pk\":true,\"query\":false,\"queryType\":\"EQ\",\"required\":false,\"sort\":1,\"superColumn\":false,\"tableId\":6,\"updateBy\":\"\",\"usableColumn\":false},{\"capJavaField\":\"ConfigKey\",\"columnComment\":\"配置项Key\",\"columnId\":44,\"columnName\":\"config_key\",\"columnType\":\"varchar(64)\",\"createBy\":\"admin\",\"createTime\":\"2025-07-18 19:47:38\",\"dictType\":\"\",\"edit\":true,\"htmlType\":\"input\",\"increment\":false,\"insert\":true,\"isEdit\":\"1\",\"isIncrement\":\"0\",\"isInsert\":\"1\",\"isList\":\"1\",\"isPk\":\"0\",\"isQuery\":\"1\",\"isRequired\":\"1\",\"javaField\":\"configKey\",\"javaType\":\"String\",\"list\":true,\"params\":{},\"pk\":false,\"query\":true,\"queryType\":\"EQ\",\"required\":true,\"sort\":2,\"superColumn\":false,\"tableId\":6,\"updateBy\":\"\",\"usableColumn\":false},{\"capJavaField\":\"ConfigValue\",\"columnComment\":\"配置项Value\",\"columnId\":45,\"columnName\":\"config_value\",\"columnType\":\"varchar(1024)\",\"createBy\":\"admin\",\"createTime\":\"2025-07-18 19:47:38\",\"dictType\":\"\",\"edit\":true,\"htmlType\":\"textarea\",\"increment\":false,\"insert\":true,\"isEdit\":\"1\",\"isIncrement\":\"0\",\"isInsert\":\"1\",\"isList\":\"1\",\"isPk\":\"0\",\"isQuery\":\"1\",\"isRequired\":\"0\",\"javaField\":\"configValue\",\"javaType\":\"String\",\"list\":true,\"params\":{},\"pk\":false,\"query\":true,\"queryType\":\"EQ\",\"required\":false,\"sort\":3,\"superColumn\":false,\"tableId\":6,\"updateBy\":\"\",\"usableColumn\":false},{\"capJavaField\":\"Description\",\"columnComment\":\"描述\",\"columnId\":46,\"columnName\":\"description\",\"columnType\":\"varchar(255)\",\"createBy\":\"admin\",\"createTime\":\"2025-07-18 19:47:38\",\"dictType\":\"\",\"edit\":true,\"htmlType\":\"input\",\"increment\":false,\"insert\":true,\"isEdit\":\"1\",\"isIncrement\":\"0\",\"isInsert\":\"1\",\"isList\":\"1\",\"isPk\":\"0\",\"isQuery\"','{\"msg\":\"操作成功\",\"code\":200}',0,NULL,'2025-07-18 19:51:09',27),(110,'代码生成',2,'com.ruoyi.generator.controller.GenController.editSave()','PUT',1,'admin','研发部门','/tool/gen','127.0.0.1','内网IP','{\"businessName\":\"article\",\"className\":\"BlogArticle\",\"columns\":[{\"capJavaField\":\"Id\",\"columnComment\":\"主键ID\",\"columnId\":1,\"columnName\":\"id\",\"columnType\":\"bigint\",\"createBy\":\"admin\",\"createTime\":\"2025-07-18 19:47:38\",\"dictType\":\"\",\"edit\":false,\"htmlType\":\"input\",\"increment\":true,\"insert\":true,\"isIncrement\":\"1\",\"isInsert\":\"1\",\"isPk\":\"1\",\"isRequired\":\"0\",\"javaField\":\"id\",\"javaType\":\"Long\",\"list\":false,\"params\":{},\"pk\":true,\"query\":false,\"queryType\":\"EQ\",\"required\":false,\"sort\":1,\"superColumn\":false,\"tableId\":1,\"updateBy\":\"\",\"updateTime\":\"2025-07-18 19:50:14\",\"usableColumn\":false},{\"capJavaField\":\"Title\",\"columnComment\":\"文章标题\",\"columnId\":2,\"columnName\":\"title\",\"columnType\":\"varchar(255)\",\"createBy\":\"admin\",\"createTime\":\"2025-07-18 19:47:38\",\"dictType\":\"\",\"edit\":true,\"htmlType\":\"input\",\"increment\":false,\"insert\":true,\"isEdit\":\"1\",\"isIncrement\":\"0\",\"isInsert\":\"1\",\"isList\":\"1\",\"isPk\":\"0\",\"isQuery\":\"1\",\"isRequired\":\"1\",\"javaField\":\"title\",\"javaType\":\"String\",\"list\":true,\"params\":{},\"pk\":false,\"query\":true,\"queryType\":\"EQ\",\"required\":true,\"sort\":2,\"superColumn\":false,\"tableId\":1,\"updateBy\":\"\",\"updateTime\":\"2025-07-18 19:50:14\",\"usableColumn\":false},{\"capJavaField\":\"Summary\",\"columnComment\":\"摘要\",\"columnId\":3,\"columnName\":\"summary\",\"columnType\":\"varchar(512)\",\"createBy\":\"admin\",\"createTime\":\"2025-07-18 19:47:38\",\"dictType\":\"\",\"edit\":true,\"htmlType\":\"textarea\",\"increment\":false,\"insert\":true,\"isEdit\":\"1\",\"isIncrement\":\"0\",\"isInsert\":\"1\",\"isList\":\"1\",\"isPk\":\"0\",\"isQuery\":\"1\",\"isRequired\":\"0\",\"javaField\":\"summary\",\"javaType\":\"String\",\"list\":true,\"params\":{},\"pk\":false,\"query\":true,\"queryType\":\"EQ\",\"required\":false,\"sort\":3,\"superColumn\":false,\"tableId\":1,\"updateBy\":\"\",\"updateTime\":\"2025-07-18 19:50:14\",\"usableColumn\":false},{\"capJavaField\":\"Content\",\"columnComment\":\"文章内容\",\"columnId\":4,\"columnName\":\"content\",\"columnType\":\"longtext\",\"createBy\":\"admin\",\"createTime\":\"2025-07-18 19:47:38\",\"dictType\":\"\",\"edit\":true,\"htmlType\":\"editor\",\"increment\":false,\"insert\":true,\"isEdit\":\"1\",\"isIncre','{\"msg\":\"操作成功\",\"code\":200}',0,NULL,'2025-07-18 19:57:05',143),(111,'代码生成',2,'com.ruoyi.generator.controller.GenController.editSave()','PUT',1,'admin','研发部门','/tool/gen','127.0.0.1','内网IP','{\"businessName\":\"article\",\"className\":\"BlogArticle\",\"columns\":[{\"capJavaField\":\"Id\",\"columnComment\":\"主键ID\",\"columnId\":1,\"columnName\":\"id\",\"columnType\":\"bigint\",\"createBy\":\"admin\",\"createTime\":\"2025-07-18 19:47:38\",\"dictType\":\"\",\"edit\":false,\"htmlType\":\"input\",\"increment\":true,\"insert\":true,\"isIncrement\":\"1\",\"isInsert\":\"1\",\"isPk\":\"1\",\"isRequired\":\"0\",\"javaField\":\"id\",\"javaType\":\"Long\",\"list\":false,\"params\":{},\"pk\":true,\"query\":false,\"queryType\":\"EQ\",\"required\":false,\"sort\":1,\"superColumn\":false,\"tableId\":1,\"updateBy\":\"\",\"updateTime\":\"2025-07-18 19:57:05\",\"usableColumn\":false},{\"capJavaField\":\"Title\",\"columnComment\":\"文章标题\",\"columnId\":2,\"columnName\":\"title\",\"columnType\":\"varchar(255)\",\"createBy\":\"admin\",\"createTime\":\"2025-07-18 19:47:38\",\"dictType\":\"\",\"edit\":true,\"htmlType\":\"input\",\"increment\":false,\"insert\":true,\"isEdit\":\"1\",\"isIncrement\":\"0\",\"isInsert\":\"1\",\"isList\":\"1\",\"isPk\":\"0\",\"isQuery\":\"1\",\"isRequired\":\"1\",\"javaField\":\"title\",\"javaType\":\"String\",\"list\":true,\"params\":{},\"pk\":false,\"query\":true,\"queryType\":\"EQ\",\"required\":true,\"sort\":2,\"superColumn\":false,\"tableId\":1,\"updateBy\":\"\",\"updateTime\":\"2025-07-18 19:57:05\",\"usableColumn\":false},{\"capJavaField\":\"Summary\",\"columnComment\":\"摘要\",\"columnId\":3,\"columnName\":\"summary\",\"columnType\":\"varchar(512)\",\"createBy\":\"admin\",\"createTime\":\"2025-07-18 19:47:38\",\"dictType\":\"\",\"edit\":true,\"htmlType\":\"textarea\",\"increment\":false,\"insert\":true,\"isEdit\":\"1\",\"isIncrement\":\"0\",\"isInsert\":\"1\",\"isList\":\"1\",\"isPk\":\"0\",\"isQuery\":\"1\",\"isRequired\":\"0\",\"javaField\":\"summary\",\"javaType\":\"String\",\"list\":true,\"params\":{},\"pk\":false,\"query\":true,\"queryType\":\"EQ\",\"required\":false,\"sort\":3,\"superColumn\":false,\"tableId\":1,\"updateBy\":\"\",\"updateTime\":\"2025-07-18 19:57:05\",\"usableColumn\":false},{\"capJavaField\":\"Content\",\"columnComment\":\"文章内容\",\"columnId\":4,\"columnName\":\"content\",\"columnType\":\"longtext\",\"createBy\":\"admin\",\"createTime\":\"2025-07-18 19:47:38\",\"dictType\":\"\",\"edit\":true,\"htmlType\":\"editor\",\"increment\":false,\"insert\":true,\"isEdit\":\"1\",\"isIncre','{\"msg\":\"操作成功\",\"code\":200}',0,NULL,'2025-07-18 19:58:21',55),(112,'代码生成',2,'com.ruoyi.generator.controller.GenController.synchDb()','GET',1,'admin','研发部门','/tool/gen/synchDb/blog_article','127.0.0.1','内网IP','{}','{\"msg\":\"操作成功\",\"code\":200}',0,NULL,'2025-07-18 19:59:00',74),(113,'代码生成',8,'com.ruoyi.generator.controller.GenController.batchGenCode()','GET',1,'admin','研发部门','/tool/gen/batchGenCode','127.0.0.1','内网IP','{\"tables\":\"blog_article\"}',NULL,0,NULL,'2025-07-18 19:59:02',105),(114,'菜单管理',1,'com.ruoyi.web.controller.system.SysMenuController.add()','POST',1,'admin','研发部门','/system/menu','127.0.0.1','内网IP','{\"children\":[],\"component\":\"system:article:list\",\"createBy\":\"admin\",\"isCache\":\"0\",\"isFrame\":\"1\",\"menuName\":\"文章管理\",\"menuType\":\"C\",\"orderNum\":1,\"params\":{},\"parentId\":0,\"path\":\"system/article\",\"status\":\"0\",\"visible\":\"0\"}','{\"msg\":\"操作成功\",\"code\":200}',0,NULL,'2025-07-18 20:05:40',47),(115,'博客文章',1,'com.ruoyi.system.controller.BlogArticleController.add()','POST',1,'admin','研发部门','/system/article','127.0.0.1','内网IP','{\"content\":\"test\",\"createTime\":\"2025-07-18 20:12:47\",\"params\":{},\"title\":\"test\"}',NULL,1,'\n### Error updating database.  Cause: java.sql.SQLException: Field \'author_id\' doesn\'t have a default value\n### The error may exist in URL [jar:file:/Users/nevell/.m2/repository/com/ruoyi/ruoyi-system/3.9.0/ruoyi-system-3.9.0.jar!/mapper/system/BlogArticleMapper.xml]\n### The error may involve com.ruoyi.system.mapper.BlogArticleMapper.insertBlogArticle-Inline\n### The error occurred while setting parameters\n### SQL: insert into blog_article          ( title,                          content,                                                                                                                                  create_time )           values ( ?,                          ?,                                                                                                                                  ? )\n### Cause: java.sql.SQLException: Field \'author_id\' doesn\'t have a default value\n; Field \'author_id\' doesn\'t have a default value; nested exception is java.sql.SQLException: Field \'author_id\' doesn\'t have a default value','2025-07-18 20:12:47',59),(116,'菜单管理',3,'com.ruoyi.web.controller.system.SysMenuController.remove()','DELETE',1,'admin','研发部门','/system/menu/2000','127.0.0.1','内网IP','2000','{\"msg\":\"操作成功\",\"code\":200}',0,NULL,'2025-07-18 20:13:29',22),(117,'菜单管理',2,'com.ruoyi.web.controller.system.SysMenuController.edit()','PUT',1,'admin','研发部门','/system/menu','127.0.0.1','内网IP','{\"children\":[],\"component\":\"system/article/index\",\"createTime\":\"2025-07-18 20:11:29\",\"icon\":\"edit\",\"isCache\":\"0\",\"isFrame\":\"1\",\"menuId\":2001,\"menuName\":\"博客文章\",\"menuType\":\"C\",\"orderNum\":1,\"params\":{},\"parentId\":0,\"path\":\"article\",\"perms\":\"system:article:list\",\"routeName\":\"\",\"status\":\"0\",\"updateBy\":\"admin\",\"visible\":\"0\"}','{\"msg\":\"操作成功\",\"code\":200}',0,NULL,'2025-07-18 20:13:51',14),(118,'博客文章',1,'com.ruoyi.system.controller.BlogArticleController.add()','POST',1,'admin','研发部门','/system/article','127.0.0.1','内网IP','{\"content\":\"### Error updating database. Cause: java.sql.SQLException: Field \'author_id\' doesn\'t have a default value ### The error may exist in URL [jar:file:/Users/nevell/.m2/repository/com/ruoyi/ruoyi-system/3.9.0/ruoyi-system-3.9.0.jar!/mapper/system/BlogArticleMapper.xml] ### The error may involve com.ruoyi.system.mapper.BlogArticleMapper.insertBlogArticle-Inline ### The error occurred while setting parameters ### SQL: insert into blog_article ( title, content, create_time ) values ( ?, ?, ? ) ### Cause: java.sql.SQLException: Field \'author_id\' doesn\'t have a default value ; Field \'author_id\' doesn\'t have a default value; nested exception is java.sql.SQLException: Field \'author_id\' doesn\'t have a default value\",\"createTime\":\"2025-07-18 20:14:09\",\"params\":{},\"title\":\"test\"}',NULL,1,'\n### Error updating database.  Cause: java.sql.SQLException: Field \'author_id\' doesn\'t have a default value\n### The error may exist in URL [jar:file:/Users/nevell/.m2/repository/com/ruoyi/ruoyi-system/3.9.0/ruoyi-system-3.9.0.jar!/mapper/system/BlogArticleMapper.xml]\n### The error may involve com.ruoyi.system.mapper.BlogArticleMapper.insertBlogArticle-Inline\n### The error occurred while setting parameters\n### SQL: insert into blog_article          ( title,                          content,                                                                                                                                  create_time )           values ( ?,                          ?,                                                                                                                                  ? )\n### Cause: java.sql.SQLException: Field \'author_id\' doesn\'t have a default value\n; Field \'author_id\' doesn\'t have a default value; nested exception is java.sql.SQLException: Field \'author_id\' doesn\'t have a default value','2025-07-18 20:14:09',19),(119,'博客文章',1,'com.ruoyi.system.controller.BlogArticleController.add()','POST',1,'admin','研发部门','/system/article','127.0.0.1','内网IP','{\"content\":\"### Error updating database. Cause: java.sql.SQLException: Field \'author_id\' doesn\'t have a default value ### The error may exist in URL [jar:file:/Users/nevell/.m2/repository/com/ruoyi/ruoyi-system/3.9.0/ruoyi-system-3.9.0.jar!/mapper/system/BlogArticleMapper.xml] ### The error may involve com.ruoyi.system.mapper.BlogArticleMapper.insertBlogArticle-Inline ### The error occurred while setting parameters ### SQL: insert into blog_article ( title, content, create_time ) values ( ?, ?, ? ) ### Cause: java.sql.SQLException: Field \'author_id\' doesn\'t have a default value ; Field \'author_id\' doesn\'t have a default value; nested exception is java.sql.SQLException: Field \'author_id\' doesn\'t have a default value\",\"createTime\":\"2025-07-18 20:16:27\",\"params\":{},\"title\":\"test\"}',NULL,1,'\n### Error updating database.  Cause: java.sql.SQLException: Field \'author_id\' doesn\'t have a default value\n### The error may exist in URL [jar:file:/Users/nevell/.m2/repository/com/ruoyi/ruoyi-system/3.9.0/ruoyi-system-3.9.0.jar!/mapper/system/BlogArticleMapper.xml]\n### The error may involve com.ruoyi.system.mapper.BlogArticleMapper.insertBlogArticle-Inline\n### The error occurred while setting parameters\n### SQL: insert into blog_article          ( title,                          content,                                                                                                                                  create_time )           values ( ?,                          ?,                                                                                                                                  ? )\n### Cause: java.sql.SQLException: Field \'author_id\' doesn\'t have a default value\n; Field \'author_id\' doesn\'t have a default value; nested exception is java.sql.SQLException: Field \'author_id\' doesn\'t have a default value','2025-07-18 20:16:27',59),(120,'博客文章',1,'com.ruoyi.system.controller.BlogArticleController.add()','POST',1,'admin','研发部门','/system/article','127.0.0.1','内网IP','{\"content\":\"test\",\"createTime\":\"2025-07-18 20:17:15\",\"params\":{},\"title\":\"test\"}',NULL,1,'\n### Error updating database.  Cause: java.sql.SQLException: Field \'author_id\' doesn\'t have a default value\n### The error may exist in URL [jar:file:/Users/nevell/.m2/repository/com/ruoyi/ruoyi-system/3.9.0/ruoyi-system-3.9.0.jar!/mapper/system/BlogArticleMapper.xml]\n### The error may involve com.ruoyi.system.mapper.BlogArticleMapper.insertBlogArticle-Inline\n### The error occurred while setting parameters\n### SQL: insert into blog_article          ( title,                          content,                                                                                                                                  create_time )           values ( ?,                          ?,                                                                                                                                  ? )\n### Cause: java.sql.SQLException: Field \'author_id\' doesn\'t have a default value\n; Field \'author_id\' doesn\'t have a default value; nested exception is java.sql.SQLException: Field \'author_id\' doesn\'t have a default value','2025-07-18 20:17:15',24),(121,'博客文章',1,'com.ruoyi.system.controller.BlogArticleController.add()','POST',1,'admin','研发部门','/system/article','127.0.0.1','内网IP','{\"content\":\"快科技7月18日消息，时隔4年多，华为重回中国智能手机出货量榜首。IDC发布的数据显示，中国第二季度智能手机的出货量同比减少4%，降至6900万部。时隔6个季度出现负增长。从各厂商来看，<strong>华为以1250万部的出货量位居第一。自美国政府的制裁影响其智能手机生产、销售陷入低迷以来，4年多来重回首位。</strong>IDC指出，“品牌的强力宣传和有效的出货政策奏效”。\",\"createTime\":\"2025-07-18 20:21:48\",\"params\":{},\"title\":\"test\"}',NULL,1,'\n### Error updating database.  Cause: java.sql.SQLException: Field \'author_id\' doesn\'t have a default value\n### The error may exist in URL [jar:file:/Users/nevell/.m2/repository/com/ruoyi/ruoyi-system/3.9.0/ruoyi-system-3.9.0.jar!/mapper/system/BlogArticleMapper.xml]\n### The error may involve com.ruoyi.system.mapper.BlogArticleMapper.insertBlogArticle-Inline\n### The error occurred while setting parameters\n### SQL: insert into blog_article          ( title,                          content,                                                                                                                                  create_time )           values ( ?,                          ?,                                                                                                                                  ? )\n### Cause: java.sql.SQLException: Field \'author_id\' doesn\'t have a default value\n; Field \'author_id\' doesn\'t have a default value; nested exception is java.sql.SQLException: Field \'author_id\' doesn\'t have a default value','2025-07-18 20:21:48',42),(122,'博客文章',1,'com.ruoyi.system.controller.BlogArticleController.add()','POST',1,'admin','研发部门','/system/article','127.0.0.1','内网IP','{\"authorId\":1,\"content\":\"快科技7月18日消息，时隔4年多，华为重回中国智能手机出货量榜首。IDC发布的数据显示，中国第二季度智能手机的出货量同比减少4%，降至6900万部。时隔6个季度出现负增长。从各厂商来看，<strong>华为以1250万部的出货量位居第一。自美国政府的制裁影响其智能手机生产、销售陷入低迷以来，4年多来重回首位。</strong>IDC指出，“品牌的强力宣传和有效的出货政策奏效”。\",\"createTime\":\"2025-07-18 20:22:06\",\"id\":1,\"params\":{},\"title\":\"test\"}','{\"msg\":\"操作成功\",\"code\":200}',0,NULL,'2025-07-18 20:22:06',12),(123,'代码生成',2,'com.ruoyi.generator.controller.GenController.editSave()','PUT',1,'admin','研发部门','/tool/gen','127.0.0.1','内网IP','{\"businessName\":\"blog_article\",\"className\":\"BlogArticle\",\"columns\":[{\"capJavaField\":\"Id\",\"columnComment\":\"主键ID\",\"columnId\":1,\"columnName\":\"id\",\"columnType\":\"bigint\",\"createBy\":\"admin\",\"createTime\":\"2025-07-18 19:47:38\",\"dictType\":\"\",\"edit\":false,\"htmlType\":\"input\",\"increment\":true,\"insert\":true,\"isIncrement\":\"1\",\"isInsert\":\"1\",\"isPk\":\"1\",\"isRequired\":\"0\",\"javaField\":\"id\",\"javaType\":\"Long\",\"list\":false,\"params\":{},\"pk\":true,\"query\":false,\"queryType\":\"EQ\",\"required\":false,\"sort\":1,\"superColumn\":false,\"tableId\":1,\"updateBy\":\"\",\"updateTime\":\"2025-07-18 19:59:00\",\"usableColumn\":false},{\"capJavaField\":\"Title\",\"columnComment\":\"文章标题\",\"columnId\":2,\"columnName\":\"title\",\"columnType\":\"varchar(255)\",\"createBy\":\"admin\",\"createTime\":\"2025-07-18 19:47:38\",\"dictType\":\"\",\"edit\":true,\"htmlType\":\"input\",\"increment\":false,\"insert\":true,\"isEdit\":\"1\",\"isIncrement\":\"0\",\"isInsert\":\"1\",\"isList\":\"1\",\"isPk\":\"0\",\"isQuery\":\"1\",\"isRequired\":\"1\",\"javaField\":\"title\",\"javaType\":\"String\",\"list\":true,\"params\":{},\"pk\":false,\"query\":true,\"queryType\":\"EQ\",\"required\":true,\"sort\":2,\"superColumn\":false,\"tableId\":1,\"updateBy\":\"\",\"updateTime\":\"2025-07-18 19:59:00\",\"usableColumn\":false},{\"capJavaField\":\"Summary\",\"columnComment\":\"摘要\",\"columnId\":3,\"columnName\":\"summary\",\"columnType\":\"varchar(512)\",\"createBy\":\"admin\",\"createTime\":\"2025-07-18 19:47:38\",\"dictType\":\"\",\"edit\":true,\"htmlType\":\"textarea\",\"increment\":false,\"insert\":true,\"isEdit\":\"1\",\"isIncrement\":\"0\",\"isInsert\":\"1\",\"isList\":\"1\",\"isPk\":\"0\",\"isQuery\":\"1\",\"isRequired\":\"0\",\"javaField\":\"summary\",\"javaType\":\"String\",\"list\":true,\"params\":{},\"pk\":false,\"query\":true,\"queryType\":\"EQ\",\"required\":false,\"sort\":3,\"superColumn\":false,\"tableId\":1,\"updateBy\":\"\",\"updateTime\":\"2025-07-18 19:59:00\",\"usableColumn\":false},{\"capJavaField\":\"Content\",\"columnComment\":\"文章内容\",\"columnId\":4,\"columnName\":\"content\",\"columnType\":\"longtext\",\"createBy\":\"admin\",\"createTime\":\"2025-07-18 19:47:38\",\"dictType\":\"\",\"edit\":true,\"htmlType\":\"editor\",\"increment\":false,\"insert\":true,\"isEdit\":\"1\",\"is','{\"msg\":\"操作成功\",\"code\":200}',0,NULL,'2025-07-18 20:28:24',82),(124,'代码生成',2,'com.ruoyi.generator.controller.GenController.synchDb()','GET',1,'admin','研发部门','/tool/gen/synchDb/blog_article','127.0.0.1','内网IP','{}','{\"msg\":\"操作成功\",\"code\":200}',0,NULL,'2025-07-18 20:28:28',70),(125,'博客文章',2,'com.ruoyi.system.controller.BlogArticleController.edit()','PUT',1,'admin','研发部门','/system/article','127.0.0.1','内网IP','{\"authorId\":1,\"commentCount\":0,\"content\":\"快科技7月18日消息，时隔4年多，华为重回中国智能手机出货量榜首。IDC发布的数据显示，中国第二季度智能手机的出货量同比减少4%，降至6900万部。时隔6个季度出现负增长。从各厂商来看，<strong>华为以1250万部的出货量位居第一。自美国政府的制裁影响其智能手机生产、销售陷入低迷以来，4年多来重回首位。</strong>IDC指出，“品牌的强力宣传和有效的出货政策奏效”。\",\"createTime\":\"2025-07-18 20:22:07\",\"delFlag\":1,\"id\":1,\"isRecommend\":0,\"isTop\":0,\"likeCount\":0,\"params\":{},\"status\":1,\"title\":\"test\",\"updateTime\":\"2025-07-18 20:30:23\",\"viewCount\":0}','{\"msg\":\"操作成功\",\"code\":200}',0,NULL,'2025-07-18 20:30:23',24),(126,'博客文章',5,'com.ruoyi.system.controller.BlogArticleController.export()','POST',1,'admin','研发部门','/system/article/export','127.0.0.1','内网IP','{\"pageSize\":\"10\",\"pageNum\":\"1\"}',NULL,0,NULL,'2025-07-18 20:30:36',361),(127,'博客文章',3,'com.ruoyi.system.controller.BlogArticleController.remove()','DELETE',1,'admin','研发部门','/system/article/1','127.0.0.1','内网IP','[1]','{\"msg\":\"操作成功\",\"code\":200}',0,NULL,'2025-07-18 20:31:33',77),(128,'博客文章',1,'com.ruoyi.system.controller.BlogArticleController.add()','POST',1,'admin','研发部门','/system/article','127.0.0.1','内网IP','{\"content\":\"test\",\"createTime\":\"2025-07-18 20:31:43\",\"params\":{},\"title\":\"test\"}',NULL,1,'\n### Error updating database.  Cause: java.sql.SQLException: Field \'author_id\' doesn\'t have a default value\n### The error may exist in URL [jar:file:/Users/nevell/.m2/repository/com/ruoyi/ruoyi-system/3.9.0/ruoyi-system-3.9.0.jar!/mapper/system/BlogArticleMapper.xml]\n### The error may involve com.ruoyi.system.mapper.BlogArticleMapper.insertBlogArticle-Inline\n### The error occurred while setting parameters\n### SQL: insert into blog_article          ( title,                          content,                                                                                                                                  create_time )           values ( ?,                          ?,                                                                                                                                  ? )\n### Cause: java.sql.SQLException: Field \'author_id\' doesn\'t have a default value\n; Field \'author_id\' doesn\'t have a default value; nested exception is java.sql.SQLException: Field \'author_id\' doesn\'t have a default value','2025-07-18 20:31:43',7),(129,'博客文章',1,'com.ruoyi.system.controller.BlogArticleController.add()','POST',1,'admin','研发部门','/system/article','127.0.0.1','内网IP','{\"authorId\":1,\"content\":\"test\",\"createTime\":\"2025-07-18 20:31:58\",\"id\":2,\"params\":{},\"title\":\"test\"}','{\"msg\":\"操作成功\",\"code\":200}',0,NULL,'2025-07-18 20:31:58',13),(130,'博客文章',2,'com.ruoyi.system.controller.BlogArticleController.edit()','PUT',1,'admin','研发部门','/system/article','127.0.0.1','内网IP','{\"authorId\":1,\"commentCount\":2,\"content\":\"<strong>vivo和OPPO紧随其后，排在第4位的是小米。小米的出货量增长3.4%，是排名TOP 5厂商中唯一增加的。</strong>在节约意识增强的背景下，小米以擅长的低价产品为核心，“受到重视价格的消费者的支持”，IDC称。苹果排在第5位，受到中国企业挤压的状况仍在持续。苹果把iPhone16、iPhone16 Pro的价格下调至政府补贴的对象范围之内，缩小了出货量的降幅。值得一提的是，<strong>中国市场TOP5排名中已经看不到荣耀的身影。尽管进入2025年其产品发布密集，但在华为强势回归之后，荣耀急需向市场证明自身产品特色，撕掉以往“华为替代品”的标签</strong>。\",\"createTime\":\"2025-07-18 20:31:58\",\"delFlag\":0,\"id\":2,\"isRecommend\":1,\"isTop\":0,\"likeCount\":2,\"params\":{},\"status\":1,\"summary\":\"vivo和OPPO紧随其后，排在第4位的是小米。小米的出货量增长3.4%，是排名TOP 5厂商中唯一增加的。\",\"title\":\"test\",\"updateTime\":\"2025-07-18 20:32:55\",\"viewCount\":222}','{\"msg\":\"操作成功\",\"code\":200}',0,NULL,'2025-07-18 20:32:55',22),(131,'博客文章',1,'com.ruoyi.system.controller.BlogArticleController.add()','POST',1,'admin','研发部门','/system/article','127.0.0.1','内网IP','{\"content\":\"<strong>vivo和OPPO紧随其后，排在第4位的是小米。小米的出货量增长3.4%，是排名TOP 5厂商中唯一增加的。</strong>在节约意识增强的背景下，小米以擅长的低价产品为核心，“受到重视价格的消费者的支持”，IDC称。苹果排在第5位，受到中国企业挤压的状况仍在持续。苹果把iPhone16、iPhone16 Pro的价格下调至政府补贴的对象范围之内，缩小了出货量的降幅。值得一提的是，<strong>中国市场TOP5排名中已经看不到荣耀的身影。尽管进入2025年其产品发布密集，但在华为强势回归之后，荣耀急需向市场证明自身产品特色，撕掉以往“华为替代品”的标签</strong>。\",\"createTime\":\"2025-07-18 20:33:12\",\"params\":{},\"title\":\"test\"}',NULL,1,'\n### Error updating database.  Cause: java.sql.SQLException: Field \'author_id\' doesn\'t have a default value\n### The error may exist in URL [jar:file:/Users/nevell/.m2/repository/com/ruoyi/ruoyi-system/3.9.0/ruoyi-system-3.9.0.jar!/mapper/system/BlogArticleMapper.xml]\n### The error may involve com.ruoyi.system.mapper.BlogArticleMapper.insertBlogArticle-Inline\n### The error occurred while setting parameters\n### SQL: insert into blog_article          ( title,                          content,                                                                                                                                  create_time )           values ( ?,                          ?,                                                                                                                                  ? )\n### Cause: java.sql.SQLException: Field \'author_id\' doesn\'t have a default value\n; Field \'author_id\' doesn\'t have a default value; nested exception is java.sql.SQLException: Field \'author_id\' doesn\'t have a default value','2025-07-18 20:33:12',3),(132,'博客文章',1,'com.ruoyi.system.controller.BlogArticleController.add()','POST',1,'admin','研发部门','/system/article','127.0.0.1','内网IP','{\"authorId\":1,\"content\":\"<strong>vivo和OPPO紧随其后，排在第4位的是小米。小米的出货量增长3.4%，是排名TOP 5厂商中唯一增加的。</strong>在节约意识增强的背景下，小米以擅长的低价产品为核心，“受到重视价格的消费者的支持”，IDC称。苹果排在第5位，受到中国企业挤压的状况仍在持续。苹果把iPhone16、iPhone16 Pro的价格下调至政府补贴的对象范围之内，缩小了出货量的降幅。值得一提的是，<strong>中国市场TOP5排名中已经看不到荣耀的身影。尽管进入2025年其产品发布密集，但在华为强势回归之后，荣耀急需向市场证明自身产品特色，撕掉以往“华为替代品”的标签</strong>。\",\"createTime\":\"2025-07-18 20:33:19\",\"id\":3,\"params\":{},\"title\":\"test\"}','{\"msg\":\"操作成功\",\"code\":200}',0,NULL,'2025-07-18 20:33:19',4),(133,'博客文章',1,'com.ruoyi.system.controller.BlogArticleController.add()','POST',1,'admin','研发部门','/system/article','127.0.0.1','内网IP','{\"content\":\"test\",\"createTime\":\"2025-07-18 20:37:05\",\"params\":{},\"title\":\"test\"}',NULL,1,'\n### Error updating database.  Cause: java.sql.SQLException: Field \'author_id\' doesn\'t have a default value\n### The error may exist in URL [jar:file:/Users/nevell/.m2/repository/com/ruoyi/ruoyi-system/3.9.0/ruoyi-system-3.9.0.jar!/mapper/system/BlogArticleMapper.xml]\n### The error may involve com.ruoyi.system.mapper.BlogArticleMapper.insertBlogArticle-Inline\n### The error occurred while setting parameters\n### SQL: insert into blog_article          ( title,                          content,                                                                                                                                  create_time )           values ( ?,                          ?,                                                                                                                                  ? )\n### Cause: java.sql.SQLException: Field \'author_id\' doesn\'t have a default value\n; Field \'author_id\' doesn\'t have a default value; nested exception is java.sql.SQLException: Field \'author_id\' doesn\'t have a default value','2025-07-18 20:37:05',67),(134,'博客文章',1,'com.ruoyi.system.controller.BlogArticleController.add()','POST',1,'admin','研发部门','/system/article','127.0.0.1','内网IP','{\"authorId\":1,\"content\":\"test\",\"createTime\":\"2025-07-18 20:37:11\",\"id\":4,\"params\":{},\"title\":\"test\"}','{\"msg\":\"操作成功\",\"code\":200}',0,NULL,'2025-07-18 20:37:11',8),(135,'博客文章',1,'com.ruoyi.system.controller.BlogArticleController.add()','POST',1,'admin','研发部门','/system/article','127.0.0.1','内网IP','{\"content\":\"test\",\"createTime\":\"2025-07-18 20:39:18\",\"params\":{},\"title\":\"test\"}',NULL,1,'\n### Error updating database.  Cause: java.sql.SQLException: Field \'author_id\' doesn\'t have a default value\n### The error may exist in URL [jar:file:/Users/nevell/.m2/repository/com/ruoyi/ruoyi-system/3.9.0/ruoyi-system-3.9.0.jar!/mapper/system/BlogArticleMapper.xml]\n### The error may involve com.ruoyi.system.mapper.BlogArticleMapper.insertBlogArticle-Inline\n### The error occurred while setting parameters\n### SQL: insert into blog_article          ( title,                          content,                                                                                                                                  create_time )           values ( ?,                          ?,                                                                                                                                  ? )\n### Cause: java.sql.SQLException: Field \'author_id\' doesn\'t have a default value\n; Field \'author_id\' doesn\'t have a default value; nested exception is java.sql.SQLException: Field \'author_id\' doesn\'t have a default value','2025-07-18 20:39:18',45),(136,'博客文章',1,'com.ruoyi.system.controller.BlogArticleController.add()','POST',1,'admin','研发部门','/system/article','127.0.0.1','内网IP','{\"content\":\"test\",\"createTime\":\"2025-07-18 20:39:41\",\"params\":{},\"title\":\"test\"}',NULL,1,'\n### Error updating database.  Cause: java.sql.SQLException: Field \'author_id\' doesn\'t have a default value\n### The error may exist in URL [jar:file:/Users/nevell/.m2/repository/com/ruoyi/ruoyi-system/3.9.0/ruoyi-system-3.9.0.jar!/mapper/system/BlogArticleMapper.xml]\n### The error may involve com.ruoyi.system.mapper.BlogArticleMapper.insertBlogArticle-Inline\n### The error occurred while setting parameters\n### SQL: insert into blog_article          ( title,                          content,                                                                                                                                  create_time )           values ( ?,                          ?,                                                                                                                                  ? )\n### Cause: java.sql.SQLException: Field \'author_id\' doesn\'t have a default value\n; Field \'author_id\' doesn\'t have a default value; nested exception is java.sql.SQLException: Field \'author_id\' doesn\'t have a default value','2025-07-18 20:39:41',7),(137,'博客文章',1,'com.ruoyi.system.controller.BlogArticleController.add()','POST',1,'admin','研发部门','/system/article','127.0.0.1','内网IP','{\"authorId\":1,\"content\":\"test\",\"createTime\":\"2025-07-18 20:39:47\",\"id\":5,\"params\":{},\"title\":\"test\"}','{\"msg\":\"操作成功\",\"code\":200}',0,NULL,'2025-07-18 20:39:47',5),(138,'博客文章',1,'com.ruoyi.system.controller.BlogArticleController.add()','POST',1,'admin','研发部门','/system/article','127.0.0.1','内网IP','{\"content\":\"test\",\"createTime\":\"2025-07-18 20:41:55\",\"params\":{},\"title\":\"test\"}',NULL,1,'\n### Error updating database.  Cause: java.sql.SQLException: Field \'author_id\' doesn\'t have a default value\n### The error may exist in URL [jar:file:/Users/nevell/.m2/repository/com/ruoyi/ruoyi-system/3.9.0/ruoyi-system-3.9.0.jar!/mapper/system/BlogArticleMapper.xml]\n### The error may involve com.ruoyi.system.mapper.BlogArticleMapper.insertBlogArticle-Inline\n### The error occurred while setting parameters\n### SQL: insert into blog_article          ( title,                          content,                                                                                                                                  create_time )           values ( ?,                          ?,                                                                                                                                  ? )\n### Cause: java.sql.SQLException: Field \'author_id\' doesn\'t have a default value\n; Field \'author_id\' doesn\'t have a default value; nested exception is java.sql.SQLException: Field \'author_id\' doesn\'t have a default value','2025-07-18 20:41:55',164),(139,'博客文章',1,'com.ruoyi.system.controller.BlogArticleController.add()','POST',1,'admin','研发部门','/system/article','127.0.0.1','内网IP','{\"content\":\"test\",\"createTime\":\"2025-07-18 20:44:02\",\"params\":{},\"title\":\"test\"}',NULL,1,'\n### Error updating database.  Cause: java.sql.SQLException: Field \'author_id\' doesn\'t have a default value\n### The error may exist in URL [jar:file:/Users/nevell/.m2/repository/com/ruoyi/ruoyi-system/3.9.0/ruoyi-system-3.9.0.jar!/mapper/system/BlogArticleMapper.xml]\n### The error may involve com.ruoyi.system.mapper.BlogArticleMapper.insertBlogArticle-Inline\n### The error occurred while setting parameters\n### SQL: insert into blog_article          ( title,                          content,                                                                                                                                  create_time )           values ( ?,                          ?,                                                                                                                                  ? )\n### Cause: java.sql.SQLException: Field \'author_id\' doesn\'t have a default value\n; Field \'author_id\' doesn\'t have a default value; nested exception is java.sql.SQLException: Field \'author_id\' doesn\'t have a default value','2025-07-18 20:44:03',41),(140,'博客文章',1,'com.ruoyi.system.controller.BlogArticleController.add()','POST',1,'admin','研发部门','/system/article','127.0.0.1','内网IP','{\"authorId\":1,\"content\":\"test\",\"createTime\":\"2025-07-18 20:50:38\",\"id\":6,\"params\":{},\"title\":\"test\"}','{\"msg\":\"操作成功\",\"code\":200}',0,NULL,'2025-07-18 20:50:38',109),(141,'博客文章',3,'com.ruoyi.system.controller.BlogArticleController.remove()','DELETE',1,'admin','研发部门','/system/article/2','127.0.0.1','内网IP','[2]','{\"msg\":\"操作成功\",\"code\":200}',0,NULL,'2025-07-18 20:57:04',62),(142,'博客文章',3,'com.ruoyi.system.controller.BlogArticleController.remove()','DELETE',1,'admin','研发部门','/system/article/3','127.0.0.1','内网IP','[3]','{\"msg\":\"操作成功\",\"code\":200}',0,NULL,'2025-07-18 20:57:07',4),(143,'博客文章',1,'com.ruoyi.system.controller.BlogArticleController.add()','POST',1,'admin','研发部门','/system/article','127.0.0.1','内网IP','{\"authorId\":1,\"content\":\"test\",\"createTime\":\"2025-07-18 20:57:18\",\"id\":7,\"params\":{},\"title\":\"test\"}','{\"msg\":\"操作成功\",\"code\":200}',0,NULL,'2025-07-18 20:57:18',17),(144,'博客文章',3,'com.ruoyi.system.controller.BlogArticleController.remove()','DELETE',1,'admin','研发部门','/system/article/7','127.0.0.1','内网IP','[7]','{\"msg\":\"操作成功\",\"code\":200}',0,NULL,'2025-07-18 20:57:25',7),(145,'博客文章',1,'com.ruoyi.system.controller.BlogArticleController.add()','POST',1,'admin','研发部门','/system/article','127.0.0.1','内网IP','{\"authorId\":1,\"content\":\"test\",\"createTime\":\"2025-07-18 20:57:34\",\"id\":8,\"params\":{},\"title\":\"test\"}','{\"msg\":\"操作成功\",\"code\":200}',0,NULL,'2025-07-18 20:57:34',14),(146,'博客文章',1,'com.ruoyi.system.controller.BlogArticleController.add()','POST',1,'admin','研发部门','/system/article','127.0.0.1','内网IP','{\"authorId\":1,\"content\":\"test\",\"createTime\":\"2025-07-18 20:58:15\",\"id\":9,\"params\":{},\"title\":\"test\"}','{\"msg\":\"操作成功\",\"code\":200}',0,NULL,'2025-07-18 20:58:15',8),(147,'博客文章',3,'com.ruoyi.system.controller.BlogArticleController.remove()','DELETE',1,'admin','研发部门','/system/article/9','127.0.0.1','内网IP','[9]','{\"msg\":\"操作成功\",\"code\":200}',0,NULL,'2025-07-18 20:58:19',5),(148,'博客文章',2,'com.ruoyi.system.controller.BlogArticleController.edit()','PUT',1,'admin','研发部门','/system/article','127.0.0.1','内网IP','{\"authorId\":1,\"commentCount\":0,\"content\":\"<strong>vivo和OPPO紧随其后，排在第4位的是小米。小米的出货量增长3.4%，是排名TOP 5厂商中唯一增加的。</strong>在节约意识增强的背景下，小米以擅长的低价产品为核心，“受到重视价格的消费者的支持”，IDC称。苹果排在第5位，受到中国企业挤压的状况仍在持续。苹果把iPhone16、iPhone16 Pro的价格下调至政府补贴的对象范围之内，缩小了出货量的降幅。值得一提的是，<strong>中国市场TOP5排名中已经看不到荣耀的身影。尽管进入2025年其产品发布密集，但在华为强势回归之后，荣耀急需向市场证明自身产品特色，撕掉以往“华为替代品”的标签</strong>。\",\"createTime\":\"2025-07-18 20:37:11\",\"delFlag\":0,\"id\":4,\"isRecommend\":0,\"isTop\":0,\"likeCount\":0,\"params\":{},\"status\":1,\"title\":\"test\",\"updateTime\":\"2025-07-18 20:58:55\",\"viewCount\":0}','{\"msg\":\"操作成功\",\"code\":200}',0,NULL,'2025-07-18 20:58:55',10),(149,'博客文章',3,'com.ruoyi.system.controller.BlogArticleController.remove()','DELETE',1,'admin','研发部门','/system/article/8','127.0.0.1','内网IP','[8]','{\"msg\":\"操作成功\",\"code\":200}',0,NULL,'2025-07-18 20:59:57',13),(150,'博客文章',3,'com.ruoyi.system.controller.BlogArticleController.remove()','DELETE',1,'admin','研发部门','/system/article/6','127.0.0.1','内网IP','[6]','{\"msg\":\"操作成功\",\"code\":200}',0,NULL,'2025-07-18 21:00:00',7),(151,'博客文章',3,'com.ruoyi.system.controller.BlogArticleController.remove()','DELETE',1,'admin','研发部门','/system/article/5','127.0.0.1','内网IP','[5]','{\"msg\":\"操作成功\",\"code\":200}',0,NULL,'2025-07-18 21:00:02',6),(152,'博客文章',1,'com.ruoyi.system.controller.BlogArticleController.add()','POST',1,'admin','研发部门','/system/article','127.0.0.1','内网IP','{\"authorId\":1,\"createTime\":\"2025-07-18 21:02:31\",\"params\":{},\"title\":\"test\"}',NULL,1,'\n### Error updating database.  Cause: java.sql.SQLIntegrityConstraintViolationException: Column \'content\' cannot be null\n### The error may exist in URL [jar:file:/Users/nevell/.m2/repository/com/ruoyi/ruoyi-system/3.9.0/ruoyi-system-3.9.0.jar!/mapper/system/BlogArticleMapper.xml]\n### The error may involve com.ruoyi.system.mapper.BlogArticleMapper.insertBlogArticle-Inline\n### The error occurred while setting parameters\n### SQL: insert into blog_article         (title, summary, content, cover_url, category_id, author_id, is_top, is_recommend, status, view_count, like_count, comment_count, create_time, update_time, del_flag)         values         (?, ?, ?, ?, ?, ?, ?, ?, ?, ?, ?, ?, ?, ?, ?)\n### Cause: java.sql.SQLIntegrityConstraintViolationException: Column \'content\' cannot be null\n; Column \'content\' cannot be null; nested exception is java.sql.SQLIntegrityConstraintViolationException: Column \'content\' cannot be null','2025-07-18 21:02:31',135),(153,'博客文章',1,'com.ruoyi.system.controller.BlogArticleController.add()','POST',1,'admin','研发部门','/system/article','127.0.0.1','内网IP','{\"authorId\":1,\"content\":\"test\",\"createTime\":\"2025-07-18 21:02:37\",\"params\":{},\"title\":\"test\"}',NULL,1,'\n### Error updating database.  Cause: java.sql.SQLIntegrityConstraintViolationException: Duplicate entry \'test\' for key \'blog_article.uk_title\'\n### The error may exist in URL [jar:file:/Users/nevell/.m2/repository/com/ruoyi/ruoyi-system/3.9.0/ruoyi-system-3.9.0.jar!/mapper/system/BlogArticleMapper.xml]\n### The error may involve com.ruoyi.system.mapper.BlogArticleMapper.insertBlogArticle-Inline\n### The error occurred while setting parameters\n### SQL: insert into blog_article         (title, summary, content, cover_url, category_id, author_id, is_top, is_recommend, status, view_count, like_count, comment_count, create_time, update_time, del_flag)         values         (?, ?, ?, ?, ?, ?, ?, ?, ?, ?, ?, ?, ?, ?, ?)\n### Cause: java.sql.SQLIntegrityConstraintViolationException: Duplicate entry \'test\' for key \'blog_article.uk_title\'\n; Duplicate entry \'test\' for key \'blog_article.uk_title\'; nested exception is java.sql.SQLIntegrityConstraintViolationException: Duplicate entry \'test\' for key \'blog_article.uk_title\'','2025-07-18 21:02:37',9),(154,'博客文章',1,'com.ruoyi.system.controller.BlogArticleController.add()','POST',1,'admin','研发部门','/system/article','127.0.0.1','内网IP','{\"authorId\":1,\"content\":\"test\",\"createTime\":\"2025-07-18 21:02:47\",\"id\":11,\"params\":{},\"title\":\"test1\"}','{\"msg\":\"操作成功\",\"code\":200}',0,NULL,'2025-07-18 21:02:47',11),(155,'博客文章',1,'com.ruoyi.system.controller.BlogArticleController.add()','POST',1,'admin','研发部门','/system/article','127.0.0.1','内网IP','{\"authorId\":1,\"content\":\"\",\"createTime\":\"2025-07-18 21:02:57\",\"params\":{},\"title\":\"test\"}',NULL,1,'\n### Error updating database.  Cause: java.sql.SQLIntegrityConstraintViolationException: Duplicate entry \'test\' for key \'blog_article.uk_title\'\n### The error may exist in URL [jar:file:/Users/nevell/.m2/repository/com/ruoyi/ruoyi-system/3.9.0/ruoyi-system-3.9.0.jar!/mapper/system/BlogArticleMapper.xml]\n### The error may involve com.ruoyi.system.mapper.BlogArticleMapper.insertBlogArticle-Inline\n### The error occurred while setting parameters\n### SQL: insert into blog_article         (title, summary, content, cover_url, category_id, author_id, is_top, is_recommend, status, view_count, like_count, comment_count, create_time, update_time, del_flag)         values         (?, ?, ?, ?, ?, ?, ?, ?, ?, ?, ?, ?, ?, ?, ?)\n### Cause: java.sql.SQLIntegrityConstraintViolationException: Duplicate entry \'test\' for key \'blog_article.uk_title\'\n; Duplicate entry \'test\' for key \'blog_article.uk_title\'; nested exception is java.sql.SQLIntegrityConstraintViolationException: Duplicate entry \'test\' for key \'blog_article.uk_title\'','2025-07-18 21:02:57',5),(156,'博客文章',1,'com.ruoyi.system.controller.BlogArticleController.add()','POST',1,'admin','研发部门','/system/article','127.0.0.1','内网IP','{\"authorId\":1,\"content\":\"\",\"createTime\":\"2025-07-18 21:03:02\",\"params\":{},\"title\":\"test\"}',NULL,1,'\n### Error updating database.  Cause: java.sql.SQLIntegrityConstraintViolationException: Duplicate entry \'test\' for key \'blog_article.uk_title\'\n### The error may exist in URL [jar:file:/Users/nevell/.m2/repository/com/ruoyi/ruoyi-system/3.9.0/ruoyi-system-3.9.0.jar!/mapper/system/BlogArticleMapper.xml]\n### The error may involve com.ruoyi.system.mapper.BlogArticleMapper.insertBlogArticle-Inline\n### The error occurred while setting parameters\n### SQL: insert into blog_article         (title, summary, content, cover_url, category_id, author_id, is_top, is_recommend, status, view_count, like_count, comment_count, create_time, update_time, del_flag)         values         (?, ?, ?, ?, ?, ?, ?, ?, ?, ?, ?, ?, ?, ?, ?)\n### Cause: java.sql.SQLIntegrityConstraintViolationException: Duplicate entry \'test\' for key \'blog_article.uk_title\'\n; Duplicate entry \'test\' for key \'blog_article.uk_title\'; nested exception is java.sql.SQLIntegrityConstraintViolationException: Duplicate entry \'test\' for key \'blog_article.uk_title\'','2025-07-18 21:03:02',7),(157,'博客文章',1,'com.ruoyi.system.controller.BlogArticleController.add()','POST',1,'admin','研发部门','/system/article','127.0.0.1','内网IP','{\"authorId\":1,\"content\":\"111\",\"createTime\":\"2025-07-18 21:03:12\",\"params\":{},\"title\":\"test\"}',NULL,1,'\n### Error updating database.  Cause: java.sql.SQLIntegrityConstraintViolationException: Duplicate entry \'test\' for key \'blog_article.uk_title\'\n### The error may exist in URL [jar:file:/Users/nevell/.m2/repository/com/ruoyi/ruoyi-system/3.9.0/ruoyi-system-3.9.0.jar!/mapper/system/BlogArticleMapper.xml]\n### The error may involve com.ruoyi.system.mapper.BlogArticleMapper.insertBlogArticle-Inline\n### The error occurred while setting parameters\n### SQL: insert into blog_article         (title, summary, content, cover_url, category_id, author_id, is_top, is_recommend, status, view_count, like_count, comment_count, create_time, update_time, del_flag)         values         (?, ?, ?, ?, ?, ?, ?, ?, ?, ?, ?, ?, ?, ?, ?)\n### Cause: java.sql.SQLIntegrityConstraintViolationException: Duplicate entry \'test\' for key \'blog_article.uk_title\'\n; Duplicate entry \'test\' for key \'blog_article.uk_title\'; nested exception is java.sql.SQLIntegrityConstraintViolationException: Duplicate entry \'test\' for key \'blog_article.uk_title\'','2025-07-18 21:03:12',6),(158,'博客文章',1,'com.ruoyi.system.controller.BlogArticleController.add()','POST',1,'admin','研发部门','/system/article','127.0.0.1','内网IP','{\"params\":{},\"title\":\"test\"}',NULL,1,'文章标题已存在，请更换标题！','2025-07-18 21:05:37',25),(159,'博客文章',1,'com.ruoyi.system.controller.BlogArticleController.add()','POST',1,'admin','研发部门','/system/article','127.0.0.1','内网IP','{\"params\":{},\"title\":\"test1\"}',NULL,1,'文章标题已存在，请更换标题！','2025-07-18 21:05:44',5),(160,'博客文章',1,'com.ruoyi.system.controller.BlogArticleController.add()','POST',1,'admin','研发部门','/system/article','127.0.0.1','内网IP','{\"authorId\":1,\"createTime\":\"2025-07-18 21:05:51\",\"params\":{},\"title\":\"test2\"}',NULL,1,'\n### Error updating database.  Cause: java.sql.SQLIntegrityConstraintViolationException: Column \'content\' cannot be null\n### The error may exist in URL [jar:file:/Users/nevell/.m2/repository/com/ruoyi/ruoyi-system/3.9.0/ruoyi-system-3.9.0.jar!/mapper/system/BlogArticleMapper.xml]\n### The error may involve com.ruoyi.system.mapper.BlogArticleMapper.insertBlogArticle-Inline\n### The error occurred while setting parameters\n### SQL: insert into blog_article         (title, summary, content, cover_url, category_id, author_id, is_top, is_recommend, status, view_count, like_count, comment_count, create_time, update_time, del_flag)         values         (?, ?, ?, ?, ?, ?, ?, ?, ?, ?, ?, ?, ?, ?, ?)\n### Cause: java.sql.SQLIntegrityConstraintViolationException: Column \'content\' cannot be null\n; Column \'content\' cannot be null; nested exception is java.sql.SQLIntegrityConstraintViolationException: Column \'content\' cannot be null','2025-07-18 21:05:52',56),(161,'博客文章',1,'com.ruoyi.system.controller.BlogArticleController.add()','POST',1,'admin','研发部门','/system/article','127.0.0.1','内网IP','{\"authorId\":1,\"content\":\"test\",\"createTime\":\"2025-07-18 21:05:59\",\"id\":15,\"params\":{},\"title\":\"test2\"}','{\"msg\":\"操作成功\",\"code\":200}',0,NULL,'2025-07-18 21:05:59',12),(162,'菜单管理',2,'com.ruoyi.web.controller.system.SysMenuController.edit()','PUT',1,'admin','研发部门','/system/menu','127.0.0.1','内网IP','{\"children\":[],\"component\":\"system/article/index\",\"createTime\":\"2025-07-18 20:11:29\",\"icon\":\"edit\",\"isCache\":\"0\",\"isFrame\":\"1\",\"menuId\":2001,\"menuName\":\"文章管理\",\"menuType\":\"C\",\"orderNum\":1,\"params\":{},\"parentId\":0,\"path\":\"article\",\"perms\":\"system:article:list\",\"routeName\":\"\",\"status\":\"0\",\"updateBy\":\"admin\",\"visible\":\"0\"}','{\"msg\":\"操作成功\",\"code\":200}',0,NULL,'2025-07-18 21:07:30',45),(163,'博客文章',1,'com.ruoyi.system.controller.BlogArticleController.add()','POST',1,'admin','研发部门','/system/article','127.0.0.1','内网IP','{\"params\":{},\"title\":\"test3\"}',NULL,1,'文章内容不能为空，请填写内容后再发布！','2025-07-18 21:09:11',11),(164,'博客文章',1,'com.ruoyi.system.controller.BlogArticleController.add()','POST',1,'admin','研发部门','/system/article','127.0.0.1','内网IP','{\"authorId\":1,\"content\":\"<strong>vivo和OPPO紧随其后，排在第4位的是小米。小米的出货量增长3.4%，是排名TOP 5厂商中唯一增加的。</strong>在节约意识增强的背景下，小米以擅长的低价产品为核心，“受到重视价格的消费者的支持”，IDC称。苹果排在第5位，受到中国企业挤压的状况仍在持续。苹果把iPhone16、iPhone16 Pro的价格下调至政府补贴的对象范围之内，缩小了出货量的降幅。值得一提的是，<strong>中国市场TOP5排名中已经看不到荣耀的身影。尽管进入2025年其产品发布密集，但在华为强势回归之后，荣耀急需向市场证明自身产品特色，撕掉以往“华为替代品”的标签</strong>。\",\"createTime\":\"2025-07-18 21:09:29\",\"id\":16,\"params\":{},\"title\":\"test3\"}','{\"msg\":\"操作成功\",\"code\":200}',0,NULL,'2025-07-18 21:09:29',44),(165,'博客文章',1,'com.ruoyi.system.controller.BlogArticleController.add()','POST',1,'admin','研发部门','/system/article','127.0.0.1','内网IP','{\"content\":\"<strong>vivo和OPPO紧随其后，排在第4位的是小米。小米的出货量增长3.4%，是排名TOP 5厂商中唯一增加的。</strong>在节约意识增强的背景下，小米以擅长的低价产品为核心，“受到重视价格的消费者的支持”，IDC称。苹果排在第5位，受到中国企业挤压的状况仍在持续。苹果把iPhone16、iPhone16 Pro的价格下调至政府补贴的对象范围之内，缩小了出货量的降幅。值得一提的是，<strong>中国市场TOP5排名中已经看不到荣耀的身影。尽管进入2025年其产品发布密集，但在华为强势回归之后，荣耀急需向市场证明自身产品特色，撕掉以往“华为替代品”的标签</strong>。\",\"params\":{},\"title\":\"test\"}',NULL,1,'文章标题已存在，请更换标题！','2025-07-18 21:10:03',15),(166,'博客文章',1,'com.ruoyi.system.controller.BlogArticleController.add()','POST',1,'admin','研发部门','/system/article','127.0.0.1','内网IP','{\"content\":\"<strong>vivo和OPPO紧随其后，排在第4位的是小米。小米的出货量增长3.4%，是排名TOP 5厂商中唯一增加的。</strong>在节约意识增强的背景下，小米以擅长的低价产品为核心，“受到重视价格的消费者的支持”，IDC称。苹果排在第5位，受到中国企业挤压的状况仍在持续。苹果把iPhone16、iPhone16 Pro的价格下调至政府补贴的对象范围之内，缩小了出货量的降幅。值得一提的是，<strong>中国市场TOP5排名中已经看不到荣耀的身影。尽管进入2025年其产品发布密集，但在华为强势回归之后，荣耀急需向市场证明自身产品特色，撕掉以往“华为替代品”的标签</strong>。\",\"params\":{},\"title\":\"test2\"}',NULL,1,'文章标题已存在，请更换标题！','2025-07-18 21:10:18',8),(167,'博客文章',1,'com.ruoyi.system.controller.BlogArticleController.add()','POST',1,'admin','研发部门','/system/article','127.0.0.1','内网IP','{\"content\":\"<strong>vivo和OPPO紧随其后，排在第4位的是小米。小米的出货量增长3.4%，是排名TOP 5厂商中唯一增加的。</strong>在节约意识增强的背景下，小米以擅长的低价产品为核心，“受到重视价格的消费者的支持”，IDC称。苹果排在第5位，受到中国企业挤压的状况仍在持续。苹果把iPhone16、iPhone16 Pro的价格下调至政府补贴的对象范围之内，缩小了出货量的降幅。值得一提的是，<strong>中国市场TOP5排名中已经看不到荣耀的身影。尽管进入2025年其产品发布密集，但在华为强势回归之后，荣耀急需向市场证明自身产品特色，撕掉以往“华为替代品”的标签</strong>。\",\"params\":{},\"title\":\"test2\"}',NULL,1,'文章标题已存在，请更换标题！','2025-07-18 21:10:34',6),(168,'博客文章',1,'com.ruoyi.system.controller.BlogArticleController.add()','POST',1,'admin','研发部门','/system/article','127.0.0.1','内网IP','{\"content\":\"<strong>vivo和OPPO紧随其后，排在第4位的是小米。小米的出货量增长3.4%，是排名TOP 5厂商中唯一增加的。</strong>在节约意识增强的背景下，小米以擅长的低价产品为核心，“受到重视价格的消费者的支持”，IDC称。苹果排在第5位，受到中国企业挤压的状况仍在持续。苹果把iPhone16、iPhone16 Pro的价格下调至政府补贴的对象范围之内，缩小了出货量的降幅。值得一提的是，<strong>中国市场TOP5排名中已经看不到荣耀的身影。尽管进入2025年其产品发布密集，但在华为强势回归之后，荣耀急需向市场证明自身产品特色，撕掉以往“华为替代品”的标签</strong>。\",\"params\":{},\"title\":\"test3\"}',NULL,1,'文章标题已存在，请更换标题！','2025-07-18 21:10:39',4),(169,'博客文章',1,'com.ruoyi.system.controller.BlogArticleController.add()','POST',1,'admin','研发部门','/system/article','127.0.0.1','内网IP','{\"authorId\":1,\"content\":\"<strong>vivo和OPPO紧随其后，排在第4位的是小米。小米的出货量增长3.4%，是排名TOP 5厂商中唯一增加的。</strong>在节约意识增强的背景下，小米以擅长的低价产品为核心，“受到重视价格的消费者的支持”，IDC称。苹果排在第5位，受到中国企业挤压的状况仍在持续。苹果把iPhone16、iPhone16 Pro的价格下调至政府补贴的对象范围之内，缩小了出货量的降幅。值得一提的是，<strong>中国市场TOP5排名中已经看不到荣耀的身影。尽管进入2025年其产品发布密集，但在华为强势回归之后，荣耀急需向市场证明自身产品特色，撕掉以往“华为替代品”的标签</strong>。\",\"createTime\":\"2025-07-18 21:10:57\",\"id\":17,\"params\":{},\"title\":\"vivo和oppo紧随其后\"}','{\"msg\":\"操作成功\",\"code\":200}',0,NULL,'2025-07-18 21:10:57',26),(170,'博客文章',2,'com.ruoyi.system.controller.BlogArticleController.edit()','PUT',1,'admin','研发部门','/system/article','127.0.0.1','内网IP','{\"authorId\":1,\"content\":\"<strong>vivo和OPPO紧随其后，排在第4位的是小米。小米的出货量增长3.4%，是排名TOP 5厂商中唯一增加的。</strong>在节约意识增强的背景下，小米以擅长的低价产品为核心，“受到重视价格的消费者的支持”，IDC称。苹果排在第5位，受到中国企业挤压的状况仍在持续。苹果把iPhone16、iPhone16 Pro的价格下调至政府补贴的对象范围之内，缩小了出货量的降幅。值得一提的是，<strong>中国市场TOP5排名中已经看不到荣耀的身影。尽管进入2025年其产品发布密集，但在华为强势回归之后，荣耀急需向市场证明自身产品特色，撕掉以往“华为替代品”的标签</strong>。\",\"createTime\":\"2025-07-18 21:10:57\",\"id\":17,\"params\":{},\"title\":\"vivo和oppo紧随其后\",\"updateTime\":\"2025-07-18 21:11:29\"}','{\"msg\":\"操作成功\",\"code\":200}',0,NULL,'2025-07-18 21:11:29',16),(171,'博客文章',1,'com.ruoyi.system.controller.BlogArticleController.add()','POST',1,'admin','研发部门','/system/article','127.0.0.1','内网IP','{\"content\":\"请检查&nbsp;editor&nbsp;组件注册\",\"params\":{},\"title\":\"test\"}',NULL,1,'文章标题已存在，请更换标题！','2025-07-18 21:20:02',16),(172,'博客文章',1,'com.ruoyi.system.controller.BlogArticleController.add()','POST',1,'admin','研发部门','/system/article','127.0.0.1','内网IP','{\"authorId\":1,\"content\":\"请检查&nbsp;editor&nbsp;组件注册<strong>vivo和OPPO紧随其后，排在第4位的是小米。小米的出货量增长3.4%，是排名TOP 5厂商中唯一增加的。</strong>在节约意识增强的背景下，小米以擅长的低价产品为核心，“受到重视价格的消费者的支持”，IDC称。苹果排在第5位，受到中国企业挤压的状况仍在持续。苹果把iPhone16、iPhone16 Pro的价格下调至政府补贴的对象范围之内，缩小了出货量的降幅。值得一提的是，<strong>中国市场TOP5排名中已经看不到荣耀的身影。尽管进入2025年其产品发布密集，但在华为强势回归之后，荣耀急需向市场证明自身产品特色，撕掉以往“华为替代品”的标签</strong>。\",\"createTime\":\"2025-07-18 21:20:23\",\"id\":18,\"params\":{},\"title\":\"test4\"}','{\"msg\":\"操作成功\",\"code\":200}',0,NULL,'2025-07-18 21:20:23',25),(173,'博客文章',3,'com.ruoyi.system.controller.BlogArticleController.remove()','DELETE',1,'admin','研发部门','/system/article/4','127.0.0.1','内网IP','[4]','{\"msg\":\"操作成功\",\"code\":200}',0,NULL,'2025-07-18 21:20:36',16),(174,'博客文章',3,'com.ruoyi.system.controller.BlogArticleController.remove()','DELETE',1,'admin','研发部门','/system/article/11','127.0.0.1','内网IP','[11]','{\"msg\":\"操作成功\",\"code\":200}',0,NULL,'2025-07-18 21:20:39',4),(175,'博客文章',3,'com.ruoyi.system.controller.BlogArticleController.remove()','DELETE',1,'admin','研发部门','/system/article/15','127.0.0.1','内网IP','[15]','{\"msg\":\"操作成功\",\"code\":200}',0,NULL,'2025-07-18 21:20:41',6),(176,'博客文章',3,'com.ruoyi.system.controller.BlogArticleController.remove()','DELETE',1,'admin','研发部门','/system/article/16','127.0.0.1','内网IP','[16]','{\"msg\":\"操作成功\",\"code\":200}',0,NULL,'2025-07-18 21:20:44',5),(177,'博客文章',3,'com.ruoyi.system.controller.BlogArticleController.remove()','DELETE',1,'admin','研发部门','/system/article/17','127.0.0.1','内网IP','[17]','{\"msg\":\"操作成功\",\"code\":200}',0,NULL,'2025-07-18 21:20:47',5),(178,'博客文章',3,'com.ruoyi.system.controller.BlogArticleController.remove()','DELETE',1,'admin','研发部门','/system/article/18','127.0.0.1','内网IP','[18]','{\"msg\":\"操作成功\",\"code\":200}',0,NULL,'2025-07-18 21:20:50',2),(179,'博客文章',1,'com.ruoyi.system.controller.BlogArticleController.add()','POST',1,'admin','研发部门','/system/article','127.0.0.1','内网IP','{\"authorId\":1,\"content\":\"<strong>vivo和OPPO紧随其后，排在第4位的是小米。小米的出货量增长3.4%，是排名TOP 5厂商中唯一增加的。</strong>在节约意识增强的背景下，小米以擅长的低价产品为核心，“受到重视价格的消费者的支持”，IDC称。苹果排在第5位，受到中国企业挤压的状况仍在持续。苹果把iPhone16、iPhone16 Pro的价格下调至政府补贴的对象范围之内，缩小了出货量的降幅。值得一提的是，<strong>中国市场TOP5排名中已经看不到荣耀的身影。尽管进入2025年其产品发布密集，但在华为强势回归之后，荣耀急需向市场证明自身产品特色，撕掉以往“华为替代品”的标签</strong>。\",\"createTime\":\"2025-07-18 21:21:03\",\"id\":19,\"params\":{},\"title\":\"vivo\"}','{\"msg\":\"操作成功\",\"code\":200}',0,NULL,'2025-07-18 21:21:03',12),(180,'代码生成',2,'com.ruoyi.generator.controller.GenController.editSave()','PUT',1,'admin','研发部门','/tool/gen','127.0.0.1','内网IP','{\"businessName\":\"blog_article\",\"className\":\"BlogArticle\",\"columns\":[{\"capJavaField\":\"Id\",\"columnComment\":\"主键ID\",\"columnId\":1,\"columnName\":\"id\",\"columnType\":\"bigint\",\"createBy\":\"admin\",\"createTime\":\"2025-07-18 19:47:38\",\"dictType\":\"\",\"edit\":false,\"htmlType\":\"input\",\"increment\":true,\"insert\":true,\"isIncrement\":\"1\",\"isInsert\":\"1\",\"isPk\":\"1\",\"isRequired\":\"0\",\"javaField\":\"id\",\"javaType\":\"Long\",\"list\":false,\"params\":{},\"pk\":true,\"query\":false,\"queryType\":\"EQ\",\"required\":false,\"sort\":1,\"superColumn\":false,\"tableId\":1,\"updateBy\":\"\",\"updateTime\":\"2025-07-18 20:28:28\",\"usableColumn\":false},{\"capJavaField\":\"Title\",\"columnComment\":\"文章标题\",\"columnId\":2,\"columnName\":\"title\",\"columnType\":\"varchar(255)\",\"createBy\":\"admin\",\"createTime\":\"2025-07-18 19:47:38\",\"dictType\":\"\",\"edit\":true,\"htmlType\":\"input\",\"increment\":false,\"insert\":true,\"isEdit\":\"1\",\"isIncrement\":\"0\",\"isInsert\":\"1\",\"isList\":\"1\",\"isPk\":\"0\",\"isQuery\":\"1\",\"isRequired\":\"1\",\"javaField\":\"title\",\"javaType\":\"String\",\"list\":true,\"params\":{},\"pk\":false,\"query\":true,\"queryType\":\"EQ\",\"required\":true,\"sort\":2,\"superColumn\":false,\"tableId\":1,\"updateBy\":\"\",\"updateTime\":\"2025-07-18 20:28:28\",\"usableColumn\":false},{\"capJavaField\":\"Summary\",\"columnComment\":\"摘要\",\"columnId\":3,\"columnName\":\"summary\",\"columnType\":\"varchar(512)\",\"createBy\":\"admin\",\"createTime\":\"2025-07-18 19:47:38\",\"dictType\":\"\",\"edit\":true,\"htmlType\":\"textarea\",\"increment\":false,\"insert\":true,\"isEdit\":\"1\",\"isIncrement\":\"0\",\"isInsert\":\"1\",\"isList\":\"0\",\"isPk\":\"0\",\"isQuery\":\"1\",\"isRequired\":\"0\",\"javaField\":\"summary\",\"javaType\":\"String\",\"list\":false,\"params\":{},\"pk\":false,\"query\":true,\"queryType\":\"EQ\",\"required\":false,\"sort\":3,\"superColumn\":false,\"tableId\":1,\"updateBy\":\"\",\"updateTime\":\"2025-07-18 20:28:28\",\"usableColumn\":false},{\"capJavaField\":\"Content\",\"columnComment\":\"文章内容\",\"columnId\":4,\"columnName\":\"content\",\"columnType\":\"longtext\",\"createBy\":\"admin\",\"createTime\":\"2025-07-18 19:47:38\",\"dictType\":\"\",\"edit\":true,\"htmlType\":\"editor\",\"increment\":false,\"insert\":true,\"isEdit\":\"1\",\"i','{\"msg\":\"操作成功\",\"code\":200}',0,NULL,'2025-07-18 21:21:47',56),(181,'代码生成',2,'com.ruoyi.generator.controller.GenController.editSave()','PUT',1,'admin','研发部门','/tool/gen','127.0.0.1','内网IP','{\"businessName\":\"blog_article\",\"className\":\"BlogArticle\",\"columns\":[{\"capJavaField\":\"Id\",\"columnComment\":\"主键ID\",\"columnId\":1,\"columnName\":\"id\",\"columnType\":\"bigint\",\"createBy\":\"admin\",\"createTime\":\"2025-07-18 19:47:38\",\"dictType\":\"\",\"edit\":false,\"htmlType\":\"input\",\"increment\":true,\"insert\":true,\"isIncrement\":\"1\",\"isInsert\":\"1\",\"isPk\":\"1\",\"isRequired\":\"0\",\"javaField\":\"id\",\"javaType\":\"Long\",\"list\":false,\"params\":{},\"pk\":true,\"query\":false,\"queryType\":\"EQ\",\"required\":false,\"sort\":1,\"superColumn\":false,\"tableId\":1,\"updateBy\":\"\",\"updateTime\":\"2025-07-18 21:21:47\",\"usableColumn\":false},{\"capJavaField\":\"Title\",\"columnComment\":\"文章标题\",\"columnId\":2,\"columnName\":\"title\",\"columnType\":\"varchar(255)\",\"createBy\":\"admin\",\"createTime\":\"2025-07-18 19:47:38\",\"dictType\":\"\",\"edit\":true,\"htmlType\":\"input\",\"increment\":false,\"insert\":true,\"isEdit\":\"1\",\"isIncrement\":\"0\",\"isInsert\":\"1\",\"isList\":\"1\",\"isPk\":\"0\",\"isQuery\":\"1\",\"isRequired\":\"1\",\"javaField\":\"title\",\"javaType\":\"String\",\"list\":true,\"params\":{},\"pk\":false,\"query\":true,\"queryType\":\"EQ\",\"required\":true,\"sort\":2,\"superColumn\":false,\"tableId\":1,\"updateBy\":\"\",\"updateTime\":\"2025-07-18 21:21:47\",\"usableColumn\":false},{\"capJavaField\":\"Summary\",\"columnComment\":\"摘要\",\"columnId\":3,\"columnName\":\"summary\",\"columnType\":\"varchar(512)\",\"createBy\":\"admin\",\"createTime\":\"2025-07-18 19:47:38\",\"dictType\":\"\",\"edit\":true,\"htmlType\":\"textarea\",\"increment\":false,\"insert\":true,\"isEdit\":\"1\",\"isIncrement\":\"0\",\"isInsert\":\"1\",\"isList\":\"0\",\"isPk\":\"0\",\"isQuery\":\"1\",\"isRequired\":\"0\",\"javaField\":\"summary\",\"javaType\":\"String\",\"list\":false,\"params\":{},\"pk\":false,\"query\":true,\"queryType\":\"EQ\",\"required\":false,\"sort\":3,\"superColumn\":false,\"tableId\":1,\"updateBy\":\"\",\"updateTime\":\"2025-07-18 21:21:47\",\"usableColumn\":false},{\"capJavaField\":\"Content\",\"columnComment\":\"文章内容\",\"columnId\":4,\"columnName\":\"content\",\"columnType\":\"longtext\",\"createBy\":\"admin\",\"createTime\":\"2025-07-18 19:47:38\",\"dictType\":\"\",\"edit\":true,\"htmlType\":\"editor\",\"increment\":false,\"insert\":true,\"isEdit\":\"1\",\"i','{\"msg\":\"操作成功\",\"code\":200}',0,NULL,'2025-07-18 21:22:41',39),(182,'代码生成',2,'com.ruoyi.generator.controller.GenController.synchDb()','GET',1,'admin','研发部门','/tool/gen/synchDb/blog_article','127.0.0.1','内网IP','{}','{\"msg\":\"操作成功\",\"code\":200}',0,NULL,'2025-07-18 21:22:44',67),(183,'博客文章',1,'com.ruoyi.system.controller.BlogArticleController.add()','POST',1,'admin','研发部门','/system/article','127.0.0.1','内网IP','{\"authorId\":1,\"content\":\"<strong>vivo和OPPO紧随其后，排在第4位的是小米。小米的出货量增长3.4%，是排名TOP 5厂商中唯一增加的。</strong>在节约意识增强的背景下，小米以擅长的低价产品为核心，“受到重视价格的消费者的支持”，IDC称。苹果排在第5位，受到中国企业挤压的状况仍在持续。苹果把iPhone16、iPhone16 Pro的价格下调至政府补贴的对象范围之内，缩小了出货量的降幅。值得一提的是，<strong>中国市场TOP5排名中已经看不到荣耀的身影。尽管进入2025年其产品发布密集，但在华为强势回归之后，荣耀急需向市场证明自身产品特色，撕掉以往“华为替代品”的标签</strong>。\",\"createTime\":\"2025-07-18 21:23:05\",\"id\":20,\"params\":{},\"title\":\"test\"}','{\"msg\":\"操作成功\",\"code\":200}',0,NULL,'2025-07-18 21:23:05',21),(184,'博客文章',1,'com.ruoyi.system.controller.BlogArticleController.add()','POST',1,'admin','研发部门','/system/article','127.0.0.1','内网IP','{\"content\":\"<strong>vivo和OPPO紧随其后，排在第4位的是小米。小米的出货量增长3.4%，是排名TOP 5厂商中唯一增加的。</strong>在节约意识增强的背景下，小米以擅长的低价产品为核心，“受到重视价格的消费者的支持”，IDC称。苹果排在第5位，受到中国企业挤压的状况仍在持续。苹果把iPhone16、iPhone16 Pro的价格下调至政府补贴的对象范围之内，缩小了出货量的降幅。值得一提的是，<strong>中国市场TOP5排名中已经看不到荣耀的身影。尽管进入2025年其产品发布密集，但在华为强势回归之后，荣耀急需向市场证明自身产品特色，撕掉以往“华为替代品”的标签</strong>。\",\"params\":{},\"title\":\"test\"}',NULL,1,'文章标题已存在，请更换标题！','2025-07-18 21:38:57',68),(185,'博客文章',1,'com.ruoyi.system.controller.BlogArticleController.add()','POST',1,'admin','研发部门','/system/article','127.0.0.1','内网IP','{\"authorId\":1,\"content\":\"<strong>vivo和OPPO紧随其后，排在第4位的是小米。小米的出货量增长3.4%，是排名TOP 5厂商中唯一增加的。</strong>在节约意识增强的背景下，小米以擅长的低价产品为核心，“受到重视价格的消费者的支持”，IDC称。苹果排在第5位，受到中国企业挤压的状况仍在持续。苹果把iPhone16、iPhone16 Pro的价格下调至政府补贴的对象范围之内，缩小了出货量的降幅。值得一提的是，<strong>中国市场TOP5排名中已经看不到荣耀的身影。尽管进入2025年其产品发布密集，但在华为强势回归之后，荣耀急需向市场证明自身产品特色，撕掉以往“华为替代品”的标签</strong>。\",\"createTime\":\"2025-07-18 21:39:03\",\"id\":21,\"params\":{},\"title\":\"test1\"}','{\"msg\":\"操作成功\",\"code\":200}',0,NULL,'2025-07-18 21:39:03',14),(186,'博客文章',1,'com.ruoyi.system.controller.BlogArticleController.add()','POST',1,'admin','研发部门','/system/article','127.0.0.1','内网IP','{\"params\":{},\"title\":\"test2\"}',NULL,1,'文章内容不能为空，请填写内容后再发布！','2025-07-18 21:39:36',3),(187,'博客文章',1,'com.ruoyi.system.controller.BlogArticleController.add()','POST',1,'admin','研发部门','/system/article','127.0.0.1','内网IP','{\"authorId\":1,\"content\":\"鑫\",\"createTime\":\"2025-07-18 21:39:43\",\"id\":22,\"params\":{},\"title\":\"test2\"}','{\"msg\":\"操作成功\",\"code\":200}',0,NULL,'2025-07-18 21:39:43',19),(188,'博客文章',1,'com.ruoyi.system.controller.BlogArticleController.add()','POST',1,'admin','研发部门','/system/article','127.0.0.1','内网IP','{\"authorId\":1,\"content\":\"<p>磊在在在在</p>\",\"createTime\":\"2025-07-18 21:50:30\",\"id\":23,\"params\":{},\"title\":\"test3\"}','{\"msg\":\"操作成功\",\"code\":200}',0,NULL,'2025-07-18 21:50:30',187),(189,'代码生成',2,'com.ruoyi.generator.controller.GenController.editSave()','PUT',1,'admin','研发部门','/tool/gen','127.0.0.1','内网IP','{\"businessName\":\"blog_article\",\"className\":\"BlogArticle\",\"columns\":[{\"capJavaField\":\"Id\",\"columnComment\":\"主键ID\",\"columnId\":1,\"columnName\":\"id\",\"columnType\":\"bigint\",\"createBy\":\"admin\",\"createTime\":\"2025-07-18 19:47:38\",\"dictType\":\"\",\"edit\":false,\"htmlType\":\"input\",\"increment\":true,\"insert\":true,\"isIncrement\":\"1\",\"isInsert\":\"1\",\"isPk\":\"1\",\"isRequired\":\"0\",\"javaField\":\"id\",\"javaType\":\"Long\",\"list\":false,\"params\":{},\"pk\":true,\"query\":false,\"queryType\":\"EQ\",\"required\":false,\"sort\":1,\"superColumn\":false,\"tableId\":1,\"updateBy\":\"\",\"updateTime\":\"2025-07-18 21:22:44\",\"usableColumn\":false},{\"capJavaField\":\"Title\",\"columnComment\":\"文章标题\",\"columnId\":2,\"columnName\":\"title\",\"columnType\":\"varchar(255)\",\"createBy\":\"admin\",\"createTime\":\"2025-07-18 19:47:38\",\"dictType\":\"\",\"edit\":true,\"htmlType\":\"input\",\"increment\":false,\"insert\":true,\"isEdit\":\"1\",\"isIncrement\":\"0\",\"isInsert\":\"1\",\"isList\":\"1\",\"isPk\":\"0\",\"isQuery\":\"1\",\"isRequired\":\"1\",\"javaField\":\"title\",\"javaType\":\"String\",\"list\":true,\"params\":{},\"pk\":false,\"query\":true,\"queryType\":\"EQ\",\"required\":true,\"sort\":2,\"superColumn\":false,\"tableId\":1,\"updateBy\":\"\",\"updateTime\":\"2025-07-18 21:22:44\",\"usableColumn\":false},{\"capJavaField\":\"Summary\",\"columnComment\":\"摘要\",\"columnId\":3,\"columnName\":\"summary\",\"columnType\":\"varchar(512)\",\"createBy\":\"admin\",\"createTime\":\"2025-07-18 19:47:38\",\"dictType\":\"\",\"edit\":true,\"htmlType\":\"textarea\",\"increment\":false,\"insert\":true,\"isEdit\":\"1\",\"isIncrement\":\"0\",\"isInsert\":\"1\",\"isList\":\"1\",\"isPk\":\"0\",\"isQuery\":\"1\",\"isRequired\":\"0\",\"javaField\":\"summary\",\"javaType\":\"String\",\"list\":true,\"params\":{},\"pk\":false,\"query\":true,\"queryType\":\"EQ\",\"required\":false,\"sort\":3,\"superColumn\":false,\"tableId\":1,\"updateBy\":\"\",\"updateTime\":\"2025-07-18 21:22:44\",\"usableColumn\":false},{\"capJavaField\":\"Content\",\"columnComment\":\"文章内容\",\"columnId\":4,\"columnName\":\"content\",\"columnType\":\"longtext\",\"createBy\":\"admin\",\"createTime\":\"2025-07-18 19:47:38\",\"dictType\":\"\",\"edit\":true,\"htmlType\":\"editor\",\"increment\":false,\"insert\":true,\"isEdit\":\"1\",\"is','{\"msg\":\"操作成功\",\"code\":200}',0,NULL,'2025-07-18 21:57:38',55),(190,'代码生成',2,'com.ruoyi.generator.controller.GenController.synchDb()','GET',1,'admin','研发部门','/tool/gen/synchDb/blog_article','127.0.0.1','内网IP','{}','{\"msg\":\"操作成功\",\"code\":200}',0,NULL,'2025-07-18 21:57:42',73),(191,'博客文章',2,'com.ruoyi.system.controller.BlogArticleController.edit()','PUT',1,'admin','研发部门','/system/article','127.0.0.1','内网IP','{\"authorId\":1,\"content\":\"<strong>vivo和OPPO紧随其后，排在第4位的是小米。小米的出货量增长3.4%，是排名TOP 5厂商中唯一增加的。</strong>在节约意识增强的背景下，小米以擅长的低价产品为核心，“受到重视价格的消费者的支持”，IDC称。苹果排在第5位，受到中国企业挤压的状况仍在持续。苹果把iPhone16、iPhone16 Pro的价格下调至政府补贴的对象范围之内，缩小了出货量的降幅。值得一提的是，<strong>中国市场TOP5排名中已经看不到荣耀的身影。尽管进入2025年其产品发布密集，但在华为强势回归之后，荣耀急需向市场证明自身产品特色，撕掉以往“华为替代品”的标签</strong>。\",\"createTime\":\"2025-07-18 21:21:03\",\"id\":19,\"params\":{},\"title\":\"vivo\",\"updateTime\":\"2025-07-18 21:58:05\"}','{\"msg\":\"操作成功\",\"code\":200}',0,NULL,'2025-07-18 21:58:06',17),(192,'博客文章',2,'com.ruoyi.system.controller.BlogArticleController.edit()','PUT',1,'admin','研发部门','/system/article','127.0.0.1','内网IP','{\"authorId\":1,\"content\":\"<p>磊在在在在</p>\",\"createTime\":\"2025-07-18 21:50:30\",\"id\":23,\"params\":{},\"title\":\"test3\",\"updateTime\":\"2025-07-18 21:58:16\"}','{\"msg\":\"操作成功\",\"code\":200}',0,NULL,'2025-07-18 21:58:17',5),(193,'博客文章',2,'com.ruoyi.system.controller.BlogArticleController.edit()','PUT',1,'admin','研发部门','/system/article','127.0.0.1','内网IP','{\"authorId\":1,\"content\":\"<p><strong>vivo和OPPO紧随其后，排在第4位的是小米。小米的出货量增长3.4%，是排名TOP 5厂商中唯一增加的。</strong>在节约意识增强的背景下，小米以擅长的低价产品为核心，“受到重视价格的消费者的支持”，IDC称。苹果排在第5位，受到中国企业挤压的状况仍在持续。苹果把iPhone16、iPhone16 Pro的价格下调至政府补贴的对象范围之内，缩小了出货量的降幅。值得一提的是，<strong>中国市场TOP5排名中已经看不到荣耀的身影。尽管进入2025年其产品发布密集，但在华为强势回归之后，荣耀急需向市场证明自身产品特色，撕掉以往“华为替代品”的标签</strong>。</p>\",\"createTime\":\"2025-07-18 21:23:06\",\"id\":20,\"params\":{},\"title\":\"美国解禁H20芯片深层原因 白宫AI主管：打压华为\",\"updateTime\":\"2025-07-18 22:01:47\"}','{\"msg\":\"操作成功\",\"code\":200}',0,NULL,'2025-07-18 22:01:47',26),(194,'博客文章',2,'com.ruoyi.system.controller.BlogArticleController.edit()','PUT',1,'admin','研发部门','/system/article','127.0.0.1','内网IP','{\"authorId\":1,\"content\":\"<p><strong>vivo和OPPO紧随其后，排在第4位的是小米。小米的出货量增长3.4%，是排名TOP 5厂商中唯一增加的。</strong>在节约意识增强的背景下，小米以擅长的低价产品为核心，“受到重视价格的消费者的支持”，IDC称。苹果排在第5位，受到中国企业挤压的状况仍在持续。苹果把iPhone16、iPhone16 Pro的价格下调至政府补贴的对象范围之内，缩小了出货量的降幅。值得一提的是，<strong>中国市场TOP5排名中已经看不到荣耀的身影。尽管进入2025年其产品发布密集，但在华为强势回归之后，荣耀急需向市场证明自身产品特色，撕掉以往“华为替代品”的标签</strong>。</p>\",\"createTime\":\"2025-07-18 21:39:03\",\"id\":21,\"params\":{},\"title\":\"vivo和OPPO紧随其后，排在第4位的是小米\",\"updateTime\":\"2025-07-18 22:02:01\"}','{\"msg\":\"操作成功\",\"code\":200}',0,NULL,'2025-07-18 22:02:01',24),(195,'博客文章',2,'com.ruoyi.system.controller.BlogArticleController.edit()','PUT',1,'admin','研发部门','/system/article','127.0.0.1','内网IP','{\"authorId\":1,\"content\":\"<p>鑫</p>\",\"createTime\":\"2025-07-18 21:39:44\",\"id\":22,\"params\":{},\"title\":\"vivo和OPPO紧随其后，排在第4位的是小米\",\"updateTime\":\"2025-07-18 22:02:22\"}',NULL,1,'\n### Error updating database.  Cause: java.sql.SQLIntegrityConstraintViolationException: Duplicate entry \'vivo和OPPO紧随其后，排在第4位的是小米\' for key \'blog_article.uk_title\'\n### The error may exist in URL [jar:file:/Users/nevell/.m2/repository/com/ruoyi/ruoyi-system/3.9.0/ruoyi-system-3.9.0.jar!/mapper/system/BlogArticleMapper.xml]\n### The error may involve com.ruoyi.system.mapper.BlogArticleMapper.updateBlogArticle-Inline\n### The error occurred while setting parameters\n### SQL: update blog_article          SET title = ?,                          content = ?,                                       author_id = ?,                                                                                           create_time = ?,             update_time = ?          where id = ?\n### Cause: java.sql.SQLIntegrityConstraintViolationException: Duplicate entry \'vivo和OPPO紧随其后，排在第4位的是小米\' for key \'blog_article.uk_title\'\n; Duplicate entry \'vivo和OPPO紧随其后，排在第4位的是小米\' for key \'blog_article.uk_title\'; nested exception is java.sql.SQLIntegrityConstraintViolationException: Duplicate entry \'vivo和OPPO紧随其后，排在第4位的是小米\' for key \'blog_article.uk_title\'','2025-07-18 22:02:23',78),(196,'博客文章',2,'com.ruoyi.system.controller.BlogArticleController.edit()','PUT',1,'admin','研发部门','/system/article','127.0.0.1','内网IP','{\"authorId\":1,\"content\":\"<p>鑫</p>\",\"createTime\":\"2025-07-18 21:39:44\",\"id\":22,\"params\":{},\"title\":\"vivo和OPPO紧随其后排在第4位的是小米\",\"updateTime\":\"2025-07-18 22:02:35\"}','{\"msg\":\"操作成功\",\"code\":200}',0,NULL,'2025-07-18 22:02:35',5),(197,'博客文章',2,'com.ruoyi.system.controller.BlogArticleController.edit()','PUT',1,'admin','研发部门','/system/article','127.0.0.1','内网IP','{\"authorId\":1,\"content\":\"<p>磊在在在在</p>\",\"createTime\":\"2025-07-18 21:50:30\",\"id\":23,\"params\":{},\"title\":\"vivo和OPPO紧随其后，排在第4位的是小米\",\"updateTime\":\"2025-07-18 22:02:48\"}',NULL,1,'\n### Error updating database.  Cause: java.sql.SQLIntegrityConstraintViolationException: Duplicate entry \'vivo和OPPO紧随其后，排在第4位的是小米\' for key \'blog_article.uk_title\'\n### The error may exist in URL [jar:file:/Users/nevell/.m2/repository/com/ruoyi/ruoyi-system/3.9.0/ruoyi-system-3.9.0.jar!/mapper/system/BlogArticleMapper.xml]\n### The error may involve com.ruoyi.system.mapper.BlogArticleMapper.updateBlogArticle-Inline\n### The error occurred while setting parameters\n### SQL: update blog_article          SET title = ?,                          content = ?,                                       author_id = ?,                                                                                           create_time = ?,             update_time = ?          where id = ?\n### Cause: java.sql.SQLIntegrityConstraintViolationException: Duplicate entry \'vivo和OPPO紧随其后，排在第4位的是小米\' for key \'blog_article.uk_title\'\n; Duplicate entry \'vivo和OPPO紧随其后，排在第4位的是小米\' for key \'blog_article.uk_title\'; nested exception is java.sql.SQLIntegrityConstraintViolationException: Duplicate entry \'vivo和OPPO紧随其后，排在第4位的是小米\' for key \'blog_article.uk_title\'','2025-07-18 22:02:48',4),(198,'博客文章',2,'com.ruoyi.system.controller.BlogArticleController.edit()','PUT',1,'admin','研发部门','/system/article','127.0.0.1','内网IP','{\"authorId\":1,\"content\":\"<p>磊在在在在</p>\",\"createTime\":\"2025-07-18 21:50:30\",\"id\":23,\"params\":{},\"title\":\"hello你们好\",\"updateTime\":\"2025-07-18 22:59:56\"}','{\"msg\":\"操作成功\",\"code\":200}',0,NULL,'2025-07-18 22:59:56',41),(199,'博客文章',1,'com.ruoyi.system.controller.BlogArticleController.add()','POST',1,'admin','研发部门','/system/article','127.0.0.1','内网IP','{\"content\":\"<p>vivo和OPPO紧随其后，排在第4位的是小米</p>\",\"params\":{},\"title\":\"vivo和OPPO紧随其后，排在第4位的是小米\"}',NULL,1,'文章标题已存在，请更换标题！','2025-07-18 23:03:07',21),(200,'博客文章',1,'com.ruoyi.system.controller.BlogArticleController.add()','POST',1,'admin','研发部门','/system/article','127.0.0.1','内网IP','{\"authorId\":1,\"content\":\"<p>vivo和OPPO紧随其后，排在第4位的是小米</p>\",\"createTime\":\"2025-07-18 23:03:14\",\"id\":24,\"params\":{},\"title\":\"vivo和oppo紧随其后，排在第4位的\"}','{\"msg\":\"操作成功\",\"code\":200}',0,NULL,'2025-07-18 23:03:14',29),(201,'博客文章',1,'com.ruoyi.system.controller.BlogArticleController.add()','POST',1,'admin','研发部门','/system/article','127.0.0.1','内网IP','{\"authorId\":1,\"content\":\"<p>vivo和OPPO紧随其后，排在第4位的是小米</p>\",\"createTime\":\"2025-07-18 23:03:43\",\"id\":25,\"params\":{},\"title\":\"vivo和oppo紧随其后，4位的是小米\"}','{\"msg\":\"操作成功\",\"code\":200}',0,NULL,'2025-07-18 23:03:43',10),(202,'博客文章',1,'com.ruoyi.system.controller.BlogArticleController.add()','POST',1,'admin','研发部门','/system/article','127.0.0.1','内网IP','{\"content\":\"<p><span style=\\\"background-color: rgb(255, 255, 255); color: rgb(51, 51, 51);\\\">购车的陈女士介绍，她是被人介绍来这家门店买车的，她签订的购车合同显示，</span><strong style=\\\"background-color: rgb(255, 255, 255); color: rgb(51, 51, 51);\\\">一周后提车，但到了交车日期，这家4S店一拖再拖，迟迟无法轿车。</strong></p><p><span style=\\\"background-color: rgb(255, 255, 255); color: rgb(51, 51, 51);\\\">另有其他车主表示，她是早早拿到了车，却因为门店负责人将合格证与购车发票抵押给了债主，导致无法上牌。</span></p><p><span style=\\\"background-color: rgb(255, 255, 255); color: rgb(51, 51, 51);\\\">她们把情况投诉给奇瑞的400客服后，却得到相同的回答，查无此店，无法提供帮助。</span></p><p><span style=\\\"background-color: rgb(255, 255, 255); color: rgb(51, 51, 51);\\\">媒体来到涉事门店发现，这家所谓的“奇瑞4S店”，门头悬挂的却是正规的奇瑞logo，无论是门头布置还是展厅设计，都让人感觉是一家正规的品牌4S店。</span></p><p><span style=\\\"background-color: rgb(255, 255, 255); color: rgb(51, 51, 51);\\\">而该店的销售员工表示：</span><strong style=\\\"background-color: rgb(255, 255, 255); color: rgb(51, 51, 51);\\\">该店为厂家店，厂家直营，还可以送售后服务。</strong></p><p><br></p>\",\"params\":{},\"title\":\"vivo\"}',NULL,1,'文章标题已存在，请更换标题！','2025-07-18 23:04:33',69),(203,'博客文章',1,'com.ruoyi.system.controller.BlogArticleController.add()','POST',1,'admin','研发部门','/system/article','127.0.0.1','内网IP','{\"content\":\"<p><span style=\\\"background-color: rgb(255, 255, 255); color: rgb(51, 51, 51);\\\">购车的陈女士介绍，她是被人介绍来这家门店买车的，她签订的购车合同显示，</span><strong style=\\\"background-color: rgb(255, 255, 255); color: rgb(51, 51, 51);\\\">一周后提车，但到了交车日期，这家4S店一拖再拖，迟迟无法轿车。</strong></p><p><span style=\\\"background-color: rgb(255, 255, 255); color: rgb(51, 51, 51);\\\">另有其他车主表示，她是早早拿到了车，却因为门店负责人将合格证与购车发票抵押给了债主，导致无法上牌。</span></p><p><span style=\\\"background-color: rgb(255, 255, 255); color: rgb(51, 51, 51);\\\">她们把情况投诉给奇瑞的400客服后，却得到相同的回答，查无此店，无法提供帮助。</span></p><p><span style=\\\"background-color: rgb(255, 255, 255); color: rgb(51, 51, 51);\\\">媒体来到涉事门店发现，这家所谓的“奇瑞4S店”，门头悬挂的却是正规的奇瑞logo，无论是门头布置还是展厅设计，都让人感觉是一家正规的品牌4S店。</span></p><p><span style=\\\"background-color: rgb(255, 255, 255); color: rgb(51, 51, 51);\\\">而该店的销售员工表示：</span><strong style=\\\"background-color: rgb(255, 255, 255); color: rgb(51, 51, 51);\\\">该店为厂家店，厂家直营，还可以送售后服务。</strong></p><p><br></p>\",\"params\":{},\"title\":\"vivo\"}',NULL,1,'文章标题已存在，请更换标题！','2025-07-18 23:04:36',7),(204,'博客文章',1,'com.ruoyi.system.controller.BlogArticleController.add()','POST',1,'admin','研发部门','/system/article','127.0.0.1','内网IP','{\"authorId\":1,\"content\":\"<p><span style=\\\"background-color: rgb(255, 255, 255); color: rgb(51, 51, 51);\\\">购车的陈女士介绍，她是被人介绍来这家门店买车的，她签订的购车合同显示，</span><strong style=\\\"background-color: rgb(255, 255, 255); color: rgb(51, 51, 51);\\\">一周后提车，但到了交车日期，这家4S店一拖再拖，迟迟无法轿车。</strong></p><p><span style=\\\"background-color: rgb(255, 255, 255); color: rgb(51, 51, 51);\\\">另有其他车主表示，她是早早拿到了车，却因为门店负责人将合格证与购车发票抵押给了债主，导致无法上牌。</span></p><p><span style=\\\"background-color: rgb(255, 255, 255); color: rgb(51, 51, 51);\\\">她们把情况投诉给奇瑞的400客服后，却得到相同的回答，查无此店，无法提供帮助。</span></p><p><span style=\\\"background-color: rgb(255, 255, 255); color: rgb(51, 51, 51);\\\">媒体来到涉事门店发现，这家所谓的“奇瑞4S店”，门头悬挂的却是正规的奇瑞logo，无论是门头布置还是展厅设计，都让人感觉是一家正规的品牌4S店。</span></p><p><span style=\\\"background-color: rgb(255, 255, 255); color: rgb(51, 51, 51);\\\">而该店的销售员工表示：</span><strong style=\\\"background-color: rgb(255, 255, 255); color: rgb(51, 51, 51);\\\">该店为厂家店，厂家直营，还可以送售后服务。</strong></p><p><br></p>\",\"createTime\":\"2025-07-18 23:04:42\",\"id\":26,\"params\":{},\"title\":\"vivo vivo\"}','{\"msg\":\"操作成功\",\"code\":200}',0,NULL,'2025-07-18 23:04:42',16),(205,'代码生成',2,'com.ruoyi.generator.controller.GenController.editSave()','PUT',1,'admin','研发部门','/tool/gen','127.0.0.1','内网IP','{\"businessName\":\"blog_article\",\"className\":\"BlogArticle\",\"columns\":[{\"capJavaField\":\"Id\",\"columnComment\":\"主键ID\",\"columnId\":1,\"columnName\":\"id\",\"columnType\":\"bigint\",\"createBy\":\"admin\",\"createTime\":\"2025-07-18 19:47:38\",\"dictType\":\"\",\"edit\":false,\"htmlType\":\"input\",\"increment\":true,\"insert\":true,\"isIncrement\":\"1\",\"isInsert\":\"1\",\"isPk\":\"1\",\"isRequired\":\"0\",\"javaField\":\"id\",\"javaType\":\"Long\",\"list\":false,\"params\":{},\"pk\":true,\"query\":false,\"queryType\":\"EQ\",\"required\":false,\"sort\":1,\"superColumn\":false,\"tableId\":1,\"updateBy\":\"\",\"updateTime\":\"2025-07-18 21:57:42\",\"usableColumn\":false},{\"capJavaField\":\"Title\",\"columnComment\":\"文章标题\",\"columnId\":2,\"columnName\":\"title\",\"columnType\":\"varchar(255)\",\"createBy\":\"admin\",\"createTime\":\"2025-07-18 19:47:38\",\"dictType\":\"\",\"edit\":true,\"htmlType\":\"input\",\"increment\":false,\"insert\":true,\"isEdit\":\"1\",\"isIncrement\":\"0\",\"isInsert\":\"1\",\"isList\":\"1\",\"isPk\":\"0\",\"isQuery\":\"1\",\"isRequired\":\"1\",\"javaField\":\"title\",\"javaType\":\"String\",\"list\":true,\"params\":{},\"pk\":false,\"query\":true,\"queryType\":\"EQ\",\"required\":true,\"sort\":2,\"superColumn\":false,\"tableId\":1,\"updateBy\":\"\",\"updateTime\":\"2025-07-18 21:57:42\",\"usableColumn\":false},{\"capJavaField\":\"Summary\",\"columnComment\":\"摘要\",\"columnId\":3,\"columnName\":\"summary\",\"columnType\":\"varchar(512)\",\"createBy\":\"admin\",\"createTime\":\"2025-07-18 19:47:38\",\"dictType\":\"\",\"edit\":true,\"htmlType\":\"textarea\",\"increment\":false,\"insert\":true,\"isEdit\":\"1\",\"isIncrement\":\"0\",\"isInsert\":\"1\",\"isList\":\"0\",\"isPk\":\"0\",\"isQuery\":\"1\",\"isRequired\":\"0\",\"javaField\":\"summary\",\"javaType\":\"String\",\"list\":false,\"params\":{},\"pk\":false,\"query\":true,\"queryType\":\"EQ\",\"required\":false,\"sort\":3,\"superColumn\":false,\"tableId\":1,\"updateBy\":\"\",\"updateTime\":\"2025-07-18 21:57:42\",\"usableColumn\":false},{\"capJavaField\":\"Content\",\"columnComment\":\"文章内容\",\"columnId\":4,\"columnName\":\"content\",\"columnType\":\"longtext\",\"createBy\":\"admin\",\"createTime\":\"2025-07-18 19:47:38\",\"dictType\":\"\",\"edit\":true,\"htmlType\":\"editor\",\"increment\":false,\"insert\":true,\"isEdit\":\"1\",\"i','{\"msg\":\"操作成功\",\"code\":200}',0,NULL,'2025-07-18 23:15:22',71),(206,'代码生成',2,'com.ruoyi.generator.controller.GenController.synchDb()','GET',1,'admin','研发部门','/tool/gen/synchDb/blog_article','127.0.0.1','内网IP','{}','{\"msg\":\"操作成功\",\"code\":200}',0,NULL,'2025-07-18 23:15:26',69),(207,'代码生成',2,'com.ruoyi.generator.controller.GenController.editSave()','PUT',1,'admin','研发部门','/tool/gen','127.0.0.1','内网IP','{\"businessName\":\"category\",\"className\":\"BlogCategory\",\"columns\":[{\"capJavaField\":\"Id\",\"columnComment\":\"主键ID\",\"columnId\":20,\"columnName\":\"id\",\"columnType\":\"bigint\",\"createBy\":\"admin\",\"createTime\":\"2025-07-18 19:47:38\",\"dictType\":\"\",\"edit\":false,\"htmlType\":\"input\",\"increment\":true,\"insert\":true,\"isIncrement\":\"1\",\"isInsert\":\"1\",\"isPk\":\"1\",\"isRequired\":\"0\",\"javaField\":\"id\",\"javaType\":\"Long\",\"list\":false,\"params\":{},\"pk\":true,\"query\":false,\"queryType\":\"EQ\",\"required\":false,\"sort\":1,\"superColumn\":false,\"tableId\":3,\"updateBy\":\"\",\"updateTime\":\"2025-07-18 19:50:20\",\"usableColumn\":false},{\"capJavaField\":\"Name\",\"columnComment\":\"分类名称\",\"columnId\":21,\"columnName\":\"name\",\"columnType\":\"varchar(64)\",\"createBy\":\"admin\",\"createTime\":\"2025-07-18 19:47:38\",\"dictType\":\"\",\"edit\":true,\"htmlType\":\"input\",\"increment\":false,\"insert\":true,\"isEdit\":\"1\",\"isIncrement\":\"0\",\"isInsert\":\"1\",\"isList\":\"1\",\"isPk\":\"0\",\"isQuery\":\"1\",\"isRequired\":\"1\",\"javaField\":\"name\",\"javaType\":\"String\",\"list\":true,\"params\":{},\"pk\":false,\"query\":true,\"queryType\":\"LIKE\",\"required\":true,\"sort\":2,\"superColumn\":false,\"tableId\":3,\"updateBy\":\"\",\"updateTime\":\"2025-07-18 19:50:20\",\"usableColumn\":false},{\"capJavaField\":\"Sort\",\"columnComment\":\"排序\",\"columnId\":22,\"columnName\":\"sort\",\"columnType\":\"int\",\"createBy\":\"admin\",\"createTime\":\"2025-07-18 19:47:38\",\"dictType\":\"\",\"edit\":true,\"htmlType\":\"input\",\"increment\":false,\"insert\":true,\"isEdit\":\"1\",\"isIncrement\":\"0\",\"isInsert\":\"1\",\"isList\":\"1\",\"isPk\":\"0\",\"isQuery\":\"1\",\"isRequired\":\"0\",\"javaField\":\"sort\",\"javaType\":\"Long\",\"list\":true,\"params\":{},\"pk\":false,\"query\":true,\"queryType\":\"EQ\",\"required\":false,\"sort\":3,\"superColumn\":false,\"tableId\":3,\"updateBy\":\"\",\"updateTime\":\"2025-07-18 19:50:20\",\"usableColumn\":false},{\"capJavaField\":\"CreateTime\",\"columnComment\":\"创建时间\",\"columnId\":23,\"columnName\":\"create_time\",\"columnType\":\"datetime\",\"createBy\":\"admin\",\"createTime\":\"2025-07-18 19:47:38\",\"dictType\":\"\",\"edit\":false,\"htmlType\":\"datetime\",\"increment\":false,\"insert\":true,\"isIncrement\":\"0\",\"isInsert\":\"','{\"msg\":\"操作成功\",\"code\":200}',0,NULL,'2025-07-18 23:16:57',30),(208,'代码生成',2,'com.ruoyi.generator.controller.GenController.synchDb()','GET',1,'admin','研发部门','/tool/gen/synchDb/blog_category','127.0.0.1','内网IP','{}','{\"msg\":\"操作成功\",\"code\":200}',0,NULL,'2025-07-18 23:17:03',33),(209,'代码生成',8,'com.ruoyi.generator.controller.GenController.batchGenCode()','GET',1,'admin','研发部门','/tool/gen/batchGenCode','127.0.0.1','内网IP','{\"tables\":\"blog_category\"}',NULL,0,NULL,'2025-07-18 23:17:08',141),(210,'博客文章',2,'com.ruoyi.system.controller.BlogArticleController.edit()','PUT',1,'admin','研发部门','/system/article','127.0.0.1','内网IP','{\"authorId\":1,\"content\":\"<p><strong>vivo和OPPO紧随其后，排在第4位的是小米。小米的出货量增长3.4%，是排名TOP 5厂商中唯一增加的。</strong>在节约意识增强的背景下，小米以擅长的低价产品为核心，“受到重视价格的消费者的支持”，IDC称。苹果排在第5位，受到中国企业挤压的状况仍在持续。苹果把iPhone16、iPhone16 Pro的价格下调至政府补贴的对象范围之内，缩小了出货量的降幅。值得一提的是，<strong>中国市场TOP5排名中已经看不到荣耀的身影。尽管进入2025年其产品发布密集，但在华为强势回归之后，荣耀急需向市场证明自身产品特色，撕掉以往“华为替代品”的标签</strong>。</p>\",\"createTime\":\"2025-07-18 21:23:06\",\"id\":20,\"isTop\":1,\"params\":{},\"title\":\"美国解禁h20芯片深层原因 白宫ai主管：打压华为\",\"updateTime\":\"2025-07-18 23:30:19\"}','{\"msg\":\"操作成功\",\"code\":200}',0,NULL,'2025-07-18 23:30:19',49),(211,'博客文章',2,'com.ruoyi.system.controller.BlogArticleController.edit()','PUT',1,'admin','研发部门','/system/article','127.0.0.1','内网IP','{\"authorId\":1,\"content\":\"<p><strong>vivo和OPPO紧随其后，排在第4位的是小米。小米的出货量增长3.4%，是排名TOP 5厂商中唯一增加的。</strong>在节约意识增强的背景下，小米以擅长的低价产品为核心，“受到重视价格的消费者的支持”，IDC称。苹果排在第5位，受到中国企业挤压的状况仍在持续。苹果把iPhone16、iPhone16 Pro的价格下调至政府补贴的对象范围之内，缩小了出货量的降幅。值得一提的是，<strong>中国市场TOP5排名中已经看不到荣耀的身影。尽管进入2025年其产品发布密集，但在华为强势回归之后，荣耀急需向市场证明自身产品特色，撕掉以往“华为替代品”的标签</strong>。</p>\",\"createTime\":\"2025-07-18 21:39:03\",\"id\":21,\"isRecommend\":1,\"params\":{},\"title\":\"vivo和oppo紧随其后，排在第4位的是小米\",\"updateTime\":\"2025-07-18 23:30:32\"}','{\"msg\":\"操作成功\",\"code\":200}',0,NULL,'2025-07-18 23:30:32',10),(212,'博客文章',2,'com.ruoyi.system.controller.BlogArticleController.edit()','PUT',1,'admin','研发部门','/system/article','127.0.0.1','内网IP','{\"authorId\":1,\"categoryId\":1,\"content\":\"<p><strong>vivo和OPPO紧随其后，排在第4位的是小米。小米的出货量增长3.4%，是排名TOP 5厂商中唯一增加的。</strong>在节约意识增强的背景下，小米以擅长的低价产品为核心，“受到重视价格的消费者的支持”，IDC称。苹果排在第5位，受到中国企业挤压的状况仍在持续。苹果把iPhone16、iPhone16 Pro的价格下调至政府补贴的对象范围之内，缩小了出货量的降幅。值得一提的是，<strong>中国市场TOP5排名中已经看不到荣耀的身影。尽管进入2025年其产品发布密集，但在华为强势回归之后，荣耀急需向市场证明自身产品特色，撕掉以往“华为替代品”的标签</strong>。</p>\",\"createTime\":\"2025-07-18 21:23:06\",\"id\":20,\"isTop\":1,\"params\":{},\"title\":\"美国解禁h20芯片深层原因 白宫ai主管：打压华为\",\"updateTime\":\"2025-07-18 23:31:55\"}','{\"msg\":\"操作成功\",\"code\":200}',0,NULL,'2025-07-18 23:31:55',10),(213,'博客文章',2,'com.ruoyi.system.controller.BlogArticleController.edit()','PUT',1,'admin','研发部门','/system/article','127.0.0.1','内网IP','{\"authorId\":1,\"categoryId\":2,\"content\":\"<p><strong>vivo和OPPO紧随其后，排在第4位的是小米。小米的出货量增长3.4%，是排名TOP 5厂商中唯一增加的。</strong>在节约意识增强的背景下，小米以擅长的低价产品为核心，“受到重视价格的消费者的支持”，IDC称。苹果排在第5位，受到中国企业挤压的状况仍在持续。苹果把iPhone16、iPhone16 Pro的价格下调至政府补贴的对象范围之内，缩小了出货量的降幅。值得一提的是，<strong>中国市场TOP5排名中已经看不到荣耀的身影。尽管进入2025年其产品发布密集，但在华为强势回归之后，荣耀急需向市场证明自身产品特色，撕掉以往“华为替代品”的标签</strong>。</p>\",\"createTime\":\"2025-07-18 21:39:03\",\"id\":21,\"isRecommend\":1,\"params\":{},\"title\":\"vivo和oppo紧随其后，排在第4位的是小米\",\"updateTime\":\"2025-07-18 23:32:03\"}','{\"msg\":\"操作成功\",\"code\":200}',0,NULL,'2025-07-18 23:32:03',9),(214,'博客文章',2,'com.ruoyi.system.controller.BlogArticleController.edit()','PUT',1,'admin','研发部门','/system/article','127.0.0.1','内网IP','{\"authorId\":1,\"categoryId\":3,\"content\":\"<p>vivo和OPPO紧随其后，排在第4位的是小米</p>\",\"createTime\":\"2025-07-18 23:03:15\",\"id\":24,\"params\":{},\"title\":\"vivo和oppo紧随其后，排在第4位的\",\"updateTime\":\"2025-07-18 23:32:16\"}','{\"msg\":\"操作成功\",\"code\":200}',0,NULL,'2025-07-18 23:32:16',15),(215,'博客文章',2,'com.ruoyi.system.controller.BlogArticleController.edit()','PUT',1,'admin','研发部门','/system/article','127.0.0.1','内网IP','{\"authorId\":1,\"content\":\"<p><strong>vivo和OPPO紧随其后，排在第4位的是小米。小米的出货量增长3.4%，是排名TOP 5厂商中唯一增加的。</strong>在节约意识增强的背景下，小米以擅长的低价产品为核心，“受到重视价格的消费者的支持”，IDC称。苹果排在第5位，受到中国企业挤压的状况仍在持续。苹果把iPhone16、iPhone16 Pro的价格下调至政府补贴的对象范围之内，缩小了出货量的降幅。值得一提的是，<strong>中国市场TOP5排名中已经看不到荣耀的身影。尽管进入2025年其产品发布密集，但在华为强势回归之后，荣耀急需向市场证明自身产品特色，撕掉以往“华为替代品”的标签</strong>。</p>\",\"createTime\":\"2025-07-18 21:21:03\",\"id\":19,\"params\":{},\"title\":\"vivo\",\"updateTime\":\"2025-07-18 23:35:07\"}','{\"msg\":\"操作成功\",\"code\":200}',0,NULL,'2025-07-18 23:35:07',21),(216,'博客文章',2,'com.ruoyi.system.controller.BlogArticleController.edit()','PUT',1,'admin','研发部门','/system/article','127.0.0.1','内网IP','{\"categoryId\":1,\"content\":\"<p><strong>vivo和OPPO紧随其后，排在第4位的是小米。小米的出货量增长3.4%，是排名TOP 5厂商中唯一增加的。</strong>在节约意识增强的背景下，小米以擅长的低价产品为核心，“受到重视价格的消费者的支持”，IDC称。苹果排在第5位，受到中国企业挤压的状况仍在持续。苹果把iPhone16、iPhone16 Pro的价格下调至政府补贴的对象范围之内，缩小了出货量的降幅。值得一提的是，<strong>中国市场TOP5排名中已经看不到荣耀的身影。尽管进入2025年其产品发布密集，但在华为强势回归之后，荣耀急需向市场证明自身产品特色，撕掉以往“华为替代品”的标签</strong>。</p>\",\"createTime\":\"2025-07-18 21:23:06\",\"id\":20,\"isTop\":1,\"params\":{},\"title\":\"美国解禁h20芯片深层原因 白宫ai主管：打压华为\",\"updateTime\":\"2025-07-18 23:40:33\"}','{\"msg\":\"操作成功\",\"code\":200}',0,NULL,'2025-07-18 23:40:34',42),(217,'博客文章',1,'com.ruoyi.system.controller.BlogArticleController.add()','POST',1,'admin','研发部门','/system/article','127.0.0.1','内网IP','{\"authorId\":1,\"content\":\"<p><strong style=\\\"background-color: rgb(255, 255, 255); color: rgb(51, 51, 51);\\\">发布会结束后，贾总一如既往的煽情</strong><span style=\\\"background-color: rgb(255, 255, 255); color: rgb(51, 51, 51);\\\">：“洛杉矶DTLA 7.17，California sunset映照天际线，FX Super One全球公众产品发布会成功，Super EAI F.A.C.E.也终于揭幕与你们见面，且正式开启C端预定。</span></p><p><span style=\\\"background-color: rgb(255, 255, 255); color: rgb(51, 51, 51);\\\">今晚最遗憾的是没能送可儿乐儿回家，爸爸又一次缺席了，但我知道，你们会一如既往的理解和支持爸爸。追梦者的新征程新起点，我们再次把不可能变为可能”。</span></p><p><br></p>\",\"createTime\":\"2025-07-18 23:41:38\",\"id\":27,\"params\":{},\"title\":\"我们再次把不可能变为可能\"}','{\"msg\":\"操作成功\",\"code\":200}',0,NULL,'2025-07-18 23:41:38',86),(218,'菜单管理',2,'com.ruoyi.web.controller.system.SysMenuController.edit()','PUT',1,'admin','研发部门','/system/menu','127.0.0.1','内网IP','{\"children\":[],\"component\":\"system/article/index\",\"createTime\":\"2025-07-18 20:11:29\",\"icon\":\"edit\",\"isCache\":\"0\",\"isFrame\":\"1\",\"menuId\":2001,\"menuName\":\"文章管理\",\"menuType\":\"C\",\"orderNum\":1,\"params\":{},\"parentId\":0,\"path\":\"article\",\"perms\":\"system:article:list\",\"routeName\":\"\",\"status\":\"0\",\"updateBy\":\"admin\",\"visible\":\"0\"}','{\"msg\":\"操作成功\",\"code\":200}',0,NULL,'2025-07-24 09:54:56',18),(219,'博客文章',3,'com.ruoyi.system.controller.BlogArticleController.remove()','DELETE',1,'admin','研发部门','/system/article/20','127.0.0.1','内网IP','[20]','{\"msg\":\"操作成功\",\"code\":200}',0,NULL,'2025-07-24 10:15:09',12),(220,'博客文章',3,'com.ruoyi.system.controller.BlogArticleController.remove()','DELETE',1,'admin','研发部门','/system/article/24','127.0.0.1','内网IP','[24]','{\"msg\":\"操作成功\",\"code\":200}',0,NULL,'2025-07-24 10:15:14',11),(221,'博客文章',1,'com.ruoyi.system.controller.BlogArticleController.add()','POST',1,'admin','研发部门','/system/article','127.0.0.1','内网IP','{\"authorId\":1,\"content\":\"<h2><span style=\\\"background-color: rgb(255, 255, 255); color: rgb(28, 29, 31);\\\">核心功能与特色</span></h2><h3><br></h3><h3><strong style=\\\"background-color: rgb(255, 255, 255); color: rgb(28, 29, 31);\\\">1. 智能对话系统</strong></h3><ol><li data-list=\\\"bullet\\\"><span class=\\\"ql-ui\\\" contenteditable=\\\"false\\\"></span><br></li><li data-list=\\\"bullet\\\"><span class=\\\"ql-ui\\\" contenteditable=\\\"false\\\"></span><strong style=\\\"background-color: rgb(255, 255, 255); color: rgb(28, 29, 31);\\\">多模型对比</strong><span style=\\\"background-color: rgb(255, 255, 255); color: rgb(28, 29, 31);\\\">：支持同时连接 ChatGPT 4o/Claude 3.5/DeepSeek 等先进模型，自由切换体验不同 AI 风格</span></li><li data-list=\\\"bullet\\\"><span class=\\\"ql-ui\\\" contenteditable=\\\"false\\\"></span><br></li><li data-list=\\\"bullet\\\"><span class=\\\"ql-ui\\\" contenteditable=\\\"false\\\"></span><strong style=\\\"background-color: rgb(255, 255, 255); color: rgb(28, 29, 31);\\\">上下文记忆</strong><span style=\\\"background-color: rgb(255, 255, 255); color: rgb(28, 29, 31);\\\">：自动保存完整对话历史，支持 Markdown/HTML/TXT 多种格式导出</span></li><li data-list=\\\"bullet\\\"><span class=\\\"ql-ui\\\" contenteditable=\\\"false\\\"></span><br></li><li data-list=\\\"bullet\\\"><span class=\\\"ql-ui\\\" contenteditable=\\\"false\\\"></span><strong style=\\\"background-color: rgb(255, 255, 255); color: rgb(28, 29, 31);\\\">个性化设置</strong><span style=\\\"background-color: rgb(255, 255, 255); color: rgb(28, 29, 31);\\\">：可自定义温度、最大 token 等参数，精准控制 AI 输出</span></li></ol><h3><br></h3><h3><strong style=\\\"background-color: rgb(255, 255, 255); color: rgb(28, 29, 31);\\\">2. 生产力增强套件</strong></h3><ol><li data-list=\\\"bullet\\\"><span class=\\\"ql-ui\\\" contenteditable=\\\"false\\\"></span><br></li><li data-list=\\\"bullet\\\"><span class=\\\"ql-ui\\\" contenteditable=\\\"false\\\"></span><strong style=\\\"background-color: rgb(255, 255, 255); color: rgb(28, 29, 31);\\\">文件理解</strong><span style=\\\"background-color: rgb(255, 255, 255); color: rgb(28, 29, 31);\\\">：直接解析PDF/Word/Excel/图片中的内容</span></li><li data-list=\\\"bullet\\\"><span class=\\\"ql-ui\\\" content','{\"msg\":\"操作成功\",\"code\":200}',0,NULL,'2025-07-24 10:15:56',20),(222,'博客文章',3,'com.ruoyi.system.controller.BlogArticleController.remove()','DELETE',1,'admin','研发部门','/system/article/22','127.0.0.1','内网IP','[22]','{\"msg\":\"操作成功\",\"code\":200}',0,NULL,'2025-07-24 10:17:35',7),(223,'博客文章',3,'com.ruoyi.system.controller.BlogArticleController.remove()','DELETE',1,'admin','研发部门','/system/article/26','127.0.0.1','内网IP','[26]','{\"msg\":\"操作成功\",\"code\":200}',0,NULL,'2025-07-24 10:17:39',4),(224,'博客文章',3,'com.ruoyi.system.controller.BlogArticleController.remove()','DELETE',1,'admin','研发部门','/system/article/19','127.0.0.1','内网IP','[19]','{\"msg\":\"操作成功\",\"code\":200}',0,NULL,'2025-07-24 10:30:29',8),(225,'博客文章',1,'com.ruoyi.system.controller.BlogArticleController.add()','POST',1,'admin','研发部门','/system/article','127.0.0.1','内网IP','{\"author\":\"若依\",\"content\":\"<p>用</p>\",\"createTime\":\"2025-07-24 10:45:02\",\"id\":29,\"params\":{},\"title\":\"秀\"}','{\"msg\":\"操作成功\",\"code\":200}',0,NULL,'2025-07-24 10:45:02',15),(226,'博客文章',3,'com.ruoyi.system.controller.BlogArticleController.remove()','DELETE',1,'admin','研发部门','/system/article/29','127.0.0.1','内网IP','[29]','{\"msg\":\"操作成功\",\"code\":200}',0,NULL,'2025-07-24 10:45:07',7),(227,'博客文章',3,'com.ruoyi.system.controller.BlogArticleController.remove()','DELETE',1,'admin','研发部门','/system/article/21','127.0.0.1','内网IP','[21]','{\"msg\":\"操作成功\",\"code\":200}',0,NULL,'2025-07-24 10:45:12',8),(228,'博客文章',1,'com.ruoyi.system.controller.BlogArticleController.add()','POST',1,'admin','研发部门','/system/article','127.0.0.1','内网IP','{\"author\":\"若依\",\"content\":\"<p><span style=\\\"background-color: rgb(255, 255, 255); color: rgb(28, 29, 31);\\\">现在有越来越多的开源模型，可以让你在自己的电脑或服务器上运行。使用本地模型有许多优势：</span></p><ol><li data-list=\\\"bullet\\\"><span class=\\\"ql-ui\\\" contenteditable=\\\"false\\\"></span><br></li><li data-list=\\\"bullet\\\"><span class=\\\"ql-ui\\\" contenteditable=\\\"false\\\"></span><span style=\\\"background-color: rgb(255, 255, 255); color: rgb(28, 29, 31);\\\">完全离线运行，保护隐私数据安全</span></li><li data-list=\\\"bullet\\\"><span class=\\\"ql-ui\\\" contenteditable=\\\"false\\\"></span><br></li><li data-list=\\\"bullet\\\"><span class=\\\"ql-ui\\\" contenteditable=\\\"false\\\"></span><span style=\\\"background-color: rgb(255, 255, 255); color: rgb(28, 29, 31);\\\">无需支付在线 API 费用</span></li><li data-list=\\\"bullet\\\"><span class=\\\"ql-ui\\\" contenteditable=\\\"false\\\"></span><br></li><li data-list=\\\"bullet\\\"><span class=\\\"ql-ui\\\" contenteditable=\\\"false\\\"></span><span style=\\\"background-color: rgb(255, 255, 255); color: rgb(28, 29, 31);\\\">完全离线，服务稳定，无网络延迟</span></li><li data-list=\\\"bullet\\\"><span class=\\\"ql-ui\\\" contenteditable=\\\"false\\\"></span><br></li><li data-list=\\\"bullet\\\"><span class=\\\"ql-ui\\\" contenteditable=\\\"false\\\"></span><span style=\\\"background-color: rgb(255, 255, 255); color: rgb(28, 29, 31);\\\">可以自由调整和定制模型参数</span></li></ol><p><span style=\\\"background-color: rgb(255, 255, 255); color: rgb(28, 29, 31);\\\">Chatbox 可以很好地连接到 Ollama 服务，让你在使用本地模型时可以获取 Chatbox 提供的更多强大功能，比如 Artifact Preview、文件解析、会话话题管理、Prompt 管理等。</span></p><p><span style=\\\"background-color: rgb(255, 255, 255); color: rgb(28, 29, 31);\\\">（注意：运行本地模型对你的电脑配置有一定要求，包括内存、GPU 等。如果出现卡顿，请尝试降低模型参数。）</span></p><p><br></p>\",\"createTime\":\"2025-07-24 10:52:06\",\"id\":30,\"params\":{},\"title\":\"如何将 chatbox 连接到远程 ollama 服务：逐步指南\"}','{\"msg\":\"操作成功\",\"code\":200}',0,NULL,'2025-07-24 10:52:06',10),(229,'个人信息',2,'com.ruoyi.web.controller.system.SysProfileController.updateProfile()','PUT',1,'admin','研发部门','/system/user/profile','127.0.0.1','内网IP','{\"admin\":false,\"email\":\"ry@163.com\",\"nickName\":\"江屿\",\"params\":{},\"phonenumber\":\"15888888888\",\"sex\":\"1\"}','{\"msg\":\"操作成功\",\"code\":200}',0,NULL,'2025-07-24 11:09:45',24),(230,'个人信息',2,'com.ruoyi.web.controller.system.SysProfileController.updateProfile()','PUT',1,'admin','研发部门','/system/user/profile','127.0.0.1','内网IP','{\"admin\":false,\"email\":\"ry@163.com\",\"nickName\":\"江屿\",\"params\":{},\"phonenumber\":\"15888888888\",\"sex\":\"1\"}','{\"msg\":\"操作成功\",\"code\":200}',0,NULL,'2025-07-24 11:13:35',19),(231,'博客文章',1,'com.ruoyi.system.controller.BlogArticleController.add()','POST',1,'admin','研发部门','/system/article','127.0.0.1','内网IP','{\"author\":\"江屿\",\"categoryId\":1,\"content\":\"<p>test</p>\",\"createTime\":\"2025-07-24 11:13:52\",\"id\":31,\"params\":{},\"title\":\"test\"}','{\"msg\":\"操作成功\",\"code\":200}',0,NULL,'2025-07-24 11:13:52',10),(232,'博客文章',3,'com.ruoyi.system.controller.BlogArticleController.remove()','DELETE',1,'admin','研发部门','/system/article/31','127.0.0.1','内网IP','[31]','{\"msg\":\"操作成功\",\"code\":200}',0,NULL,'2025-07-24 11:13:57',7),(233,'博客文章',1,'com.ruoyi.system.controller.BlogArticleController.add()','POST',1,'admin','研发部门','/system/article','127.0.0.1','内网IP','{\"author\":\"江屿\",\"categoryId\":1,\"content\":\"<p>快科技7月24日消息，据工信部官网公告，近日，工信部、公安部、市场监管总局、国家消防救援局联合印发《关于强化电动自行车强制性国家标准实施加快新产品供应的意见》。</p><p>其中明确，《电动自行车安全技术规范》（GB 17761—2024，以下简称《技术规范》）是电动自行车标准体系的核心，也就是近期备受关注的新国标。</p><p>新国标明确规定电动自行车最高设计车速不得超过25km/h，并要求超过25km/h时电动机自动停止动力输出，可有效遏制超速行驶带来的安全隐患。</p><p class=\\\"ql-align-center\\\"><img src=\\\"https://img1.mydrivers.com/img/20250724/b88c3b4e-888b-4956-a46b-b1c4d2a16a6c.png\\\" alt=\\\"工信部：12月1日起 所有销售电动自行车车必须符合新国标\\\"></p><p>该标准将于9月1日正式实施，设定了两个实施时间，其中生产环节实施时间是2025年9月1日，销售环节实施时间是2025年12月1日。</p><p>9月1日后，对于生产企业，所有新生产的电动自行车都必须符合新标准要求。</p><p>但是2025年9月1日之前按照旧标准生产的车辆可以继续销售至2025年11月30日，2025年12月1日起，所有销售的电动自行车必须符合新标准。</p><p>因此，对于经销商，12月1日前可继续销售按照旧标准生产的车辆，但鼓励消费者从即日起就优先购买安全性更高、实用性更好的新标准车辆，减少身边的安全隐患。</p><p class=\\\"ql-align-center\\\"><img src=\\\"https://img1.mydrivers.com/img/20250724/993d5490-7e8d-4b78-9804-daa14dd24999.jpg\\\" alt=\\\"工信部：12月1日起 所有销售电动自行车车必须符合新国标\\\"></p><p>很多人都非常疑惑，自己的旧国标车辆还能不能正常上路，需不需要换新款。</p><p>专家对此表示：消费者已经购买的不符合新标准的车辆不会被强制淘汰。</p><p>新国标具体变化如下：</p><p>强化了非金属材料防火阻燃要求；</p><p>明确了电动自行车使用塑料的总质量不应超过整车质量的5.5%；</p><p>增加了电动机低速运行转矩等要求；</p><p>完善了电池组、控制器、限速器的防篡改要求；</p><p>提升了制动性能要求；</p><p>将使用铅酸蓄电池的电动自行车整车质量上限由55kg提升到63kg；</p><p>新增了企业质量保证能力和产品一致性要求；</p><p>要求电动自行车具备北斗定位、通信与动态安全监测功能；</p><p>不再强制要求所有车型均安装脚踏骑行装置；</p><p>明确了电动自行车鼓励安装后视镜。</p><p><br></p>\",\"createTime\":\"2025-07-24 11:26:14\",\"id\":32,\"params\":{},\"title\":\"工信部：12月1日起 所有销售电动自行车必须符合新国标\"}','{\"msg\":\"操作成功\",\"code\":200}',0,NULL,'2025-07-24 11:26:14',25),(234,'博客文章',2,'com.ruoyi.system.controller.BlogArticleController.edit()','PUT',1,'admin','研发部门','/system/article','127.0.0.1','内网IP','{\"author\":\"江屿\",\"categoryId\":1,\"content\":\"<p>快科技7月24日消息，据工信部官网公告，近日，工信部、公安部、市场监管总局、国家消防救援局联合印发《关于强化电动自行车强制性国家标准实施加快新产品供应的意见》。</p><p>其中明确，《电动自行车安全技术规范》（GB 17761—2024，以下简称《技术规范》）是电动自行车标准体系的核心，也就是近期备受关注的新国标。</p><p>新国标明确规定电动自行车最高设计车速不得超过25km/h，并要求超过25km/h时电动机自动停止动力输出，可有效遏制超速行驶带来的安全隐患。</p><p class=\\\"ql-align-center\\\"><img src=\\\"https://img1.mydrivers.com/img/20250724/b88c3b4e-888b-4956-a46b-b1c4d2a16a6c.png\\\" alt=\\\"工信部：12月1日起 所有销售电动自行车车必须符合新国标\\\"></p><p>该标准将于9月1日正式实施，设定了两个实施时间，其中生产环节实施时间是2025年9月1日，销售环节实施时间是2025年12月1日。</p><p>9月1日后，对于生产企业，所有新生产的电动自行车都必须符合新标准要求。</p><p>但是2025年9月1日之前按照旧标准生产的车辆可以继续销售至2025年11月30日，2025年12月1日起，所有销售的电动自行车必须符合新标准。</p><p>因此，对于经销商，12月1日前可继续销售按照旧标准生产的车辆，但鼓励消费者从即日起就优先购买安全性更高、实用性更好的新标准车辆，减少身边的安全隐患。</p><p class=\\\"ql-align-center\\\"><img src=\\\"https://img1.mydrivers.com/img/20250724/993d5490-7e8d-4b78-9804-daa14dd24999.jpg\\\" alt=\\\"工信部：12月1日起 所有销售电动自行车车必须符合新国标\\\"></p><p>很多人都非常疑惑，自己的旧国标车辆还能不能正常上路，需不需要换新款。</p><p>专家对此表示：消费者已经购买的不符合新标准的车辆不会被强制淘汰。</p><p>新国标具体变化如下：</p><p>强化了非金属材料防火阻燃要求；</p><p>明确了电动自行车使用塑料的总质量不应超过整车质量的5.5%；</p><p>增加了电动机低速运行转矩等要求；</p><p>完善了电池组、控制器、限速器的防篡改要求；</p><p>提升了制动性能要求；</p><p>将使用铅酸蓄电池的电动自行车整车质量上限由55kg提升到63kg；</p><p>新增了企业质量保证能力和产品一致性要求；</p><p>要求电动自行车具备北斗定位、通信与动态安全监测功能；</p><p>不再强制要求所有车型均安装脚踏骑行装置；</p><p>明确了电动自行车鼓励安装后视镜。</p>\",\"coverUrl\":\"/profile/upload/2025/07/24/2023tbh_20250724112640A001.jpg\",\"createTime\":\"2025-07-24 11:26:14\",\"id\":32,\"params\":{},\"title\":\"工信部：12月1日起 所有销售电动自行车必须符合新国标\",\"updateTime\":\"2025-07-24 11:26:52\"}','{\"msg\":\"操作成功\",\"code\":200}',0,NULL,'2025-07-24 11:26:52',14),(235,'博客文章',2,'com.ruoyi.system.controller.BlogArticleController.edit()','PUT',1,'admin','研发部门','/system/article','127.0.0.1','内网IP','{\"author\":\"江屿\",\"content\":\"<h2><span style=\\\"color: rgb(28, 29, 31); background-color: rgb(255, 255, 255);\\\">核心功能与特色</span></h2><h3><br></h3><h3><strong style=\\\"color: rgb(28, 29, 31); background-color: rgb(255, 255, 255);\\\">1. 智能对话系统</strong></h3><ol><li data-list=\\\"bullet\\\"><span class=\\\"ql-ui\\\" contenteditable=\\\"false\\\"></span><br></li><li data-list=\\\"bullet\\\"><span class=\\\"ql-ui\\\" contenteditable=\\\"false\\\"></span><strong style=\\\"color: rgb(28, 29, 31); background-color: rgb(255, 255, 255);\\\">多模型对比</strong><span style=\\\"color: rgb(28, 29, 31); background-color: rgb(255, 255, 255);\\\">：支持同时连接 ChatGPT 4o/Claude 3.5/DeepSeek 等先进模型，自由切换体验不同 AI 风格</span></li><li data-list=\\\"bullet\\\"><span class=\\\"ql-ui\\\" contenteditable=\\\"false\\\"></span><br></li><li data-list=\\\"bullet\\\"><span class=\\\"ql-ui\\\" contenteditable=\\\"false\\\"></span><strong style=\\\"color: rgb(28, 29, 31); background-color: rgb(255, 255, 255);\\\">上下文记忆</strong><span style=\\\"color: rgb(28, 29, 31); background-color: rgb(255, 255, 255);\\\">：自动保存完整对话历史，支持 Markdown/HTML/TXT 多种格式导出</span></li><li data-list=\\\"bullet\\\"><span class=\\\"ql-ui\\\" contenteditable=\\\"false\\\"></span><br></li><li data-list=\\\"bullet\\\"><span class=\\\"ql-ui\\\" contenteditable=\\\"false\\\"></span><strong style=\\\"color: rgb(28, 29, 31); background-color: rgb(255, 255, 255);\\\">个性化设置</strong><span style=\\\"color: rgb(28, 29, 31); background-color: rgb(255, 255, 255);\\\">：可自定义温度、最大 token 等参数，精准控制 AI 输出</span></li></ol><h3><br></h3><h3><strong style=\\\"color: rgb(28, 29, 31); background-color: rgb(255, 255, 255);\\\">2. 生产力增强套件</strong></h3><ol><li data-list=\\\"bullet\\\"><span class=\\\"ql-ui\\\" contenteditable=\\\"false\\\"></span><br></li><li data-list=\\\"bullet\\\"><span class=\\\"ql-ui\\\" contenteditable=\\\"false\\\"></span><strong style=\\\"color: rgb(28, 29, 31); background-color: rgb(255, 255, 255);\\\">文件理解</strong><span style=\\\"color: rgb(28, 29, 31); background-color: rgb(255, 255, 255);\\\">：直接解析PDF/Word/Excel/图片中的内容</span></li><li data-list=\\\"bullet\\\"><span class=\\\"ql-ui\\\" conten','{\"msg\":\"操作成功\",\"code\":200}',0,NULL,'2025-07-24 11:29:10',12),(236,'个人信息',2,'com.ruoyi.web.controller.system.SysProfileController.updateProfile()','PUT',1,'admin','研发部门','/system/user/profile','127.0.0.1','内网IP','{\"admin\":false,\"email\":\"bdzppc@126.com\",\"nickName\":\"江屿\",\"params\":{},\"phonenumber\":\"15809172201\",\"sex\":\"0\"}','{\"msg\":\"操作成功\",\"code\":200}',0,NULL,'2025-07-24 11:29:40',11),(237,'用户头像',2,'com.ruoyi.web.controller.system.SysProfileController.avatar()','POST',1,'admin','研发部门','/system/user/profile/avatar','127.0.0.1','内网IP','','{\"msg\":\"操作成功\",\"imgUrl\":\"/profile/avatar/2025/07/24/ffe515d55bf140beb36bfad34dad50ce.jpg\",\"code\":200}',0,NULL,'2025-07-24 11:30:38',12),(238,'个人信息',2,'com.ruoyi.web.controller.system.SysProfileController.updateProfile()','PUT',1,'admin','研发部门','/system/user/profile','127.0.0.1','内网IP','{\"admin\":false,\"email\":\"bdzppc@126.com\",\"nickName\":\"江屿\",\"params\":{},\"phonenumber\":\"15809172201\",\"sex\":\"0\"}','{\"msg\":\"操作成功\",\"code\":200}',0,NULL,'2025-07-24 11:30:40',10),(239,'博客文章',1,'com.ruoyi.system.controller.BlogArticleController.add()','POST',1,'admin','研发部门','/system/article','127.0.0.1','内网IP','{\"author\":\"江屿\",\"categoryId\":1,\"content\":\"<p class=\\\"ql-align-center\\\">来源：宝鸡市发展和改革委员会发布时间：2025-06-03 09:27</p><p class=\\\"ql-align-center\\\">分享：</p><p class=\\\"ql-align-center\\\"><br></p><p>\\t</p><p>\\t为了充分体现公开、公平、公正，进一步加强和规范财政专项扶贫资金使用与管理，提高资金使用精准度和效益，接受社会各界监督，根据《陕西省财政衔接推进乡村振兴补助资金管理办法》要求，现将2025年第二批省级财政以工代赈任务计划下达情况予以公告。注：下达我市省级财政以工代赈资金300万元。</p><p>\\t公告时限：长期公开，接受社会监督</p><p> 监督举报电话：12317 0917-3260346 （市发展改革委）</p><p>\\t0917-3262111（市财政局）&nbsp;&nbsp;&nbsp;0917-3261772&nbsp;（市农业农村局）</p><p>\\t联系邮箱：baojiquyuke@163.com</p><p>\\t办公地址：行政中心1号楼554室</p><p>\\t<a href=\\\"http://fgw.baoji.gov.cn/col4059/col4072/202506/P020250603349215495469.pdf\\\" rel=\\\"noopener noreferrer\\\" target=\\\"_blank\\\" style=\\\"background-color: transparent; color: rgb(11, 119, 205);\\\">附件：关于下达2025年第二批省级财政以工代赈任务计划的通知(宝发改投资发〔2025〕330号)</a></p><p><a href=\\\"http://fgw.baoji.gov.cn/col4059/col4072/202506/P020250603349215495469.pdf\\\" rel=\\\"noopener noreferrer\\\" target=\\\"_blank\\\" style=\\\"background-color: transparent; color: rgb(11, 119, 205);\\\">\\t</a></p><p><a href=\\\"http://fgw.baoji.gov.cn/col4059/col4072/202506/P020250603349215495469.pdf\\\" rel=\\\"noopener noreferrer\\\" target=\\\"_blank\\\" style=\\\"background-color: transparent; color: rgb(11, 119, 205);\\\">\\t</a></p><p><a href=\\\"http://fgw.baoji.gov.cn/col4059/col4072/202506/P020250603349215495469.pdf\\\" rel=\\\"noopener noreferrer\\\" target=\\\"_blank\\\" style=\\\"background-color: transparent; color: rgb(11, 119, 205);\\\">\\t&nbsp;&nbsp;&nbsp;&nbsp;&nbsp;宝鸡发展和改革委员会</a></p><p><a href=\\\"http://fgw.baoji.gov.cn/col4059/col4072/202506/P020250603349215495469.pdf\\\" rel=\\\"noopener noreferrer\\\" target=\\\"_blank\\\" style=\\\"background-color: transparent; color: rgb(11, 119, 205);\\\">\\t&nbsp;&nbsp;&nbsp;&nbsp;2025年6月3日</a></p><p><a href=\\\"http://fgw.baoji.gov.cn/col4059/col4072/202506/P020250603349215495469.pdf\\\" rel=\\\"noopener noreferrer\\\" target=\\\"_blank\\\" style=\\\"background-color: transparent; color: rgb(11, 119, 205);\\\"><br></a></p>\",\"coverUrl\":\"/profile/upload/2025/07/28/科技新城推介_20250728153144A001.pn','{\"msg\":\"操作成功\",\"code\":200}',0,NULL,'2025-07-28 15:31:50',24),(240,'博客文章',2,'com.ruoyi.system.controller.BlogArticleController.edit()','PUT',1,'admin','研发部门','/system/article','127.0.0.1','内网IP','{\"author\":\"江屿\",\"categoryId\":1,\"content\":\"<p>快科技7月24日消息，据工信部官网公告，近日，工信部、公安部、市场监管总局、国家消防救援局联合印发《关于强化电动自行车强制性国家标准实施加快新产品供应的意见》。</p><p>其中明确，《电动自行车安全技术规范》（GB 17761—2024，以下简称《技术规范》）是电动自行车标准体系的核心，也就是近期备受关注的新国标。</p><p>新国标明确规定电动自行车最高设计车速不得超过25km/h，并要求超过25km/h时电动机自动停止动力输出，可有效遏制超速行驶带来的安全隐患。</p><p class=\\\"ql-align-center\\\"><img src=\\\"https://img1.mydrivers.com/img/20250724/b88c3b4e-888b-4956-a46b-b1c4d2a16a6c.png\\\" alt=\\\"工信部：12月1日起 所有销售电动自行车车必须符合新国标\\\"></p><p>该标准将于9月1日正式实施，设定了两个实施时间，其中生产环节实施时间是2025年9月1日，销售环节实施时间是2025年12月1日。</p><p>9月1日后，对于生产企业，所有新生产的电动自行车都必须符合新标准要求。</p><p>但是2025年9月1日之前按照旧标准生产的车辆可以继续销售至2025年11月30日，2025年12月1日起，所有销售的电动自行车必须符合新标准。</p><p>因此，对于经销商，12月1日前可继续销售按照旧标准生产的车辆，但鼓励消费者从即日起就优先购买安全性更高、实用性更好的新标准车辆，减少身边的安全隐患。</p><p class=\\\"ql-align-center\\\"><img src=\\\"https://img1.mydrivers.com/img/20250724/993d5490-7e8d-4b78-9804-daa14dd24999.jpg\\\" alt=\\\"工信部：12月1日起 所有销售电动自行车车必须符合新国标\\\"></p><p>很多人都非常疑惑，自己的旧国标车辆还能不能正常上路，需不需要换新款。</p><p>专家对此表示：消费者已经购买的不符合新标准的车辆不会被强制淘汰。</p><p>新国标具体变化如下：</p><p>强化了非金属材料防火阻燃要求；</p><p>明确了电动自行车使用塑料的总质量不应超过整车质量的5.5%；</p><p>增加了电动机低速运行转矩等要求；</p><p>完善了电池组、控制器、限速器的防篡改要求；</p><p>提升了制动性能要求；</p><p>将使用铅酸蓄电池的电动自行车整车质量上限由55kg提升到63kg；</p><p>新增了企业质量保证能力和产品一致性要求；</p><p>要求电动自行车具备北斗定位、通信与动态安全监测功能；</p><p>不再强制要求所有车型均安装脚踏骑行装置；</p><p>明确了电动自行车鼓励安装后视镜。</p>\",\"coverUrl\":\"/profile/upload/2025/07/28/2022高企培训3_20250728163811A001.png\",\"createTime\":\"2025-07-24 11:26:14\",\"id\":32,\"params\":{},\"title\":\"工信部：12月1日起 所有销售电动自行车必须符合新国标\",\"updateTime\":\"2025-07-28 16:38:14\"}','{\"msg\":\"操作成功\",\"code\":200}',0,NULL,'2025-07-28 16:38:14',34),(241,'博客文章',2,'com.ruoyi.system.controller.BlogArticleController.edit()','PUT',1,'admin','研发部门','/system/article','127.0.0.1','内网IP','{\"author\":\"江屿\",\"content\":\"<h2><span style=\\\"background-color: rgb(255, 255, 255); color: rgb(28, 29, 31);\\\">核心功能与特色</span></h2><h3><br></h3><h3><strong style=\\\"background-color: rgb(255, 255, 255); color: rgb(28, 29, 31);\\\">1. 智能对话系统</strong></h3><ol><li data-list=\\\"bullet\\\"><span class=\\\"ql-ui\\\" contenteditable=\\\"false\\\"></span><br></li><li data-list=\\\"bullet\\\"><span class=\\\"ql-ui\\\" contenteditable=\\\"false\\\"></span><strong style=\\\"background-color: rgb(255, 255, 255); color: rgb(28, 29, 31);\\\">多模型对比</strong><span style=\\\"background-color: rgb(255, 255, 255); color: rgb(28, 29, 31);\\\">：支持同时连接 ChatGPT 4o/Claude 3.5/DeepSeek 等先进模型，自由切换体验不同 AI 风格</span></li><li data-list=\\\"bullet\\\"><span class=\\\"ql-ui\\\" contenteditable=\\\"false\\\"></span><br></li><li data-list=\\\"bullet\\\"><span class=\\\"ql-ui\\\" contenteditable=\\\"false\\\"></span><strong style=\\\"background-color: rgb(255, 255, 255); color: rgb(28, 29, 31);\\\">上下文记忆</strong><span style=\\\"background-color: rgb(255, 255, 255); color: rgb(28, 29, 31);\\\">：自动保存完整对话历史，支持 Markdown/HTML/TXT 多种格式导出</span></li><li data-list=\\\"bullet\\\"><span class=\\\"ql-ui\\\" contenteditable=\\\"false\\\"></span><br></li><li data-list=\\\"bullet\\\"><span class=\\\"ql-ui\\\" contenteditable=\\\"false\\\"></span><strong style=\\\"background-color: rgb(255, 255, 255); color: rgb(28, 29, 31);\\\">个性化设置</strong><span style=\\\"background-color: rgb(255, 255, 255); color: rgb(28, 29, 31);\\\">：可自定义温度、最大 token 等参数，精准控制 AI 输出</span></li></ol><h3><br></h3><h3><strong style=\\\"background-color: rgb(255, 255, 255); color: rgb(28, 29, 31);\\\">2. 生产力增强套件</strong></h3><ol><li data-list=\\\"bullet\\\"><span class=\\\"ql-ui\\\" contenteditable=\\\"false\\\"></span><br></li><li data-list=\\\"bullet\\\"><span class=\\\"ql-ui\\\" contenteditable=\\\"false\\\"></span><strong style=\\\"background-color: rgb(255, 255, 255); color: rgb(28, 29, 31);\\\">文件理解</strong><span style=\\\"background-color: rgb(255, 255, 255); color: rgb(28, 29, 31);\\\">：直接解析PDF/Word/Excel/图片中的内容</span></li><li data-list=\\\"bullet\\\"><span class=\\\"ql-ui\\\" conten','{\"msg\":\"操作成功\",\"code\":200}',0,NULL,'2025-07-28 16:38:39',14),(242,'博客文章',2,'com.ruoyi.system.controller.BlogArticleController.edit()','PUT',1,'admin','研发部门','/system/article','127.0.0.1','内网IP','{\"author\":\"江屿\",\"content\":\"<p><span style=\\\"color: rgb(28, 29, 31); background-color: rgb(255, 255, 255);\\\">现在有越来越多的开源模型，可以让你在自己的电脑或服务器上运行。使用本地模型有许多优势：</span></p><ol><li data-list=\\\"bullet\\\"><span class=\\\"ql-ui\\\" contenteditable=\\\"false\\\"></span><br></li><li data-list=\\\"bullet\\\"><span class=\\\"ql-ui\\\" contenteditable=\\\"false\\\"></span><span style=\\\"color: rgb(28, 29, 31); background-color: rgb(255, 255, 255);\\\">完全离线运行，保护隐私数据安全</span></li><li data-list=\\\"bullet\\\"><span class=\\\"ql-ui\\\" contenteditable=\\\"false\\\"></span><br></li><li data-list=\\\"bullet\\\"><span class=\\\"ql-ui\\\" contenteditable=\\\"false\\\"></span><span style=\\\"color: rgb(28, 29, 31); background-color: rgb(255, 255, 255);\\\">无需支付在线 API 费用</span></li><li data-list=\\\"bullet\\\"><span class=\\\"ql-ui\\\" contenteditable=\\\"false\\\"></span><br></li><li data-list=\\\"bullet\\\"><span class=\\\"ql-ui\\\" contenteditable=\\\"false\\\"></span><span style=\\\"color: rgb(28, 29, 31); background-color: rgb(255, 255, 255);\\\">完全离线，服务稳定，无网络延迟</span></li><li data-list=\\\"bullet\\\"><span class=\\\"ql-ui\\\" contenteditable=\\\"false\\\"></span><br></li><li data-list=\\\"bullet\\\"><span class=\\\"ql-ui\\\" contenteditable=\\\"false\\\"></span><span style=\\\"color: rgb(28, 29, 31); background-color: rgb(255, 255, 255);\\\">可以自由调整和定制模型参数</span></li></ol><p><span style=\\\"color: rgb(28, 29, 31); background-color: rgb(255, 255, 255);\\\">Chatbox 可以很好地连接到 Ollama 服务，让你在使用本地模型时可以获取 Chatbox 提供的更多强大功能，比如 Artifact Preview、文件解析、会话话题管理、Prompt 管理等。</span></p><p><span style=\\\"color: rgb(28, 29, 31); background-color: rgb(255, 255, 255);\\\">（注意：运行本地模型对你的电脑配置有一定要求，包括内存、GPU 等。如果出现卡顿，请尝试降低模型参数。）</span></p>\",\"coverUrl\":\"/profile/upload/2025/07/28/1621491196702576_20250728164802A001.jpg\",\"createTime\":\"2025-07-24 10:52:06\",\"id\":30,\"params\":{},\"title\":\"如何将 chatbox 连接到远程 ollama 服务：逐步指南\",\"updateTime\":\"2025-07-28 16:48:05\"}','{\"msg\":\"操作成功\",\"code\":200}',0,NULL,'2025-07-28 16:48:05',27),(243,'博客文章',2,'com.ruoyi.system.controller.BlogArticleController.edit()','PUT',1,'admin','研发部门','/system/article','127.0.0.1','内网IP','{\"author\":\"江屿\",\"content\":\"<p>vivo和OPPO紧随其后，排在第4位的是小米</p>\",\"coverUrl\":\"/profile/upload/2025/07/28/金融咨讯 (2)._20250728164923A002.png\",\"createTime\":\"2025-07-18 23:03:44\",\"id\":25,\"params\":{},\"title\":\"vivo和oppo紧随其后，4位的是小米\",\"updateTime\":\"2025-07-28 16:49:26\"}','{\"msg\":\"操作成功\",\"code\":200}',0,NULL,'2025-07-28 16:49:26',10),(244,'博客文章',2,'com.ruoyi.system.controller.BlogArticleController.edit()','PUT',1,'admin','研发部门','/system/article','127.0.0.1','内网IP','{\"author\":\"江屿\",\"categoryId\":1,\"content\":\"<p>快科技7月24日消息，据工信部官网公告，近日，工信部、公安部、市场监管总局、国家消防救援局联合印发《关于强化电动自行车强制性国家标准实施加快新产品供应的意见》。</p><p>其中明确，《电动自行车安全技术规范》（GB 17761—2024，以下简称《技术规范》）是电动自行车标准体系的核心，也就是近期备受关注的新国标。</p><p>新国标明确规定电动自行车最高设计车速不得超过25km/h，并要求超过25km/h时电动机自动停止动力输出，可有效遏制超速行驶带来的安全隐患。</p><p class=\\\"ql-align-center\\\"><img src=\\\"https://img1.mydrivers.com/img/20250724/b88c3b4e-888b-4956-a46b-b1c4d2a16a6c.png\\\" alt=\\\"工信部：12月1日起 所有销售电动自行车车必须符合新国标\\\"></p><p>该标准将于9月1日正式实施，设定了两个实施时间，其中生产环节实施时间是2025年9月1日，销售环节实施时间是2025年12月1日。</p><p>9月1日后，对于生产企业，所有新生产的电动自行车都必须符合新标准要求。</p><p>但是2025年9月1日之前按照旧标准生产的车辆可以继续销售至2025年11月30日，2025年12月1日起，所有销售的电动自行车必须符合新标准。</p><p>因此，对于经销商，12月1日前可继续销售按照旧标准生产的车辆，但鼓励消费者从即日起就优先购买安全性更高、实用性更好的新标准车辆，减少身边的安全隐患。</p><p class=\\\"ql-align-center\\\"><img src=\\\"https://img1.mydrivers.com/img/20250724/993d5490-7e8d-4b78-9804-daa14dd24999.jpg\\\" alt=\\\"工信部：12月1日起 所有销售电动自行车车必须符合新国标\\\"></p><p>很多人都非常疑惑，自己的旧国标车辆还能不能正常上路，需不需要换新款。</p><p>专家对此表示：消费者已经购买的不符合新标准的车辆不会被强制淘汰。</p><p>新国标具体变化如下：</p><p>强化了非金属材料防火阻燃要求；</p><p>明确了电动自行车使用塑料的总质量不应超过整车质量的5.5%；</p><p>增加了电动机低速运行转矩等要求；</p><p>完善了电池组、控制器、限速器的防篡改要求；</p><p>提升了制动性能要求；</p><p>将使用铅酸蓄电池的电动自行车整车质量上限由55kg提升到63kg；</p><p>新增了企业质量保证能力和产品一致性要求；</p><p>要求电动自行车具备北斗定位、通信与动态安全监测功能；</p><p>不再强制要求所有车型均安装脚踏骑行装置；</p><p>明确了电动自行车鼓励安装后视镜。</p>\",\"coverUrl\":\"\",\"createTime\":\"2025-07-24 11:26:14\",\"id\":32,\"params\":{},\"title\":\"工信部：12月1日起 所有销售电动自行车必须符合新国标\",\"updateTime\":\"2025-07-28 16:50:33\"}','{\"msg\":\"操作成功\",\"code\":200}',0,NULL,'2025-07-28 16:50:33',11),(245,'菜单管理',3,'com.ruoyi.web.controller.system.SysMenuController.remove()','DELETE',1,'admin','研发部门','/system/menu/4','127.0.0.1','内网IP','4','{\"msg\":\"菜单已分配,不允许删除\",\"code\":601}',0,NULL,'2025-07-28 16:55:45',80),(246,'菜单管理',2,'com.ruoyi.web.controller.system.SysMenuController.edit()','PUT',1,'admin','研发部门','/system/menu','127.0.0.1','内网IP','{\"children\":[],\"createTime\":\"2025-07-18 18:58:46\",\"icon\":\"guide\",\"isCache\":\"0\",\"isFrame\":\"0\",\"menuId\":4,\"menuName\":\"若依官网\",\"menuType\":\"M\",\"orderNum\":4,\"params\":{},\"parentId\":0,\"path\":\"http://ruoyi.vip\",\"perms\":\"\",\"query\":\"\",\"routeName\":\"\",\"status\":\"1\",\"updateBy\":\"admin\",\"visible\":\"0\"}','{\"msg\":\"操作成功\",\"code\":200}',0,NULL,'2025-07-28 16:55:58',16),(247,'菜单管理',3,'com.ruoyi.web.controller.system.SysMenuController.remove()','DELETE',1,'admin','研发部门','/system/menu/4','127.0.0.1','内网IP','4','{\"msg\":\"菜单已分配,不允许删除\",\"code\":601}',0,NULL,'2025-07-28 16:56:03',4),(248,'博客文章',2,'com.ruoyi.system.controller.BlogArticleController.edit()','PUT',1,'admin','研发部门','/system/article','127.0.0.1','内网IP','{\"author\":\"江屿\",\"content\":\"<h2><span style=\\\"background-color: rgb(255, 255, 255); color: rgb(28, 29, 31);\\\">核心功能与特色</span></h2><h3><br></h3><h3><strong style=\\\"background-color: rgb(255, 255, 255); color: rgb(28, 29, 31);\\\">1. 智能对话系统</strong></h3><ol><li data-list=\\\"bullet\\\"><span class=\\\"ql-ui\\\" contenteditable=\\\"false\\\"></span><br></li><li data-list=\\\"bullet\\\"><span class=\\\"ql-ui\\\" contenteditable=\\\"false\\\"></span><strong style=\\\"background-color: rgb(255, 255, 255); color: rgb(28, 29, 31);\\\">多模型对比</strong><span style=\\\"background-color: rgb(255, 255, 255); color: rgb(28, 29, 31);\\\">：支持同时连接 ChatGPT 4o/Claude 3.5/DeepSeek 等先进模型，自由切换体验不同 AI 风格</span></li><li data-list=\\\"bullet\\\"><span class=\\\"ql-ui\\\" contenteditable=\\\"false\\\"></span><br></li><li data-list=\\\"bullet\\\"><span class=\\\"ql-ui\\\" contenteditable=\\\"false\\\"></span><strong style=\\\"background-color: rgb(255, 255, 255); color: rgb(28, 29, 31);\\\">上下文记忆</strong><span style=\\\"background-color: rgb(255, 255, 255); color: rgb(28, 29, 31);\\\">：自动保存完整对话历史，支持 Markdown/HTML/TXT 多种格式导出</span></li><li data-list=\\\"bullet\\\"><span class=\\\"ql-ui\\\" contenteditable=\\\"false\\\"></span><br></li><li data-list=\\\"bullet\\\"><span class=\\\"ql-ui\\\" contenteditable=\\\"false\\\"></span><strong style=\\\"background-color: rgb(255, 255, 255); color: rgb(28, 29, 31);\\\">个性化设置</strong><span style=\\\"background-color: rgb(255, 255, 255); color: rgb(28, 29, 31);\\\">：可自定义温度、最大 token 等参数，精准控制 AI 输出</span></li></ol><h3><br></h3><h3><strong style=\\\"background-color: rgb(255, 255, 255); color: rgb(28, 29, 31);\\\">2. 生产力增强套件</strong></h3><ol><li data-list=\\\"bullet\\\"><span class=\\\"ql-ui\\\" contenteditable=\\\"false\\\"></span><br></li><li data-list=\\\"bullet\\\"><span class=\\\"ql-ui\\\" contenteditable=\\\"false\\\"></span><strong style=\\\"background-color: rgb(255, 255, 255); color: rgb(28, 29, 31);\\\">文件理解</strong><span style=\\\"background-color: rgb(255, 255, 255); color: rgb(28, 29, 31);\\\">：直接解析PDF/Word/Excel/图片中的内容</span></li><li data-list=\\\"bullet\\\"><span class=\\\"ql-ui\\\" conten','{\"msg\":\"操作成功\",\"code\":200}',0,NULL,'2025-07-28 17:03:14',22),(249,'博客文章',3,'com.ruoyi.system.controller.BlogArticleController.remove()','DELETE',1,'admin','研发部门','/system/article/28','127.0.0.1','内网IP','[28]','{\"msg\":\"操作成功\",\"code\":200}',0,NULL,'2025-07-28 17:03:44',10),(250,'博客文章',3,'com.ruoyi.system.controller.BlogArticleController.remove()','DELETE',1,'admin','研发部门','/system/article/23','127.0.0.1','内网IP','[23]','{\"msg\":\"操作成功\",\"code\":200}',0,NULL,'2025-07-28 17:03:48',6),(251,'博客文章',1,'com.ruoyi.system.controller.BlogArticleController.add()','POST',1,'admin','研发部门','/system/article','127.0.0.1','内网IP','{\"author\":\"江屿\",\"categoryId\":1,\"content\":\"<p>test111111</p>\",\"coverUrl\":\"/profile/upload/2025/07/28/金融咨讯 (2)._20250728170427A003.png\",\"createTime\":\"2025-07-28 17:04:33\",\"id\":34,\"isRecommend\":0,\"isTop\":0,\"params\":{},\"title\":\"test111111\"}','{\"msg\":\"操作成功\",\"code\":200}',0,NULL,'2025-07-28 17:04:33',11),(252,'博客文章',2,'com.ruoyi.system.controller.BlogArticleController.edit()','PUT',1,'admin','研发部门','/system/article','127.0.0.1','内网IP','{\"author\":\"江屿\",\"content\":\"<p>vivo和OPPO紧随其后，排在第4位的是小米</p>\",\"coverUrl\":\"/profile/upload/2025/07/29/金融咨讯 (2)._20250729093140A001.png\",\"createTime\":\"2025-07-18 23:03:44\",\"id\":25,\"params\":{},\"title\":\"vivo和oppo紧随其后，4位的是小米\",\"updateTime\":\"2025-07-29 09:31:44\"}','{\"msg\":\"操作成功\",\"code\":200}',0,NULL,'2025-07-29 09:31:44',34),(253,'博客文章',3,'com.ruoyi.system.controller.BlogArticleController.remove()','DELETE',1,'admin','研发部门','/system/article/34','127.0.0.1','内网IP','[34]','{\"msg\":\"操作成功\",\"code\":200}',0,NULL,'2025-08-12 09:41:48',10),(254,'用户头像',2,'com.ruoyi.web.controller.system.SysProfileController.avatar()','POST',1,'admin','研发部门','/system/user/profile/avatar','127.0.0.1','内网IP','',NULL,1,'文件[OIP.jfif]后缀[jfif]不正确，请上传[bmp, gif, jpg, jpeg, png]格式','2025-08-12 10:18:26',10),(255,'用户头像',2,'com.ruoyi.web.controller.system.SysProfileController.avatar()','POST',1,'admin','研发部门','/system/user/profile/avatar','127.0.0.1','内网IP','','{\"msg\":\"操作成功\",\"imgUrl\":\"/profile/avatar/2025/08/13/ea9fb05b677f4d7fab6414099b977d46.png\",\"code\":200}',0,NULL,'2025-08-13 15:52:27',59),(256,'个人信息',2,'com.ruoyi.web.controller.system.SysProfileController.updateProfile()','PUT',1,'admin','研发部门','/system/user/profile','127.0.0.1','内网IP','{\"admin\":false,\"email\":\"bdzppc@126.com\",\"nickName\":\"江屿\",\"params\":{},\"phonenumber\":\"15809172201\",\"sex\":\"0\"}','{\"msg\":\"操作成功\",\"code\":200}',0,NULL,'2025-08-13 15:52:29',13),(257,'个人信息',2,'com.ruoyi.web.controller.system.SysProfileController.updateProfile()','PUT',1,'admin','研发部门','/system/user/profile','127.0.0.1','内网IP','{\"admin\":false,\"email\":\"bdzppc@126.com\",\"nickName\":\"江屿\",\"params\":{},\"phonenumber\":\"15809172201\",\"sex\":\"0\"}','{\"msg\":\"操作成功\",\"code\":200}',0,NULL,'2025-08-13 15:52:42',10),(258,'博客文章',2,'com.ruoyi.system.controller.BlogArticleController.edit()','PUT',1,'admin','研发部门','/system/article','127.0.0.1','内网IP','{\"author\":\"江屿\",\"content\":\"<p>vivo和OPPO紧随其后，排在第4位的是小米</p>\",\"coverUrl\":\"/profile/upload/2025/08/13/baoti_20250813155849A001.jpg\",\"createTime\":\"2025-07-18 23:03:44\",\"id\":25,\"params\":{},\"title\":\"vivo和oppo紧随其后，4位的是小米\",\"updateTime\":\"2025-08-13 15:58:51\"}','{\"msg\":\"操作成功\",\"code\":200}',0,NULL,'2025-08-13 15:58:51',17),(259,'博客文章',2,'com.ruoyi.system.controller.BlogArticleController.edit()','PUT',1,'admin','研发部门','/system/article','127.0.0.1','内网IP','{\"author\":\"江屿\",\"content\":\"<p>vivo和OPPO紧随其后，排在第4位的是小米</p>\",\"coverUrl\":\"/profile/upload/2025/08/13/baoti_20250813155849A001.jpg\",\"createTime\":\"2025-07-18 23:03:44\",\"id\":25,\"params\":{},\"status\":1,\"title\":\"vivo和oppo紧随其后，4位的是小米\",\"updateTime\":\"2025-08-13 15:59:04\"}','{\"msg\":\"操作成功\",\"code\":200}',0,NULL,'2025-08-13 15:59:04',7),(260,'博客文章',2,'com.ruoyi.system.controller.BlogArticleController.edit()','PUT',1,'admin','研发部门','/system/article','127.0.0.1','内网IP','{\"author\":\"江屿\",\"content\":\"<p>vivo和OPPO紧随其后，排在第4位的是小米</p>\",\"coverUrl\":\"/profile/upload/2025/08/13/baoti_20250813155849A001.jpg\",\"createTime\":\"2025-07-18 23:03:44\",\"id\":25,\"params\":{},\"status\":1,\"title\":\"vivo和oppo紧随其后，4位的是小米\",\"updateTime\":\"2025-08-13 15:59:10\"}','{\"msg\":\"操作成功\",\"code\":200}',0,NULL,'2025-08-13 15:59:10',8),(261,'博客文章',2,'com.ruoyi.system.controller.BlogArticleController.edit()','PUT',1,'admin','研发部门','/system/article','127.0.0.1','内网IP','{\"author\":\"江屿\",\"content\":\"<p>vivo和OPPO紧随其后，排在第4位的是小米</p>\",\"coverUrl\":\"/profile/upload/2025/08/13/baoti_20250813155849A001.jpg\",\"createTime\":\"2025-07-18 23:03:44\",\"id\":25,\"params\":{},\"status\":1,\"title\":\"vivo和oppo紧随其后，4位的是小米\",\"updateTime\":\"2025-08-13 15:59:53\"}','{\"msg\":\"操作成功\",\"code\":200}',0,NULL,'2025-08-13 15:59:53',6),(262,'菜单管理',3,'com.ruoyi.web.controller.system.SysMenuController.remove()','DELETE',1,'admin','研发部门','/system/menu/4','127.0.0.1','内网IP','4','{\"msg\":\"菜单已分配,不允许删除\",\"code\":601}',0,NULL,'2025-08-13 16:00:38',13),(263,'菜单管理',3,'com.ruoyi.web.controller.system.SysMenuController.remove()','DELETE',1,'admin','研发部门','/system/menu/4','127.0.0.1','内网IP','4','{\"msg\":\"菜单已分配,不允许删除\",\"code\":601}',0,NULL,'2025-08-13 16:00:42',2),(264,'菜单管理',2,'com.ruoyi.web.controller.system.SysMenuController.edit()','PUT',1,'admin','研发部门','/system/menu','127.0.0.1','内网IP','{\"children\":[],\"createTime\":\"2025-07-18 18:58:46\",\"icon\":\"system\",\"isCache\":\"0\",\"isFrame\":\"1\",\"menuId\":1,\"menuName\":\"系统管理\",\"menuType\":\"M\",\"orderNum\":20,\"params\":{},\"parentId\":0,\"path\":\"system\",\"perms\":\"\",\"query\":\"\",\"routeName\":\"\",\"status\":\"0\",\"updateBy\":\"admin\",\"visible\":\"0\"}','{\"msg\":\"操作成功\",\"code\":200}',0,NULL,'2025-08-13 16:02:10',11),(265,'菜单管理',3,'com.ruoyi.web.controller.system.SysMenuController.remove()','DELETE',1,'admin','研发部门','/system/menu/4','127.0.0.1','内网IP','4','{\"msg\":\"菜单已分配,不允许删除\",\"code\":601}',0,NULL,'2025-08-13 16:03:38',4),(266,'菜单管理',2,'com.ruoyi.web.controller.system.SysMenuController.edit()','PUT',1,'admin','研发部门','/system/menu','127.0.0.1','内网IP','{\"children\":[],\"createTime\":\"2025-07-18 18:58:46\",\"icon\":\"guide\",\"isCache\":\"0\",\"isFrame\":\"0\",\"menuId\":4,\"menuName\":\"若依官网\",\"menuType\":\"F\",\"orderNum\":4,\"params\":{},\"parentId\":0,\"path\":\"http://ruoyi.vip\",\"perms\":\"\",\"query\":\"\",\"routeName\":\"\",\"status\":\"1\",\"updateBy\":\"admin\",\"visible\":\"0\"}','{\"msg\":\"操作成功\",\"code\":200}',0,NULL,'2025-08-13 16:03:47',7),(267,'菜单管理',3,'com.ruoyi.web.controller.system.SysMenuController.remove()','DELETE',1,'admin','研发部门','/system/menu/4','127.0.0.1','内网IP','4','{\"msg\":\"菜单已分配,不允许删除\",\"code\":601}',0,NULL,'2025-08-13 16:03:50',3),(268,'菜单管理',2,'com.ruoyi.web.controller.system.SysMenuController.edit()','PUT',1,'admin','研发部门','/system/menu','127.0.0.1','内网IP','{\"children\":[],\"createTime\":\"2025-07-18 18:58:46\",\"icon\":\"tool\",\"isCache\":\"0\",\"isFrame\":\"1\",\"menuId\":3,\"menuName\":\"系统工具\",\"menuType\":\"M\",\"orderNum\":20,\"params\":{},\"parentId\":0,\"path\":\"tool\",\"perms\":\"\",\"query\":\"\",\"routeName\":\"\",\"status\":\"0\",\"updateBy\":\"admin\",\"visible\":\"0\"}','{\"msg\":\"操作成功\",\"code\":200}',0,NULL,'2025-08-13 16:04:09',6),(269,'菜单管理',2,'com.ruoyi.web.controller.system.SysMenuController.edit()','PUT',1,'admin','研发部门','/system/menu','127.0.0.1','内网IP','{\"children\":[],\"createTime\":\"2025-07-18 18:58:46\",\"icon\":\"monitor\",\"isCache\":\"0\",\"isFrame\":\"1\",\"menuId\":2,\"menuName\":\"系统监控\",\"menuType\":\"M\",\"orderNum\":20,\"params\":{},\"parentId\":0,\"path\":\"monitor\",\"perms\":\"\",\"query\":\"\",\"routeName\":\"\",\"status\":\"0\",\"updateBy\":\"admin\",\"visible\":\"0\"}','{\"msg\":\"操作成功\",\"code\":200}',0,NULL,'2025-08-13 16:04:19',6),(270,'菜单管理',2,'com.ruoyi.web.controller.system.SysMenuController.edit()','PUT',1,'admin','研发部门','/system/menu','127.0.0.1','内网IP','{\"children\":[],\"createTime\":\"2025-07-18 18:58:46\",\"icon\":\"system\",\"isCache\":\"0\",\"isFrame\":\"1\",\"menuId\":1,\"menuName\":\"系统管理\",\"menuType\":\"M\",\"orderNum\":50,\"params\":{},\"parentId\":0,\"path\":\"system\",\"perms\":\"\",\"query\":\"\",\"routeName\":\"\",\"status\":\"0\",\"updateBy\":\"admin\",\"visible\":\"0\"}','{\"msg\":\"操作成功\",\"code\":200}',0,NULL,'2025-08-13 16:04:27',7),(271,'菜单管理',2,'com.ruoyi.web.controller.system.SysMenuController.edit()','PUT',1,'admin','研发部门','/system/menu','127.0.0.1','内网IP','{\"children\":[],\"createTime\":\"2025-07-18 18:58:46\",\"icon\":\"monitor\",\"isCache\":\"0\",\"isFrame\":\"1\",\"menuId\":2,\"menuName\":\"系统监控\",\"menuType\":\"M\",\"orderNum\":40,\"params\":{},\"parentId\":0,\"path\":\"monitor\",\"perms\":\"\",\"query\":\"\",\"routeName\":\"\",\"status\":\"0\",\"updateBy\":\"admin\",\"visible\":\"0\"}','{\"msg\":\"操作成功\",\"code\":200}',0,NULL,'2025-08-13 16:04:34',7),(272,'菜单管理',3,'com.ruoyi.web.controller.system.SysMenuController.remove()','DELETE',1,'admin','研发部门','/system/menu/4','127.0.0.1','内网IP','4','{\"msg\":\"菜单已分配,不允许删除\",\"code\":601}',0,NULL,'2025-08-13 16:06:19',3),(273,'菜单管理',2,'com.ruoyi.web.controller.system.SysMenuController.edit()','PUT',1,'admin','研发部门','/system/menu','127.0.0.1','内网IP','{\"children\":[],\"createTime\":\"2025-07-18 18:58:46\",\"icon\":\"guide\",\"isCache\":\"0\",\"isFrame\":\"0\",\"menuId\":4,\"menuName\":\"若依官网\",\"menuType\":\"F\",\"orderNum\":4,\"params\":{},\"parentId\":0,\"path\":\"http://ruoyi.vip\",\"perms\":\"\",\"query\":\"\",\"routeName\":\"\",\"status\":\"1\",\"updateBy\":\"admin\",\"visible\":\"0\"}','{\"msg\":\"操作成功\",\"code\":200}',0,NULL,'2025-08-13 16:06:36',7),(274,'菜单管理',3,'com.ruoyi.web.controller.system.SysMenuController.remove()','DELETE',1,'admin','研发部门','/system/menu/4','127.0.0.1','内网IP','4','{\"msg\":\"菜单已分配,不允许删除\",\"code\":601}',0,NULL,'2025-08-13 16:06:49',5),(275,'菜单管理',3,'com.ruoyi.web.controller.system.SysMenuController.remove()','DELETE',1,'admin','研发部门','/system/menu/4','127.0.0.1','内网IP','4','{\"msg\":\"菜单已分配,不允许删除\",\"code\":601}',0,NULL,'2025-08-13 16:07:50',3),(276,'博客文章',1,'com.ruoyi.system.controller.BlogArticleController.add()','POST',1,'admin','研发部门','/system/article','127.0.0.1','内网IP','{\"author\":\"江屿\",\"content\":\"<p><span style=\\\"background-color: rgb(255, 255, 255); color: rgb(51, 51, 51);\\\">我国也将根据日内瓦联合声明的商定，采取或者维持必要措施，暂停或取消针对美国的非关税反制措施。</span></p><p><strong style=\\\"background-color: rgb(255, 255, 255); color: rgb(255, 0, 0);\\\">声明原文如下：</strong></p><p><span style=\\\"background-color: rgb(255, 255, 255); color: rgb(51, 51, 51);\\\">中华人民共和国政府（“中国”）和美利坚合众国政府（“美国”），</span></p><p><span style=\\\"background-color: rgb(255, 255, 255); color: rgb(51, 51, 51);\\\">忆及2025年5月12日达成的中美日内瓦经贸会谈联合声明（“日内瓦联合声明”）；</span></p><p><span style=\\\"background-color: rgb(255, 255, 255); color: rgb(51, 51, 51);\\\">以及考虑到双方2025年6月9至10日伦敦会谈和2025年7月28至29日斯德哥尔摩会谈；</span></p><p><span style=\\\"background-color: rgb(255, 255, 255); color: rgb(51, 51, 51);\\\">双方忆及日内瓦联合声明下所作承诺，并同意于2025年8月12日前采取以下举措：</span></p><p><span style=\\\"background-color: rgb(255, 255, 255); color: rgb(51, 51, 51);\\\">一、美国将继续修改2025年4月2日第14257号行政令中规定的对中国商品（包括香港特别行政区和澳门特别行政区商品）加征从价关税的实施，</span><strong style=\\\"background-color: rgb(255, 255, 255); color: rgb(51, 51, 51);\\\">自2025年8月12日起再次暂停实施24%的关税90天，同时保留按该行政令规定对这些商品加征的剩余10%的关税。</strong></p><p><span style=\\\"background-color: rgb(255, 255, 255); color: rgb(51, 51, 51);\\\">二、中国将继续（一）修改税委会公告2025年第4号规定的对美国商品加征的从价关税的实施，</span><strong style=\\\"background-color: rgb(255, 255, 255); color: rgb(51, 51, 51);\\\">自2025年8月12日起再次暂停实施24%的关税90天，同时保留对这些商品加征的剩余10%的关税；</strong><span style=\\\"background-color: rgb(255, 255, 255); color: rgb(51, 51, 51);\\\">并（二）根据日内瓦联合声明的商定，采取或者维持必要措施，暂停或取消针对美国的非关税反制措施。</span></p><p><span style=\\\"background-color: rgb(255, 255, 255); color: rgb(51, 51, 51);\\\">本联合声明基于中美斯德哥尔摩经贸会谈讨论情况。本次会谈是根据日内瓦联合声明所建立的机制框架下召开的会议。中方代表是国务院副总理何立峰，美方代表是财政部长斯科特·贝森特和美国贸易代表贾米森·格里尔。</span></p><p><br></p>\",\"createTime\":\"2025-08-14 16:15:33\",\"id\":35,\"isRecommend\":0,\"isTop\":0,\"params\":{},\"status\":1,\"title\":\"中美联合声明：再次暂停实施24%的关税90天\"}','{\"msg\":\"操作成功\",\"code\":200}',0,NULL,'2025-08-14 16:15:33',18),(277,'博客文章',2,'com.ruoyi.system.controller.BlogArticleController.edit()','PUT',1,'admin','研发部门','/system/article','127.0.0.1','内网IP','{\"author\":\"江屿\",\"content\":\"<p><span style=\\\"background-color: rgb(255, 255, 255); color: rgb(51, 51, 51);\\\">我国也将根据日内瓦联合声明的商定，采取或者维持必要措施，暂停或取消针对美国的非关税反制措施。</span></p><p><strong style=\\\"background-color: rgb(255, 255, 255); color: rgb(255, 0, 0);\\\">声明原文如下：</strong></p><p><span style=\\\"background-color: rgb(255, 255, 255); color: rgb(51, 51, 51);\\\">中华人民共和国政府（“中国”）和美利坚合众国政府（“美国”），</span></p><p><span style=\\\"background-color: rgb(255, 255, 255); color: rgb(51, 51, 51);\\\">忆及2025年5月12日达成的中美日内瓦经贸会谈联合声明（“日内瓦联合声明”）；</span></p><p><span style=\\\"background-color: rgb(255, 255, 255); color: rgb(51, 51, 51);\\\">以及考虑到双方2025年6月9至10日伦敦会谈和2025年7月28至29日斯德哥尔摩会谈；</span></p><p><span style=\\\"background-color: rgb(255, 255, 255); color: rgb(51, 51, 51);\\\">双方忆及日内瓦联合声明下所作承诺，并同意于2025年8月12日前采取以下举措：</span></p><p><span style=\\\"background-color: rgb(255, 255, 255); color: rgb(51, 51, 51);\\\">一、美国将继续修改2025年4月2日第14257号行政令中规定的对中国商品（包括香港特别行政区和澳门特别行政区商品）加征从价关税的实施，</span><strong style=\\\"background-color: rgb(255, 255, 255); color: rgb(51, 51, 51);\\\">自2025年8月12日起再次暂停实施24%的关税90天，同时保留按该行政令规定对这些商品加征的剩余10%的关税。</strong></p><p><span style=\\\"background-color: rgb(255, 255, 255); color: rgb(51, 51, 51);\\\">二、中国将继续（一）修改税委会公告2025年第4号规定的对美国商品加征的从价关税的实施，</span><strong style=\\\"background-color: rgb(255, 255, 255); color: rgb(51, 51, 51);\\\">自2025年8月12日起再次暂停实施24%的关税90天，同时保留对这些商品加征的剩余10%的关税；</strong><span style=\\\"background-color: rgb(255, 255, 255); color: rgb(51, 51, 51);\\\">并（二）根据日内瓦联合声明的商定，采取或者维持必要措施，暂停或取消针对美国的非关税反制措施。</span></p><p><span style=\\\"background-color: rgb(255, 255, 255); color: rgb(51, 51, 51);\\\">本联合声明基于中美斯德哥尔摩经贸会谈讨论情况。本次会谈是根据日内瓦联合声明所建立的机制框架下召开的会议。中方代表是国务院副总理何立峰，美方代表是财政部长斯科特·贝森特和美国贸易代表贾米森·格里尔。</span></p><p><br></p>\",\"createTime\":\"2025-08-14 16:15:34\",\"id\":35,\"isRecommend\":0,\"isTop\":0,\"params\":{},\"status\":1,\"title\":\"中美联合声明：再次暂停实施24%的关税90天\",\"updateTime\":\"2025-08-14 16:15:40\"}','{\"msg\":\"操作成功\",\"code\":200}',0,NULL,'2025-08-14 16:15:40',11),(278,'博客文章',2,'com.ruoyi.system.controller.BlogArticleController.edit()','PUT',1,'admin','研发部门','/system/article','127.0.0.1','内网IP','{\"author\":\"江屿\",\"content\":\"<p><span style=\\\"color: rgb(28, 29, 31); background-color: rgb(255, 255, 255);\\\">现在有越来越多的开源模型，可以让你在自己的电脑或服务器上运行。使用本地模型有许多优势：</span></p><ol><li data-list=\\\"bullet\\\"><span class=\\\"ql-ui\\\" contenteditable=\\\"false\\\"></span><br></li><li data-list=\\\"bullet\\\"><span class=\\\"ql-ui\\\" contenteditable=\\\"false\\\"></span><span style=\\\"color: rgb(28, 29, 31); background-color: rgb(255, 255, 255);\\\">完全离线运行，保护隐私数据安全</span></li><li data-list=\\\"bullet\\\"><span class=\\\"ql-ui\\\" contenteditable=\\\"false\\\"></span><br></li><li data-list=\\\"bullet\\\"><span class=\\\"ql-ui\\\" contenteditable=\\\"false\\\"></span><span style=\\\"color: rgb(28, 29, 31); background-color: rgb(255, 255, 255);\\\">无需支付在线 API 费用</span></li><li data-list=\\\"bullet\\\"><span class=\\\"ql-ui\\\" contenteditable=\\\"false\\\"></span><br></li><li data-list=\\\"bullet\\\"><span class=\\\"ql-ui\\\" contenteditable=\\\"false\\\"></span><span style=\\\"color: rgb(28, 29, 31); background-color: rgb(255, 255, 255);\\\">完全离线，服务稳定，无网络延迟</span></li><li data-list=\\\"bullet\\\"><span class=\\\"ql-ui\\\" contenteditable=\\\"false\\\"></span><br></li><li data-list=\\\"bullet\\\"><span class=\\\"ql-ui\\\" contenteditable=\\\"false\\\"></span><span style=\\\"color: rgb(28, 29, 31); background-color: rgb(255, 255, 255);\\\">可以自由调整和定制模型参数</span></li></ol><p><span style=\\\"color: rgb(28, 29, 31); background-color: rgb(255, 255, 255);\\\">Chatbox 可以很好地连接到 Ollama 服务，让你在使用本地模型时可以获取 Chatbox 提供的更多强大功能，比如 Artifact Preview、文件解析、会话话题管理、Prompt 管理等。</span></p><p><span style=\\\"color: rgb(28, 29, 31); background-color: rgb(255, 255, 255);\\\">（注意：运行本地模型对你的电脑配置有一定要求，包括内存、GPU 等。如果出现卡顿，请尝试降低模型参数。）</span></p>\",\"coverUrl\":\"/profile/upload/2025/08/14/fst_20250814161950A001.jpg\",\"createTime\":\"2025-07-24 10:52:06\",\"id\":30,\"params\":{},\"status\":1,\"title\":\"如何将 chatbox 连接到远程 ollama 服务：逐步指南\",\"updateTime\":\"2025-08-14 16:19:54\"}','{\"msg\":\"操作成功\",\"code\":200}',0,NULL,'2025-08-14 16:19:54',18),(279,'用户头像',2,'com.ruoyi.web.controller.system.SysProfileController.avatar()','POST',1,'admin','研发部门','/system/user/profile/avatar','127.0.0.1','内网IP','',NULL,1,'/home/ruoyi/uploadPath/avatar/2025/08/26/059975f9836149dd9fab9546d8224347.jpg','2025-08-26 15:20:39',55),(280,'用户头像',2,'com.ruoyi.web.controller.system.SysProfileController.avatar()','POST',1,'admin','研发部门','/system/user/profile/avatar','127.0.0.1','内网IP','',NULL,1,'/home/ruoyi/uploadPath/avatar/2025/08/26/eb818239076b4338b5eff8c581ab4424.jpg','2025-08-26 15:20:41',1),(281,'用户头像',2,'com.ruoyi.web.controller.system.SysProfileController.avatar()','POST',1,'admin','研发部门','/system/user/profile/avatar','127.0.0.1','内网IP','',NULL,1,'/home/ruoyi/uploadPath/avatar/2025/08/26/72aa8e13a8fc46b386f3160e2eff5657.jpg','2025-08-26 15:21:00',0),(282,'用户头像',2,'com.ruoyi.web.controller.system.SysProfileController.avatar()','POST',1,'admin','研发部门','/system/user/profile/avatar','127.0.0.1','内网IP','',NULL,1,'/home/ruoyi/uploadPath/avatar/2025/08/26/a991b9f429334223aa0d9af56c200a6c.jpg','2025-08-26 15:35:17',43),(283,'菜单管理',2,'com.ruoyi.web.controller.system.SysMenuController.edit()','PUT',1,'admin','研发部门','/system/menu','127.0.0.1','内网IP','{\"children\":[],\"component\":\"system/tag/index\",\"createTime\":\"2025-08-26 15:33:03\",\"icon\":\"tab\",\"isCache\":\"0\",\"isFrame\":\"1\",\"menuId\":2009,\"menuName\":\"标签管理\",\"menuType\":\"C\",\"orderNum\":3,\"params\":{},\"parentId\":2007,\"path\":\"tag\",\"perms\":\"system:tag:list\",\"routeName\":\"\",\"status\":\"0\",\"updateBy\":\"admin\",\"visible\":\"0\"}','{\"msg\":\"操作成功\",\"code\":200}',0,NULL,'2025-08-26 15:36:12',18),(284,'菜单管理',3,'com.ruoyi.web.controller.system.SysMenuController.remove()','DELETE',1,'admin','研发部门','/system/menu/4','127.0.0.1','内网IP','4','{\"msg\":\"菜单已分配,不允许删除\",\"code\":601}',0,NULL,'2025-08-26 15:36:42',6),(285,'博客文章',1,'com.ruoyi.system.controller.BlogArticleController.add()','POST',1,'admin','研发部门','/system/article','127.0.0.1','内网IP','{\"author\":\"江屿\",\"content\":\"在全球经济加速数字化的浪潮中，企业面临着前所未有的机遇和挑战。如何在复杂多变的市场环境中保持竞争优势，已成为每个企业领导者必须直面的核心问题。商业模式的创新不仅是企业应对数字化挑战的有效策略，更是驱动持续增长和价值创造的关键动力。本文将深入解读TOGAF®（The Open Group Architecture Framework）标准中关于商业模式的核心内容，探讨企业如何通过企业架构的方法，实现数字化时代的商业模式创新与落地。&lt;img src=\\\"https:\",\"createTime\":\"2025-08-26 16:02:34\",\"id\":36,\"isRecommend\":0,\"isTop\":0,\"params\":{},\"status\":1,\"title\":\"数字化转型下的商业模式创新：深度解读togaf标准在企业架构实践\"}','{\"msg\":\"操作成功\",\"code\":200}',0,NULL,'2025-08-26 16:02:34',93),(286,'博客文章',1,'com.ruoyi.system.controller.BlogArticleController.add()','POST',1,'admin','研发部门','/system/article','127.0.0.1','内网IP','{\"author\":\"江屿\",\"categoryId\":1,\"commentCount\":0,\"content\":\"PHA+PHNwYW4gc3R5bGU9ImJhY2tncm91bmQtY29sb3I6IHJnYigyNTUsIDI1NSwgMjU1KTsgY29sb3I6IHJnYigyMiwgMjIsIDIyKTsiPumAgueUqOS6jiBMaW51eCDnmoQgV2luZG93cyDlrZDns7vnu5/vvIhXU0zvvInlhYHorrjlvIDlj5HkurrlkZjnm7TmjqXlnKggV2luZG93cyDkuIrov5DooYwgR05VL0xpbnV4IOeOr+Wig++8iOWMheaLrOWkp+WkmuaVsOWRveS7pOihjOW3peWFt+OAgeWunueUqOW3peWFt+WSjOW6lOeUqOeoi+W6j++8ie+8jOaXoOmcgOS8oOe7n+iZmuaLn+acuuaIluWPjOWQr+WKqOiuvue9rueahOW8gOmUgOOAgjwvc3Bhbj48L3A+PHA+PGEgaHJlZj0iaHR0cHM6Ly9sZWFybi5taWNyb3NvZnQuY29tL3poLWNuL3dpbmRvd3Mvd3NsL2luc3RhbGwiIHJlbD0ibm9vcGVuZXIgbm9yZWZlcnJlciIgdGFyZ2V0PSJfYmxhbmsiIHN0eWxlPSJiYWNrZ3JvdW5kLWNvbG9yOiByZ2JhKDAsIDAsIDAsIDApOyBjb2xvcjogcmdiKDAsIDEwMSwgMTc5KTsiPuWuieijhSBXU0w8L2E+PC9wPjxoMj48c3BhbiBzdHlsZT0iYmFja2dyb3VuZC1jb2xvcjogcmdiKDI1NSwgMjU1LCAyNTUpOyBjb2xvcjogcmdiKDIyLCAyMiwgMjIpOyI+5LqG6Kej6K+m57uG5L+h5oGvPC9zcGFuPjwvaDI+PG9sPjxsaSBkYXRhLWxpc3Q9ImJ1bGxldCI+PHNwYW4gY2xhc3M9InFsLXVpIiBjb250ZW50ZWRpdGFibGU9ImZhbHNlIj48L3NwYW4+PGEgaHJlZj0iaHR0cHM6Ly9sZWFybi5taWNyb3NvZnQuY29tL3poLWNuL3dpbmRvd3Mvd3NsL2Fib3V0IiByZWw9Im5vb3BlbmVyIG5vcmVmZXJyZXIiIHRhcmdldD0iX2JsYW5rIiBzdHlsZT0iYmFja2dyb3VuZC1jb2xvcjogcmdiYSgwLCAwLCAwLCAwKTsgY29sb3I6IHJnYigwLCAxMDEsIDE3OSk7Ij7ku4DkuYjmmK/pgILnlKjkuo4gTGludXgg55qEIFdpbmRvd3Mg5a2Q57O757uf77yIV1NM77yJ77yfPC9hPjwvbGk+PGxpIGRhdGEtbGlzdD0iYnVsbGV0Ij48c3BhbiBjbGFzcz0icWwtdWkiIGNvbnRlbnRlZGl0YWJsZT0iZmFsc2UiPjwvc3Bhbj48YSBocmVmPSJodHRwczovL2Jsb2dzLndpbmRvd3MuY29tL3dpbmRvd3NkZXZlbG9wZXIvMjAyNS8wNS8xOS90aGUtd2luZG93cy1zdWJzeXN0ZW0tZm9yLWxpbnV4LWlzLW5vdy1vcGVuLXNvdXJjZS8iIHJlbD0ibm9vcGVuZXIgbm9yZWZlcnJlciIgdGFyZ2V0PSJfYmxhbmsiIHN0eWxlPSJiYWNrZ3JvdW5kLWNvbG9yOiByZ2JhKDAsIDAsIDAsIDApOyBjb2xvcjogcmdiKDAsIDEwMSwgMTc5KTsiPumAgueUqOS6jiBMaW51eCDnmoQgV2luZG93cyDlrZDns7vnu5/njrDlt7LlvIDmlL7mupDku6PnoIE8L2E+PC9saT48bGkgZGF0YS1saXN0PSJidWxsZXQiPjxzcGFuIGNsYXNzPSJxbC11aSIgY29udGVudGVkaXRhYmxlPSJmYWxzZSI+PC9zcGFuPjxhIGhyZWY9Imh0dHBzOi8vbGVhcm4ubWljcm9zb2Z0LmNvbS96aC1jbi93aW5kb3dzL3dzbC9jb21wYXJlLXZlcnNpb25zI3','{\"msg\":\"操作成功\",\"code\":200}',0,NULL,'2025-08-26 17:37:30',34),(287,'博客文章',2,'com.ruoyi.system.controller.BlogArticleController.edit()','PUT',1,'admin','研发部门','/system/article','127.0.0.1','内网IP','{\"author\":\"江屿\",\"categoryId\":1,\"commentCount\":0,\"content\":\"PHA+UEhBK1BITndZVzRnYzNSNWJHVTlJbUpoWTJ0bmNtOTFibVF0WTI5c2IzSTZJSEpuWWlneU5UVXNJREkxTlN3Z01qVTFLVHNnWTI5c2IzSTZJSEpuWWlneU1pd2dNaklzSURJeUtUc2lQdW1BZ3VlVXFPUzZqaUJNYVc1MWVDRG5tb1FnVjJsdVpHOTNjeURsclpEbnM3dm51NS92dkloWFUwenZ2SW5saFlIb3Jyamx2SURsajVIa3VycmxrWmpubTdUbWpxWGxuS2dnVjJsdVpHOTNjeURrdUlyb3Y1RG9vWXdnUjA1VkwweHBiblY0SU9lT3IrV2lnKys4aU9XTWhlYUxyT1drcCtXa211YVZzT1dSdmVTN3BPaWhqT1czcGVXRnQrT0FnZVd1bnVlVXFPVzNwZVdGdCtXU2pPVzZsT2VVcU9lb2krVzZqKys4aWUrOGpPYVhvT21jZ09TOG9PZTduK2labXVhTG4rYWN1dWFJbHVXUGpPV1FyK1dLcU9pdXZ1ZTlydWVhaE9XOGdPbVVnT09BZ2p3dmMzQmhiajQ4TDNBK1BIQStQR0VnYUhKbFpqMGlhSFIwY0hNNkx5OXNaV0Z5Ymk1dGFXTnliM052Wm5RdVkyOXRMM3BvTFdOdUwzZHBibVJ2ZDNNdmQzTnNMMmx1YzNSaGJHd2lJSEpsYkQwaWJtOXZjR1Z1WlhJZ2JtOXlaV1psY25KbGNpSWdkR0Z5WjJWMFBTSmZZbXhoYm1zaUlITjBlV3hsUFNKaVlXTnJaM0p2ZFc1a0xXTnZiRzl5T2lCeVoySmhLREFzSURBc0lEQXNJREFwT3lCamIyeHZjam9nY21kaUtEQXNJREV3TVN3Z01UYzVLVHNpUHVXdWllaWpoU0JYVTB3OEwyRStQQzl3UGp4b01qNDhjM0JoYmlCemRIbHNaVDBpWW1GamEyZHliM1Z1WkMxamIyeHZjam9nY21kaUtESTFOU3dnTWpVMUxDQXlOVFVwT3lCamIyeHZjam9nY21kaUtESXlMQ0F5TWl3Z01qSXBPeUkrNUxxRzZLZWo2SyttNTd1RzVMK2g1b0d2UEM5emNHRnVQand2YURJK1BHOXNQanhzYVNCa1lYUmhMV3hwYzNROUltSjFiR3hsZENJK1BITndZVzRnWTJ4aGMzTTlJbkZzTFhWcElpQmpiMjUwWlc1MFpXUnBkR0ZpYkdVOUltWmhiSE5sSWo0OEwzTndZVzQrUEdFZ2FISmxaajBpYUhSMGNITTZMeTlzWldGeWJpNXRhV055YjNOdlpuUXVZMjl0TDNwb0xXTnVMM2RwYm1SdmQzTXZkM05zTDJGaWIzVjBJaUJ5Wld3OUltNXZiM0JsYm1WeUlHNXZjbVZtWlhKeVpYSWlJSFJoY21kbGREMGlYMkpzWVc1cklpQnpkSGxzWlQwaVltRmphMmR5YjNWdVpDMWpiMnh2Y2pvZ2NtZGlZU2d3TENBd0xDQXdMQ0F3S1RzZ1kyOXNiM0k2SUhKbllpZ3dMQ0F4TURFc0lERTNPU2s3SWo3a3U0RGt1WWptbUsvcGdJTG5sS2prdW80Z1RHbHVkWGdnNTVxRUlGZHBibVJ2ZDNNZzVhMlE1N083NTd1Zjc3eUlWMU5NNzd5Sjc3eWZQQzloUGp3dmJHaytQR3hwSUdSaGRHRXRiR2x6ZEQwaVluVnNiR1YwSWo0OGMzQmhiaUJqYkdGemN6MGljV3d0ZFdraUlHTnZiblJsYm5SbFpHbDBZV0pzWlQwaVptRnNjMlVpUGp3dmMzQmhiajQ4WVNCb2NtVm1QU0pvZEhSd2N6b3ZMMkpzYjJkekxuZHBibVJ2ZDNNdVkyOXRMM2RwYm1SdmQzTmtaWFpsYkc5d1pYSXZNakF5TlM4d05TOHhPUzkwYUdVdGQybHVaRzkzY3','{\"msg\":\"操作成功\",\"code\":200}',0,NULL,'2025-08-26 17:38:28',34),(288,'博客文章',1,'com.ruoyi.system.controller.BlogArticleController.add()','POST',1,'admin','研发部门','/system/article','127.0.0.1','内网IP','{\"author\":\"江屿\",\"categoryId\":1,\"commentCount\":0,\"content\":\"PHA+6YCC55So5LqOIExpbnV4IOeahCBXaW5kb3dzIOWtkOezu+e7n++8iFdTTO+8ieWFgeiuuOW8gOWPkeS6uuWRmOebtOaOpeWcqCBXaW5kb3dzIOS4iui/kOihjCBHTlUvTGludXgg546v5aKD77yI5YyF5ous5aSn5aSa5pWw5ZG95Luk6KGM5bel5YW344CB5a6e55So5bel5YW35ZKM5bqU55So56iL5bqP77yJ77yM5peg6ZyA5Lyg57uf6Jma5ouf5py65oiW5Y+M5ZCv5Yqo6K6+572u55qE5byA6ZSA44CCPC9wPjxwPjxhIGhyZWY9Imh0dHBzOi8vbGVhcm4ubWljcm9zb2Z0LmNvbS96aC1jbi93aW5kb3dzL3dzbC9pbnN0YWxsIiByZWw9Im5vb3BlbmVyIG5vcmVmZXJyZXIiIHRhcmdldD0iX2JsYW5rIiBzdHlsZT0iYmFja2dyb3VuZC1jb2xvcjogcmdiYSgwLCAwLCAwLCAwKTsgY29sb3I6IHJnYigwLCAxMDEsIDE3OSk7Ij7lronoo4UgV1NMPC9hPjwvcD48aDI+5LqG6Kej6K+m57uG5L+h5oGvPC9oMj48b2w+PGxpIGRhdGEtbGlzdD0iYnVsbGV0Ij48c3BhbiBjbGFzcz0icWwtdWkiIGNvbnRlbnRlZGl0YWJsZT0iZmFsc2UiPjwvc3Bhbj48YSBocmVmPSJodHRwczovL2xlYXJuLm1pY3Jvc29mdC5jb20vemgtY24vd2luZG93cy93c2wvYWJvdXQiIHJlbD0ibm9vcGVuZXIgbm9yZWZlcnJlciIgdGFyZ2V0PSJfYmxhbmsiIHN0eWxlPSJiYWNrZ3JvdW5kLWNvbG9yOiByZ2JhKDAsIDAsIDAsIDApOyBjb2xvcjogcmdiKDAsIDEwMSwgMTc5KTsiPuS7gOS5iOaYr+mAgueUqOS6jiBMaW51eCDnmoQgV2luZG93cyDlrZDns7vnu5/vvIhXU0zvvInvvJ88L2E+PC9saT48bGkgZGF0YS1saXN0PSJidWxsZXQiPjxzcGFuIGNsYXNzPSJxbC11aSIgY29udGVudGVkaXRhYmxlPSJmYWxzZSI+PC9zcGFuPjxhIGhyZWY9Imh0dHBzOi8vYmxvZ3Mud2luZG93cy5jb20vd2luZG93c2RldmVsb3Blci8yMDI1LzA1LzE5L3RoZS13aW5kb3dzLXN1YnN5c3RlbS1mb3ItbGludXgtaXMtbm93LW9wZW4tc291cmNlLyIgcmVsPSJub29wZW5lciBub3JlZmVycmVyIiB0YXJnZXQ9Il9ibGFuayIgc3R5bGU9ImJhY2tncm91bmQtY29sb3I6IHJnYmEoMCwgMCwgMCwgMCk7IGNvbG9yOiByZ2IoMCwgMTAxLCAxNzkpOyI+6YCC55So5LqOIExpbnV4IOeahCBXaW5kb3dzIOWtkOezu+e7n+eOsOW3suW8gOaUvua6kOS7o+eggTwvYT48L2xpPjxsaSBkYXRhLWxpc3Q9ImJ1bGxldCI+PHNwYW4gY2xhc3M9InFsLXVpIiBjb250ZW50ZWRpdGFibGU9ImZhbHNlIj48L3NwYW4+PGEgaHJlZj0iaHR0cHM6Ly9sZWFybi5taWNyb3NvZnQuY29tL3poLWNuL3dpbmRvd3Mvd3NsL2NvbXBhcmUtdmVyc2lvbnMjd2hhdHMtbmV3LWluLXdzbC0yIiByZWw9Im5vb3BlbmVyIG5vcmVmZXJyZXIiIHRhcmdldD0iX2JsYW5rIiBzdHlsZT0iYmFja2dyb3VuZC1jb2xvcjogcmdiYSgwLCAwLCAwLCAwKTsgY29sb3I6IHJnYigwLCAxMDEsIDE3OSk7Ij5XU0wgMiDnmoTmlrDlop7lip/og73mnInlk6rkupvvvJ88L2','{\"msg\":\"操作成功\",\"code\":200}',0,NULL,'2025-08-26 17:46:35',24),(289,'博客文章',1,'com.ruoyi.system.controller.BlogArticleController.add()','POST',1,'admin','研发部门','/system/article','127.0.0.1','内网IP','{\"categoryId\":1,\"commentCount\":0,\"content\":\"PHA+6YCC55So5LqOIExpbnV4IOeahCBXaW5kb3dzIOWtkOezu+e7n++8iFdTTO+8ieWFgeiuuOW8gOWPkeS6uuWRmOebtOaOpeWcqCBXaW5kb3dzIOS4iui/kOihjCBHTlUvTGludXgg546v5aKD77yI5YyF5ous5aSn5aSa5pWw5ZG95Luk6KGM5bel5YW344CB5a6e55So5bel5YW35ZKM5bqU55So56iL5bqP77yJ77yM5peg6ZyA5Lyg57uf6Jma5ouf5py65oiW5Y+M5ZCv5Yqo6K6+572u55qE5byA6ZSA44CCPC9wPjxwPjxhIGhyZWY9Imh0dHBzOi8vbGVhcm4ubWljcm9zb2Z0LmNvbS96aC1jbi93aW5kb3dzL3dzbC9pbnN0YWxsIiByZWw9Im5vb3BlbmVyIG5vcmVmZXJyZXIiIHRhcmdldD0iX2JsYW5rIiBzdHlsZT0iYmFja2dyb3VuZC1jb2xvcjogcmdiYSgwLCAwLCAwLCAwKTsgY29sb3I6IHJnYigwLCAxMDEsIDE3OSk7Ij7lronoo4UgV1NMPC9hPjwvcD48aDI+5LqG6Kej6K+m57uG5L+h5oGvPC9oMj48b2w+PGxpIGRhdGEtbGlzdD0iYnVsbGV0Ij48c3BhbiBjbGFzcz0icWwtdWkiIGNvbnRlbnRlZGl0YWJsZT0iZmFsc2UiPjwvc3Bhbj48YSBocmVmPSJodHRwczovL2xlYXJuLm1pY3Jvc29mdC5jb20vemgtY24vd2luZG93cy93c2wvYWJvdXQiIHJlbD0ibm9vcGVuZXIgbm9yZWZlcnJlciIgdGFyZ2V0PSJfYmxhbmsiIHN0eWxlPSJiYWNrZ3JvdW5kLWNvbG9yOiByZ2JhKDAsIDAsIDAsIDApOyBjb2xvcjogcmdiKDAsIDEwMSwgMTc5KTsiPuS7gOS5iOaYr+mAgueUqOS6jiBMaW51eCDnmoQgV2luZG93cyDlrZDns7vnu5/vvIhXU0zvvInvvJ88L2E+PC9saT48bGkgZGF0YS1saXN0PSJidWxsZXQiPjxzcGFuIGNsYXNzPSJxbC11aSIgY29udGVudGVkaXRhYmxlPSJmYWxzZSI+PC9zcGFuPjxhIGhyZWY9Imh0dHBzOi8vYmxvZ3Mud2luZG93cy5jb20vd2luZG93c2RldmVsb3Blci8yMDI1LzA1LzE5L3RoZS13aW5kb3dzLXN1YnN5c3RlbS1mb3ItbGludXgtaXMtbm93LW9wZW4tc291cmNlLyIgcmVsPSJub29wZW5lciBub3JlZmVycmVyIiB0YXJnZXQ9Il9ibGFuayIgc3R5bGU9ImJhY2tncm91bmQtY29sb3I6IHJnYmEoMCwgMCwgMCwgMCk7IGNvbG9yOiByZ2IoMCwgMTAxLCAxNzkpOyI+6YCC55So5LqOIExpbnV4IOeahCBXaW5kb3dzIOWtkOezu+e7n+eOsOW3suW8gOaUvua6kOS7o+eggTwvYT48L2xpPjxsaSBkYXRhLWxpc3Q9ImJ1bGxldCI+PHNwYW4gY2xhc3M9InFsLXVpIiBjb250ZW50ZWRpdGFibGU9ImZhbHNlIj48L3NwYW4+PGEgaHJlZj0iaHR0cHM6Ly9sZWFybi5taWNyb3NvZnQuY29tL3poLWNuL3dpbmRvd3Mvd3NsL2NvbXBhcmUtdmVyc2lvbnMjd2hhdHMtbmV3LWluLXdzbC0yIiByZWw9Im5vb3BlbmVyIG5vcmVmZXJyZXIiIHRhcmdldD0iX2JsYW5rIiBzdHlsZT0iYmFja2dyb3VuZC1jb2xvcjogcmdiYSgwLCAwLCAwLCAwKTsgY29sb3I6IHJnYigwLCAxMDEsIDE3OSk7Ij5XU0wgMiDnmoTmlrDlop7lip/og73mnInlk6rkupvvvJ88L2E+PC9saT48bGkg',NULL,1,'文章标题已存在，请更换标题！','2025-08-26 17:50:55',27),(290,'博客文章',1,'com.ruoyi.system.controller.BlogArticleController.add()','POST',1,'admin','研发部门','/system/article','127.0.0.1','内网IP','{\"author\":\"江屿\",\"categoryId\":1,\"commentCount\":0,\"content\":\"PHA+6YCC55So5LqOIExpbnV4IOeahCBXaW5kb3dzIOWtkOezu+e7n++8iFdTTO+8ieWFgeiuuOW8gOWPkeS6uuWRmOebtOaOpeWcqCBXaW5kb3dzIOS4iui/kOihjCBHTlUvTGludXgg546v5aKD77yI5YyF5ous5aSn5aSa5pWw5ZG95Luk6KGM5bel5YW344CB5a6e55So5bel5YW35ZKM5bqU55So56iL5bqP77yJ77yM5peg6ZyA5Lyg57uf6Jma5ouf5py65oiW5Y+M5ZCv5Yqo6K6+572u55qE5byA6ZSA44CCPC9wPjxwPjxhIGhyZWY9Imh0dHBzOi8vbGVhcm4ubWljcm9zb2Z0LmNvbS96aC1jbi93aW5kb3dzL3dzbC9pbnN0YWxsIiByZWw9Im5vb3BlbmVyIG5vcmVmZXJyZXIiIHRhcmdldD0iX2JsYW5rIiBzdHlsZT0iYmFja2dyb3VuZC1jb2xvcjogcmdiYSgwLCAwLCAwLCAwKTsgY29sb3I6IHJnYigwLCAxMDEsIDE3OSk7Ij7lronoo4UgV1NMPC9hPjwvcD48aDI+5LqG6Kej6K+m57uG5L+h5oGvPC9oMj48b2w+PGxpIGRhdGEtbGlzdD0iYnVsbGV0Ij48c3BhbiBjbGFzcz0icWwtdWkiIGNvbnRlbnRlZGl0YWJsZT0iZmFsc2UiPjwvc3Bhbj48YSBocmVmPSJodHRwczovL2xlYXJuLm1pY3Jvc29mdC5jb20vemgtY24vd2luZG93cy93c2wvYWJvdXQiIHJlbD0ibm9vcGVuZXIgbm9yZWZlcnJlciIgdGFyZ2V0PSJfYmxhbmsiIHN0eWxlPSJiYWNrZ3JvdW5kLWNvbG9yOiByZ2JhKDAsIDAsIDAsIDApOyBjb2xvcjogcmdiKDAsIDEwMSwgMTc5KTsiPuS7gOS5iOaYr+mAgueUqOS6jiBMaW51eCDnmoQgV2luZG93cyDlrZDns7vnu5/vvIhXU0zvvInvvJ88L2E+PC9saT48bGkgZGF0YS1saXN0PSJidWxsZXQiPjxzcGFuIGNsYXNzPSJxbC11aSIgY29udGVudGVkaXRhYmxlPSJmYWxzZSI+PC9zcGFuPjxhIGhyZWY9Imh0dHBzOi8vYmxvZ3Mud2luZG93cy5jb20vd2luZG93c2RldmVsb3Blci8yMDI1LzA1LzE5L3RoZS13aW5kb3dzLXN1YnN5c3RlbS1mb3ItbGludXgtaXMtbm93LW9wZW4tc291cmNlLyIgcmVsPSJub29wZW5lciBub3JlZmVycmVyIiB0YXJnZXQ9Il9ibGFuayIgc3R5bGU9ImJhY2tncm91bmQtY29sb3I6IHJnYmEoMCwgMCwgMCwgMCk7IGNvbG9yOiByZ2IoMCwgMTAxLCAxNzkpOyI+6YCC55So5LqOIExpbnV4IOeahCBXaW5kb3dzIOWtkOezu+e7n+eOsOW3suW8gOaUvua6kOS7o+eggTwvYT48L2xpPjxsaSBkYXRhLWxpc3Q9ImJ1bGxldCI+PHNwYW4gY2xhc3M9InFsLXVpIiBjb250ZW50ZWRpdGFibGU9ImZhbHNlIj48L3NwYW4+PGEgaHJlZj0iaHR0cHM6Ly9sZWFybi5taWNyb3NvZnQuY29tL3poLWNuL3dpbmRvd3Mvd3NsL2NvbXBhcmUtdmVyc2lvbnMjd2hhdHMtbmV3LWluLXdzbC0yIiByZWw9Im5vb3BlbmVyIG5vcmVmZXJyZXIiIHRhcmdldD0iX2JsYW5rIiBzdHlsZT0iYmFja2dyb3VuZC1jb2xvcjogcmdiYSgwLCAwLCAwLCAwKTsgY29sb3I6IHJnYigwLCAxMDEsIDE3OSk7Ij5XU0wgMiDnmoTmlrDlop7lip/og73mnInlk6rkupvvvJ88L2','{\"msg\":\"操作成功\",\"code\":200}',0,NULL,'2025-08-26 17:51:03',20),(291,'博客文章',1,'com.ruoyi.system.controller.BlogArticleController.add()','POST',1,'admin','研发部门','/system/article','127.0.0.1','内网IP','{\"categoryId\":1,\"commentCount\":0,\"content\":\"PHA+6YCC55So5LqOIExpbnV4IOeahCBXaW5kb3dzIOWtkOezu+e7n++8iFdTTO+8ieWFgeiuuOW8gOWPkeS6uuWRmOebtOaOpeWcqCBXaW5kb3dzIOS4iui/kOihjCBHTlUvTGludXgg546v5aKD77yI5YyF5ous5aSn5aSa5pWw5ZG95Luk6KGM5bel5YW344CB5a6e55So5bel5YW35ZKM5bqU55So56iL5bqP77yJ77yM5peg6ZyA5Lyg57uf6Jma5ouf5py65oiW5Y+M5ZCv5Yqo6K6+572u55qE5byA6ZSA44CCPC9wPjxwPjxhIGhyZWY9Imh0dHBzOi8vbGVhcm4ubWljcm9zb2Z0LmNvbS96aC1jbi93aW5kb3dzL3dzbC9pbnN0YWxsIiByZWw9Im5vb3BlbmVyIG5vcmVmZXJyZXIiIHRhcmdldD0iX2JsYW5rIiBzdHlsZT0iYmFja2dyb3VuZC1jb2xvcjogcmdiYSgwLCAwLCAwLCAwKTsgY29sb3I6IHJnYigwLCAxMDEsIDE3OSk7Ij7lronoo4UgV1NMPC9hPjwvcD48aDI+5LqG6Kej6K+m57uG5L+h5oGvPC9oMj48b2w+PGxpIGRhdGEtbGlzdD0iYnVsbGV0Ij48c3BhbiBjbGFzcz0icWwtdWkiIGNvbnRlbnRlZGl0YWJsZT0iZmFsc2UiPjwvc3Bhbj48YSBocmVmPSJodHRwczovL2xlYXJuLm1pY3Jvc29mdC5jb20vemgtY24vd2luZG93cy93c2wvYWJvdXQiIHJlbD0ibm9vcGVuZXIgbm9yZWZlcnJlciIgdGFyZ2V0PSJfYmxhbmsiIHN0eWxlPSJiYWNrZ3JvdW5kLWNvbG9yOiByZ2JhKDAsIDAsIDAsIDApOyBjb2xvcjogcmdiKDAsIDEwMSwgMTc5KTsiPuS7gOS5iOaYr+mAgueUqOS6jiBMaW51eCDnmoQgV2luZG93cyDlrZDns7vnu5/vvIhXU0zvvInvvJ88L2E+PC9saT48bGkgZGF0YS1saXN0PSJidWxsZXQiPjxzcGFuIGNsYXNzPSJxbC11aSIgY29udGVudGVkaXRhYmxlPSJmYWxzZSI+PC9zcGFuPjxhIGhyZWY9Imh0dHBzOi8vYmxvZ3Mud2luZG93cy5jb20vd2luZG93c2RldmVsb3Blci8yMDI1LzA1LzE5L3RoZS13aW5kb3dzLXN1YnN5c3RlbS1mb3ItbGludXgtaXMtbm93LW9wZW4tc291cmNlLyIgcmVsPSJub29wZW5lciBub3JlZmVycmVyIiB0YXJnZXQ9Il9ibGFuayIgc3R5bGU9ImJhY2tncm91bmQtY29sb3I6IHJnYmEoMCwgMCwgMCwgMCk7IGNvbG9yOiByZ2IoMCwgMTAxLCAxNzkpOyI+6YCC55So5LqOIExpbnV4IOeahCBXaW5kb3dzIOWtkOezu+e7n+eOsOW3suW8gOaUvua6kOS7o+eggTwvYT48L2xpPjxsaSBkYXRhLWxpc3Q9ImJ1bGxldCI+PHNwYW4gY2xhc3M9InFsLXVpIiBjb250ZW50ZWRpdGFibGU9ImZhbHNlIj48L3NwYW4+PGEgaHJlZj0iaHR0cHM6Ly9sZWFybi5taWNyb3NvZnQuY29tL3poLWNuL3dpbmRvd3Mvd3NsL2NvbXBhcmUtdmVyc2lvbnMjd2hhdHMtbmV3LWluLXdzbC0yIiByZWw9Im5vb3BlbmVyIG5vcmVmZXJyZXIiIHRhcmdldD0iX2JsYW5rIiBzdHlsZT0iYmFja2dyb3VuZC1jb2xvcjogcmdiYSgwLCAwLCAwLCAwKTsgY29sb3I6IHJnYigwLCAxMDEsIDE3OSk7Ij5XU0wgMiDnmoTmlrDlop7lip/og73mnInlk6rkupvvvJ88L2E+PC9saT48bGkg',NULL,1,'文章标题已存在，请更换标题！','2025-08-26 18:09:09',9),(292,'博客文章',1,'com.ruoyi.system.controller.BlogArticleController.add()','POST',1,'admin','研发部门','/system/article','127.0.0.1','内网IP','{\"categoryId\":1,\"commentCount\":0,\"content\":\"PHA+6YCC55So5LqOIExpbnV4IOeahCBXaW5kb3dzIOWtkOezu+e7n++8iFdTTO+8ieWFgeiuuOW8gOWPkeS6uuWRmOebtOaOpeWcqCBXaW5kb3dzIOS4iui/kOihjCBHTlUvTGludXgg546v5aKD77yI5YyF5ous5aSn5aSa5pWw5ZG95Luk6KGM5bel5YW344CB5a6e55So5bel5YW35ZKM5bqU55So56iL5bqP77yJ77yM5peg6ZyA5Lyg57uf6Jma5ouf5py65oiW5Y+M5ZCv5Yqo6K6+572u55qE5byA6ZSA44CCPC9wPjxwPjxhIGhyZWY9Imh0dHBzOi8vbGVhcm4ubWljcm9zb2Z0LmNvbS96aC1jbi93aW5kb3dzL3dzbC9pbnN0YWxsIiByZWw9Im5vb3BlbmVyIG5vcmVmZXJyZXIiIHRhcmdldD0iX2JsYW5rIiBzdHlsZT0iYmFja2dyb3VuZC1jb2xvcjogcmdiYSgwLCAwLCAwLCAwKTsgY29sb3I6IHJnYigwLCAxMDEsIDE3OSk7Ij7lronoo4UgV1NMPC9hPjwvcD48aDI+5LqG6Kej6K+m57uG5L+h5oGvPC9oMj48b2w+PGxpIGRhdGEtbGlzdD0iYnVsbGV0Ij48c3BhbiBjbGFzcz0icWwtdWkiIGNvbnRlbnRlZGl0YWJsZT0iZmFsc2UiPjwvc3Bhbj48YSBocmVmPSJodHRwczovL2xlYXJuLm1pY3Jvc29mdC5jb20vemgtY24vd2luZG93cy93c2wvYWJvdXQiIHJlbD0ibm9vcGVuZXIgbm9yZWZlcnJlciIgdGFyZ2V0PSJfYmxhbmsiIHN0eWxlPSJiYWNrZ3JvdW5kLWNvbG9yOiByZ2JhKDAsIDAsIDAsIDApOyBjb2xvcjogcmdiKDAsIDEwMSwgMTc5KTsiPuS7gOS5iOaYr+mAgueUqOS6jiBMaW51eCDnmoQgV2luZG93cyDlrZDns7vnu5/vvIhXU0zvvInvvJ88L2E+PC9saT48bGkgZGF0YS1saXN0PSJidWxsZXQiPjxzcGFuIGNsYXNzPSJxbC11aSIgY29udGVudGVkaXRhYmxlPSJmYWxzZSI+PC9zcGFuPjxhIGhyZWY9Imh0dHBzOi8vYmxvZ3Mud2luZG93cy5jb20vd2luZG93c2RldmVsb3Blci8yMDI1LzA1LzE5L3RoZS13aW5kb3dzLXN1YnN5c3RlbS1mb3ItbGludXgtaXMtbm93LW9wZW4tc291cmNlLyIgcmVsPSJub29wZW5lciBub3JlZmVycmVyIiB0YXJnZXQ9Il9ibGFuayIgc3R5bGU9ImJhY2tncm91bmQtY29sb3I6IHJnYmEoMCwgMCwgMCwgMCk7IGNvbG9yOiByZ2IoMCwgMTAxLCAxNzkpOyI+6YCC55So5LqOIExpbnV4IOeahCBXaW5kb3dzIOWtkOezu+e7n+eOsOW3suW8gOaUvua6kOS7o+eggTwvYT48L2xpPjxsaSBkYXRhLWxpc3Q9ImJ1bGxldCI+PHNwYW4gY2xhc3M9InFsLXVpIiBjb250ZW50ZWRpdGFibGU9ImZhbHNlIj48L3NwYW4+PGEgaHJlZj0iaHR0cHM6Ly9sZWFybi5taWNyb3NvZnQuY29tL3poLWNuL3dpbmRvd3Mvd3NsL2NvbXBhcmUtdmVyc2lvbnMjd2hhdHMtbmV3LWluLXdzbC0yIiByZWw9Im5vb3BlbmVyIG5vcmVmZXJyZXIiIHRhcmdldD0iX2JsYW5rIiBzdHlsZT0iYmFja2dyb3VuZC1jb2xvcjogcmdiYSgwLCAwLCAwLCAwKTsgY29sb3I6IHJnYigwLCAxMDEsIDE3OSk7Ij5XU0wgMiDnmoTmlrDlop7lip/og73mnInlk6rkupvvvJ88L2E+PC9saT48bGkg',NULL,1,'文章标题已存在，请更换标题！','2025-08-26 18:09:15',4),(293,'博客文章',1,'com.ruoyi.system.controller.BlogArticleController.add()','POST',1,'admin','研发部门','/system/article','127.0.0.1','内网IP','{\"author\":\"江屿\",\"categoryId\":1,\"commentCount\":0,\"content\":\"PHA+6YCC55So5LqOIExpbnV4IOeahCBXaW5kb3dzIOWtkOezu+e7n++8iFdTTO+8ieWFgeiuuOW8gOWPkeS6uuWRmOebtOaOpeWcqCBXaW5kb3dzIOS4iui/kOihjCBHTlUvTGludXgg546v5aKD77yI5YyF5ous5aSn5aSa5pWw5ZG95Luk6KGM5bel5YW344CB5a6e55So5bel5YW35ZKM5bqU55So56iL5bqP77yJ77yM5peg6ZyA5Lyg57uf6Jma5ouf5py65oiW5Y+M5ZCv5Yqo6K6+572u55qE5byA6ZSA44CCPC9wPjxwPjxhIGhyZWY9Imh0dHBzOi8vbGVhcm4ubWljcm9zb2Z0LmNvbS96aC1jbi93aW5kb3dzL3dzbC9pbnN0YWxsIiByZWw9Im5vb3BlbmVyIG5vcmVmZXJyZXIiIHRhcmdldD0iX2JsYW5rIiBzdHlsZT0iYmFja2dyb3VuZC1jb2xvcjogcmdiYSgwLCAwLCAwLCAwKTsgY29sb3I6IHJnYigwLCAxMDEsIDE3OSk7Ij7lronoo4UgV1NMPC9hPjwvcD48aDI+5LqG6Kej6K+m57uG5L+h5oGvPC9oMj48b2w+PGxpIGRhdGEtbGlzdD0iYnVsbGV0Ij48c3BhbiBjbGFzcz0icWwtdWkiIGNvbnRlbnRlZGl0YWJsZT0iZmFsc2UiPjwvc3Bhbj48YSBocmVmPSJodHRwczovL2xlYXJuLm1pY3Jvc29mdC5jb20vemgtY24vd2luZG93cy93c2wvYWJvdXQiIHJlbD0ibm9vcGVuZXIgbm9yZWZlcnJlciIgdGFyZ2V0PSJfYmxhbmsiIHN0eWxlPSJiYWNrZ3JvdW5kLWNvbG9yOiByZ2JhKDAsIDAsIDAsIDApOyBjb2xvcjogcmdiKDAsIDEwMSwgMTc5KTsiPuS7gOS5iOaYr+mAgueUqOS6jiBMaW51eCDnmoQgV2luZG93cyDlrZDns7vnu5/vvIhXU0zvvInvvJ88L2E+PC9saT48bGkgZGF0YS1saXN0PSJidWxsZXQiPjxzcGFuIGNsYXNzPSJxbC11aSIgY29udGVudGVkaXRhYmxlPSJmYWxzZSI+PC9zcGFuPjxhIGhyZWY9Imh0dHBzOi8vYmxvZ3Mud2luZG93cy5jb20vd2luZG93c2RldmVsb3Blci8yMDI1LzA1LzE5L3RoZS13aW5kb3dzLXN1YnN5c3RlbS1mb3ItbGludXgtaXMtbm93LW9wZW4tc291cmNlLyIgcmVsPSJub29wZW5lciBub3JlZmVycmVyIiB0YXJnZXQ9Il9ibGFuayIgc3R5bGU9ImJhY2tncm91bmQtY29sb3I6IHJnYmEoMCwgMCwgMCwgMCk7IGNvbG9yOiByZ2IoMCwgMTAxLCAxNzkpOyI+6YCC55So5LqOIExpbnV4IOeahCBXaW5kb3dzIOWtkOezu+e7n+eOsOW3suW8gOaUvua6kOS7o+eggTwvYT48L2xpPjxsaSBkYXRhLWxpc3Q9ImJ1bGxldCI+PHNwYW4gY2xhc3M9InFsLXVpIiBjb250ZW50ZWRpdGFibGU9ImZhbHNlIj48L3NwYW4+PGEgaHJlZj0iaHR0cHM6Ly9sZWFybi5taWNyb3NvZnQuY29tL3poLWNuL3dpbmRvd3Mvd3NsL2NvbXBhcmUtdmVyc2lvbnMjd2hhdHMtbmV3LWluLXdzbC0yIiByZWw9Im5vb3BlbmVyIG5vcmVmZXJyZXIiIHRhcmdldD0iX2JsYW5rIiBzdHlsZT0iYmFja2dyb3VuZC1jb2xvcjogcmdiYSgwLCAwLCAwLCAwKTsgY29sb3I6IHJnYigwLCAxMDEsIDE3OSk7Ij5XU0wgMiDnmoTmlrDlop7lip/og73mnInlk6rkupvvvJ88L2','{\"msg\":\"操作成功\",\"code\":200}',0,NULL,'2025-08-26 18:09:22',16),(294,'博客文章',3,'com.ruoyi.system.controller.BlogArticleController.remove()','DELETE',1,'admin','研发部门','/system/article/37','127.0.0.1','内网IP','[37]','{\"msg\":\"操作成功\",\"code\":200}',0,NULL,'2025-08-26 18:09:30',10),(295,'博客文章',3,'com.ruoyi.system.controller.BlogArticleController.remove()','DELETE',1,'admin','研发部门','/system/article/38','127.0.0.1','内网IP','[38]','{\"msg\":\"操作成功\",\"code\":200}',0,NULL,'2025-08-26 18:09:32',9),(296,'博客文章',3,'com.ruoyi.system.controller.BlogArticleController.remove()','DELETE',1,'admin','研发部门','/system/article/40','127.0.0.1','内网IP','[40]','{\"msg\":\"操作成功\",\"code\":200}',0,NULL,'2025-08-26 18:09:34',4),(297,'博客文章',3,'com.ruoyi.system.controller.BlogArticleController.remove()','DELETE',1,'admin','研发部门','/system/article/39','127.0.0.1','内网IP','[39]','{\"msg\":\"操作成功\",\"code\":200}',0,NULL,'2025-08-26 18:09:39',5),(298,'博客文章',1,'com.ruoyi.system.controller.BlogArticleController.add()','POST',1,'admin','研发部门','/system/article','127.0.0.1','内网IP','{\"author\":\"江屿\",\"categoryId\":1,\"commentCount\":0,\"content\":\"PHA+6YCC55So5LqOIExpbnV4IOeahCBXaW5kb3dzIOWtkOezu+e7n++8iFdTTO+8ieWFgeiuuOW8gOWPkeS6uuWRmOebtOaOpeWcqCBXaW5kb3dzIOS4iui/kOihjCBHTlUvTGludXgg546v5aKD77yI5YyF5ous5aSn5aSa5pWw5ZG95Luk6KGM5bel5YW344CB5a6e55So5bel5YW35ZKM5bqU55So56iL5bqP77yJ77yM5peg6ZyA5Lyg57uf6Jma5ouf5py65oiW5Y+M5ZCv5Yqo6K6+572u55qE5byA6ZSA44CCPC9wPjxwPjxhIGhyZWY9Imh0dHBzOi8vbGVhcm4ubWljcm9zb2Z0LmNvbS96aC1jbi93aW5kb3dzL3dzbC9pbnN0YWxsIiByZWw9Im5vb3BlbmVyIG5vcmVmZXJyZXIiIHRhcmdldD0iX2JsYW5rIiBzdHlsZT0iYmFja2dyb3VuZC1jb2xvcjogcmdiYSgwLCAwLCAwLCAwKTsgY29sb3I6IHJnYigwLCAxMDEsIDE3OSk7Ij7lronoo4UgV1NMPC9hPjwvcD48aDI+5LqG6Kej6K+m57uG5L+h5oGvPC9oMj48b2w+PGxpIGRhdGEtbGlzdD0iYnVsbGV0Ij48c3BhbiBjbGFzcz0icWwtdWkiIGNvbnRlbnRlZGl0YWJsZT0iZmFsc2UiPjwvc3Bhbj48YSBocmVmPSJodHRwczovL2xlYXJuLm1pY3Jvc29mdC5jb20vemgtY24vd2luZG93cy93c2wvYWJvdXQiIHJlbD0ibm9vcGVuZXIgbm9yZWZlcnJlciIgdGFyZ2V0PSJfYmxhbmsiIHN0eWxlPSJiYWNrZ3JvdW5kLWNvbG9yOiByZ2JhKDAsIDAsIDAsIDApOyBjb2xvcjogcmdiKDAsIDEwMSwgMTc5KTsiPuS7gOS5iOaYr+mAgueUqOS6jiBMaW51eCDnmoQgV2luZG93cyDlrZDns7vnu5/vvIhXU0zvvInvvJ88L2E+PC9saT48bGkgZGF0YS1saXN0PSJidWxsZXQiPjxzcGFuIGNsYXNzPSJxbC11aSIgY29udGVudGVkaXRhYmxlPSJmYWxzZSI+PC9zcGFuPjxhIGhyZWY9Imh0dHBzOi8vYmxvZ3Mud2luZG93cy5jb20vd2luZG93c2RldmVsb3Blci8yMDI1LzA1LzE5L3RoZS13aW5kb3dzLXN1YnN5c3RlbS1mb3ItbGludXgtaXMtbm93LW9wZW4tc291cmNlLyIgcmVsPSJub29wZW5lciBub3JlZmVycmVyIiB0YXJnZXQ9Il9ibGFuayIgc3R5bGU9ImJhY2tncm91bmQtY29sb3I6IHJnYmEoMCwgMCwgMCwgMCk7IGNvbG9yOiByZ2IoMCwgMTAxLCAxNzkpOyI+6YCC55So5LqOIExpbnV4IOeahCBXaW5kb3dzIOWtkOezu+e7n+eOsOW3suW8gOaUvua6kOS7o+eggTwvYT48L2xpPjxsaSBkYXRhLWxpc3Q9ImJ1bGxldCI+PHNwYW4gY2xhc3M9InFsLXVpIiBjb250ZW50ZWRpdGFibGU9ImZhbHNlIj48L3NwYW4+PGEgaHJlZj0iaHR0cHM6Ly9sZWFybi5taWNyb3NvZnQuY29tL3poLWNuL3dpbmRvd3Mvd3NsL2NvbXBhcmUtdmVyc2lvbnMjd2hhdHMtbmV3LWluLXdzbC0yIiByZWw9Im5vb3BlbmVyIG5vcmVmZXJyZXIiIHRhcmdldD0iX2JsYW5rIiBzdHlsZT0iYmFja2dyb3VuZC1jb2xvcjogcmdiYSgwLCAwLCAwLCAwKTsgY29sb3I6IHJnYigwLCAxMDEsIDE3OSk7Ij5XU0wgMiDnmoTmlrDlop7lip/og73mnInlk6rkupvvvJ88L2','{\"msg\":\"操作成功\",\"code\":200}',0,NULL,'2025-08-26 18:09:56',11),(299,'博客文章',3,'com.ruoyi.system.controller.BlogArticleController.remove()','DELETE',1,'admin','研发部门','/system/article/41','127.0.0.1','内网IP','[41]','{\"msg\":\"操作成功\",\"code\":200}',0,NULL,'2025-08-26 18:13:57',12),(300,'博客文章',1,'com.ruoyi.system.controller.BlogArticleController.add()','POST',1,'admin','研发部门','/system/article','127.0.0.1','内网IP','{\"author\":\"江屿\",\"categoryId\":1,\"commentCount\":0,\"content\":\"PHA+6YCC55So5LqOIExpbnV4IOeahCBXaW5kb3dzIOWtkOezu+e7n++8iFdTTO+8ieWFgeiuuOW8gOWPkeS6uuWRmOebtOaOpeWcqCBXaW5kb3dzIOS4iui/kOihjCBHTlUvTGludXgg546v5aKD77yI5YyF5ous5aSn5aSa5pWw5ZG95Luk6KGM5bel5YW344CB5a6e55So5bel5YW35ZKM5bqU55So56iL5bqP77yJ77yM5peg6ZyA5Lyg57uf6Jma5ouf5py65oiW5Y+M5ZCv5Yqo6K6+572u55qE5byA6ZSA44CCPC9wPjxwPjxhIGhyZWY9Imh0dHBzOi8vbGVhcm4ubWljcm9zb2Z0LmNvbS96aC1jbi93aW5kb3dzL3dzbC9pbnN0YWxsIiByZWw9Im5vb3BlbmVyIG5vcmVmZXJyZXIiIHRhcmdldD0iX2JsYW5rIiBzdHlsZT0iYmFja2dyb3VuZC1jb2xvcjogcmdiYSgwLCAwLCAwLCAwKTsgY29sb3I6IHJnYigwLCAxMDEsIDE3OSk7Ij7lronoo4UgV1NMPC9hPjwvcD48aDI+5LqG6Kej6K+m57uG5L+h5oGvPC9oMj48b2w+PGxpIGRhdGEtbGlzdD0iYnVsbGV0Ij48c3BhbiBjbGFzcz0icWwtdWkiIGNvbnRlbnRlZGl0YWJsZT0iZmFsc2UiPjwvc3Bhbj48YSBocmVmPSJodHRwczovL2xlYXJuLm1pY3Jvc29mdC5jb20vemgtY24vd2luZG93cy93c2wvYWJvdXQiIHJlbD0ibm9vcGVuZXIgbm9yZWZlcnJlciIgdGFyZ2V0PSJfYmxhbmsiIHN0eWxlPSJiYWNrZ3JvdW5kLWNvbG9yOiByZ2JhKDAsIDAsIDAsIDApOyBjb2xvcjogcmdiKDAsIDEwMSwgMTc5KTsiPuS7gOS5iOaYr+mAgueUqOS6jiBMaW51eCDnmoQgV2luZG93cyDlrZDns7vnu5/vvIhXU0zvvInvvJ88L2E+PC9saT48bGkgZGF0YS1saXN0PSJidWxsZXQiPjxzcGFuIGNsYXNzPSJxbC11aSIgY29udGVudGVkaXRhYmxlPSJmYWxzZSI+PC9zcGFuPjxhIGhyZWY9Imh0dHBzOi8vYmxvZ3Mud2luZG93cy5jb20vd2luZG93c2RldmVsb3Blci8yMDI1LzA1LzE5L3RoZS13aW5kb3dzLXN1YnN5c3RlbS1mb3ItbGludXgtaXMtbm93LW9wZW4tc291cmNlLyIgcmVsPSJub29wZW5lciBub3JlZmVycmVyIiB0YXJnZXQ9Il9ibGFuayIgc3R5bGU9ImJhY2tncm91bmQtY29sb3I6IHJnYmEoMCwgMCwgMCwgMCk7IGNvbG9yOiByZ2IoMCwgMTAxLCAxNzkpOyI+6YCC55So5LqOIExpbnV4IOeahCBXaW5kb3dzIOWtkOezu+e7n+eOsOW3suW8gOaUvua6kOS7o+eggTwvYT48L2xpPjxsaSBkYXRhLWxpc3Q9ImJ1bGxldCI+PHNwYW4gY2xhc3M9InFsLXVpIiBjb250ZW50ZWRpdGFibGU9ImZhbHNlIj48L3NwYW4+PGEgaHJlZj0iaHR0cHM6Ly9sZWFybi5taWNyb3NvZnQuY29tL3poLWNuL3dpbmRvd3Mvd3NsL2NvbXBhcmUtdmVyc2lvbnMjd2hhdHMtbmV3LWluLXdzbC0yIiByZWw9Im5vb3BlbmVyIG5vcmVmZXJyZXIiIHRhcmdldD0iX2JsYW5rIiBzdHlsZT0iYmFja2dyb3VuZC1jb2xvcjogcmdiYSgwLCAwLCAwLCAwKTsgY29sb3I6IHJnYigwLCAxMDEsIDE3OSk7Ij5XU0wgMiDnmoTmlrDlop7lip/og73mnInlk6rkupvvvJ88L2','{\"msg\":\"操作成功\",\"code\":200}',0,NULL,'2025-08-26 18:14:23',22),(301,'博客文章',1,'com.ruoyi.system.controller.BlogArticleController.add()','POST',1,'admin','研发部门','/system/article','127.0.0.1','内网IP','{\"categoryId\":1,\"commentCount\":0,\"content\":\"PHA+6YCC55So5LqOIExpbnV4IOeahCBXaW5kb3dzIOWtkOezu+e7n++8iFdTTO+8ieWFgeiuuOW8gOWPkeS6uuWRmOebtOaOpeWcqCBXaW5kb3dzIOS4iui/kOihjCBHTlUvTGludXgg546v5aKD77yI5YyF5ous5aSn5aSa5pWw5ZG95Luk6KGM5bel5YW344CB5a6e55So5bel5YW35ZKM5bqU55So56iL5bqP77yJ77yM5peg6ZyA5Lyg57uf6Jma5ouf5py65oiW5Y+M5ZCv5Yqo6K6+572u55qE5byA6ZSA44CCPC9wPjxwPjxhIGhyZWY9Imh0dHBzOi8vbGVhcm4ubWljcm9zb2Z0LmNvbS96aC1jbi93aW5kb3dzL3dzbC9pbnN0YWxsIiByZWw9Im5vb3BlbmVyIG5vcmVmZXJyZXIiIHRhcmdldD0iX2JsYW5rIiBzdHlsZT0iYmFja2dyb3VuZC1jb2xvcjogcmdiYSgwLCAwLCAwLCAwKTsgY29sb3I6IHJnYigwLCAxMDEsIDE3OSk7Ij7lronoo4UgV1NMPC9hPjwvcD48aDI+5LqG6Kej6K+m57uG5L+h5oGvPC9oMj48b2w+PGxpIGRhdGEtbGlzdD0iYnVsbGV0Ij48c3BhbiBjbGFzcz0icWwtdWkiIGNvbnRlbnRlZGl0YWJsZT0iZmFsc2UiPjwvc3Bhbj48YSBocmVmPSJodHRwczovL2xlYXJuLm1pY3Jvc29mdC5jb20vemgtY24vd2luZG93cy93c2wvYWJvdXQiIHJlbD0ibm9vcGVuZXIgbm9yZWZlcnJlciIgdGFyZ2V0PSJfYmxhbmsiIHN0eWxlPSJiYWNrZ3JvdW5kLWNvbG9yOiByZ2JhKDAsIDAsIDAsIDApOyBjb2xvcjogcmdiKDAsIDEwMSwgMTc5KTsiPuS7gOS5iOaYr+mAgueUqOS6jiBMaW51eCDnmoQgV2luZG93cyDlrZDns7vnu5/vvIhXU0zvvInvvJ88L2E+PC9saT48bGkgZGF0YS1saXN0PSJidWxsZXQiPjxzcGFuIGNsYXNzPSJxbC11aSIgY29udGVudGVkaXRhYmxlPSJmYWxzZSI+PC9zcGFuPjxhIGhyZWY9Imh0dHBzOi8vYmxvZ3Mud2luZG93cy5jb20vd2luZG93c2RldmVsb3Blci8yMDI1LzA1LzE5L3RoZS13aW5kb3dzLXN1YnN5c3RlbS1mb3ItbGludXgtaXMtbm93LW9wZW4tc291cmNlLyIgcmVsPSJub29wZW5lciBub3JlZmVycmVyIiB0YXJnZXQ9Il9ibGFuayIgc3R5bGU9ImJhY2tncm91bmQtY29sb3I6IHJnYmEoMCwgMCwgMCwgMCk7IGNvbG9yOiByZ2IoMCwgMTAxLCAxNzkpOyI+6YCC55So5LqOIExpbnV4IOeahCBXaW5kb3dzIOWtkOezu+e7n+eOsOW3suW8gOaUvua6kOS7o+eggTwvYT48L2xpPjxsaSBkYXRhLWxpc3Q9ImJ1bGxldCI+PHNwYW4gY2xhc3M9InFsLXVpIiBjb250ZW50ZWRpdGFibGU9ImZhbHNlIj48L3NwYW4+PGEgaHJlZj0iaHR0cHM6Ly9sZWFybi5taWNyb3NvZnQuY29tL3poLWNuL3dpbmRvd3Mvd3NsL2NvbXBhcmUtdmVyc2lvbnMjd2hhdHMtbmV3LWluLXdzbC0yIiByZWw9Im5vb3BlbmVyIG5vcmVmZXJyZXIiIHRhcmdldD0iX2JsYW5rIiBzdHlsZT0iYmFja2dyb3VuZC1jb2xvcjogcmdiYSgwLCAwLCAwLCAwKTsgY29sb3I6IHJnYigwLCAxMDEsIDE3OSk7Ij5XU0wgMiDnmoTmlrDlop7lip/og73mnInlk6rkupvvvJ88L2E+PC9saT48bGkg',NULL,1,'文章标题已存在，请更换标题！','2025-08-26 18:17:57',13),(302,'博客文章',1,'com.ruoyi.system.controller.BlogArticleController.add()','POST',1,'admin','研发部门','/system/article','127.0.0.1','内网IP','{\"author\":\"江屿\",\"categoryId\":1,\"commentCount\":0,\"content\":\"PHA+6YCC55So5LqOIExpbnV4IOeahCBXaW5kb3dzIOWtkOezu+e7n++8iFdTTO+8ieWFgeiuuOW8gOWPkeS6uuWRmOebtOaOpeWcqCBXaW5kb3dzIOS4iui/kOihjCBHTlUvTGludXgg546v5aKD77yI5YyF5ous5aSn5aSa5pWw5ZG95Luk6KGM5bel5YW344CB5a6e55So5bel5YW35ZKM5bqU55So56iL5bqP77yJ77yM5peg6ZyA5Lyg57uf6Jma5ouf5py65oiW5Y+M5ZCv5Yqo6K6+572u55qE5byA6ZSA44CCPC9wPjxwPjxhIGhyZWY9Imh0dHBzOi8vbGVhcm4ubWljcm9zb2Z0LmNvbS96aC1jbi93aW5kb3dzL3dzbC9pbnN0YWxsIiByZWw9Im5vb3BlbmVyIG5vcmVmZXJyZXIiIHRhcmdldD0iX2JsYW5rIiBzdHlsZT0iYmFja2dyb3VuZC1jb2xvcjogcmdiYSgwLCAwLCAwLCAwKTsgY29sb3I6IHJnYigwLCAxMDEsIDE3OSk7Ij7lronoo4UgV1NMPC9hPjwvcD48aDI+5LqG6Kej6K+m57uG5L+h5oGvPC9oMj48b2w+PGxpIGRhdGEtbGlzdD0iYnVsbGV0Ij48c3BhbiBjbGFzcz0icWwtdWkiIGNvbnRlbnRlZGl0YWJsZT0iZmFsc2UiPjwvc3Bhbj48YSBocmVmPSJodHRwczovL2xlYXJuLm1pY3Jvc29mdC5jb20vemgtY24vd2luZG93cy93c2wvYWJvdXQiIHJlbD0ibm9vcGVuZXIgbm9yZWZlcnJlciIgdGFyZ2V0PSJfYmxhbmsiIHN0eWxlPSJiYWNrZ3JvdW5kLWNvbG9yOiByZ2JhKDAsIDAsIDAsIDApOyBjb2xvcjogcmdiKDAsIDEwMSwgMTc5KTsiPuS7gOS5iOaYr+mAgueUqOS6jiBMaW51eCDnmoQgV2luZG93cyDlrZDns7vnu5/vvIhXU0zvvInvvJ88L2E+PC9saT48bGkgZGF0YS1saXN0PSJidWxsZXQiPjxzcGFuIGNsYXNzPSJxbC11aSIgY29udGVudGVkaXRhYmxlPSJmYWxzZSI+PC9zcGFuPjxhIGhyZWY9Imh0dHBzOi8vYmxvZ3Mud2luZG93cy5jb20vd2luZG93c2RldmVsb3Blci8yMDI1LzA1LzE5L3RoZS13aW5kb3dzLXN1YnN5c3RlbS1mb3ItbGludXgtaXMtbm93LW9wZW4tc291cmNlLyIgcmVsPSJub29wZW5lciBub3JlZmVycmVyIiB0YXJnZXQ9Il9ibGFuayIgc3R5bGU9ImJhY2tncm91bmQtY29sb3I6IHJnYmEoMCwgMCwgMCwgMCk7IGNvbG9yOiByZ2IoMCwgMTAxLCAxNzkpOyI+6YCC55So5LqOIExpbnV4IOeahCBXaW5kb3dzIOWtkOezu+e7n+eOsOW3suW8gOaUvua6kOS7o+eggTwvYT48L2xpPjxsaSBkYXRhLWxpc3Q9ImJ1bGxldCI+PHNwYW4gY2xhc3M9InFsLXVpIiBjb250ZW50ZWRpdGFibGU9ImZhbHNlIj48L3NwYW4+PGEgaHJlZj0iaHR0cHM6Ly9sZWFybi5taWNyb3NvZnQuY29tL3poLWNuL3dpbmRvd3Mvd3NsL2NvbXBhcmUtdmVyc2lvbnMjd2hhdHMtbmV3LWluLXdzbC0yIiByZWw9Im5vb3BlbmVyIG5vcmVmZXJyZXIiIHRhcmdldD0iX2JsYW5rIiBzdHlsZT0iYmFja2dyb3VuZC1jb2xvcjogcmdiYSgwLCAwLCAwLCAwKTsgY29sb3I6IHJnYigwLCAxMDEsIDE3OSk7Ij5XU0wgMiDnmoTmlrDlop7lip/og73mnInlk6rkupvvvJ88L2','{\"msg\":\"操作成功\",\"code\":200}',0,NULL,'2025-08-26 18:18:04',19),(303,'博客文章',1,'com.ruoyi.system.controller.BlogArticleController.add()','POST',1,'admin','研发部门','/system/article','127.0.0.1','内网IP','{\"categoryId\":1,\"commentCount\":0,\"content\":\"PHA+PHNwYW4gc3R5bGU9ImJhY2tncm91bmQtY29sb3I6IHJnYigyNTUsIDI1NSwgMjU1KTsgY29sb3I6IHJnYigyMiwgMjIsIDIyKTsiPumAgueUqOS6jiBMaW51eCDnmoQgV2luZG93cyDlrZDns7vnu5/vvIhXU0zvvInlhYHorrjlvIDlj5HkurrlkZjnm7TmjqXlnKggV2luZG93cyDkuIrov5DooYwgR05VL0xpbnV4IOeOr+Wig++8iOWMheaLrOWkp+WkmuaVsOWRveS7pOihjOW3peWFt+OAgeWunueUqOW3peWFt+WSjOW6lOeUqOeoi+W6j++8ie+8jOaXoOmcgOS8oOe7n+iZmuaLn+acuuaIluWPjOWQr+WKqOiuvue9rueahOW8gOmUgOOAgjwvc3Bhbj48L3A+PHA+PGEgaHJlZj0iaHR0cHM6Ly9sZWFybi5taWNyb3NvZnQuY29tL3poLWNuL3dpbmRvd3Mvd3NsL2luc3RhbGwiIHJlbD0ibm9vcGVuZXIgbm9yZWZlcnJlciIgdGFyZ2V0PSJfYmxhbmsiIHN0eWxlPSJiYWNrZ3JvdW5kLWNvbG9yOiByZ2JhKDAsIDAsIDAsIDApOyBjb2xvcjogcmdiKDAsIDEwMSwgMTc5KTsiPuWuieijhSBXU0w8L2E+PC9wPjxoMj48c3BhbiBzdHlsZT0iYmFja2dyb3VuZC1jb2xvcjogcmdiKDI1NSwgMjU1LCAyNTUpOyBjb2xvcjogcmdiKDIyLCAyMiwgMjIpOyI+5LqG6Kej6K+m57uG5L+h5oGvPC9zcGFuPjwvaDI+PG9sPjxsaSBkYXRhLWxpc3Q9ImJ1bGxldCI+PHNwYW4gY2xhc3M9InFsLXVpIiBjb250ZW50ZWRpdGFibGU9ImZhbHNlIj48L3NwYW4+PGEgaHJlZj0iaHR0cHM6Ly9sZWFybi5taWNyb3NvZnQuY29tL3poLWNuL3dpbmRvd3Mvd3NsL2Fib3V0IiByZWw9Im5vb3BlbmVyIG5vcmVmZXJyZXIiIHRhcmdldD0iX2JsYW5rIiBzdHlsZT0iYmFja2dyb3VuZC1jb2xvcjogcmdiYSgwLCAwLCAwLCAwKTsgY29sb3I6IHJnYigwLCAxMDEsIDE3OSk7Ij7ku4DkuYjmmK/pgILnlKjkuo4gTGludXgg55qEIFdpbmRvd3Mg5a2Q57O757uf77yIV1NM77yJ77yfPC9hPjwvbGk+PGxpIGRhdGEtbGlzdD0iYnVsbGV0Ij48c3BhbiBjbGFzcz0icWwtdWkiIGNvbnRlbnRlZGl0YWJsZT0iZmFsc2UiPjwvc3Bhbj48YSBocmVmPSJodHRwczovL2Jsb2dzLndpbmRvd3MuY29tL3dpbmRvd3NkZXZlbG9wZXIvMjAyNS8wNS8xOS90aGUtd2luZG93cy1zdWJzeXN0ZW0tZm9yLWxpbnV4LWlzLW5vdy1vcGVuLXNvdXJjZS8iIHJlbD0ibm9vcGVuZXIgbm9yZWZlcnJlciIgdGFyZ2V0PSJfYmxhbmsiIHN0eWxlPSJiYWNrZ3JvdW5kLWNvbG9yOiByZ2JhKDAsIDAsIDAsIDApOyBjb2xvcjogcmdiKDAsIDEwMSwgMTc5KTsiPumAgueUqOS6jiBMaW51eCDnmoQgV2luZG93cyDlrZDns7vnu5/njrDlt7LlvIDmlL7mupDku6PnoIE8L2E+PC9saT48bGkgZGF0YS1saXN0PSJidWxsZXQiPjxzcGFuIGNsYXNzPSJxbC11aSIgY29udGVudGVkaXRhYmxlPSJmYWxzZSI+PC9zcGFuPjxhIGhyZWY9Imh0dHBzOi8vbGVhcm4ubWljcm9zb2Z0LmNvbS96aC1jbi93aW5kb3dzL3dzbC9jb21wYXJlLXZlcnNpb25zI3doYXRzLW5ldy1p',NULL,1,'文章标题已存在，请更换标题！','2025-08-26 18:21:30',17),(304,'博客文章',1,'com.ruoyi.system.controller.BlogArticleController.add()','POST',1,'admin','研发部门','/system/article','127.0.0.1','内网IP','{\"author\":\"江屿\",\"categoryId\":1,\"commentCount\":0,\"content\":\"PHA+PHNwYW4gc3R5bGU9ImJhY2tncm91bmQtY29sb3I6IHJnYigyNTUsIDI1NSwgMjU1KTsgY29sb3I6IHJnYigyMiwgMjIsIDIyKTsiPumAgueUqOS6jiBMaW51eCDnmoQgV2luZG93cyDlrZDns7vnu5/vvIhXU0zvvInlhYHorrjlvIDlj5HkurrlkZjnm7TmjqXlnKggV2luZG93cyDkuIrov5DooYwgR05VL0xpbnV4IOeOr+Wig++8iOWMheaLrOWkp+WkmuaVsOWRveS7pOihjOW3peWFt+OAgeWunueUqOW3peWFt+WSjOW6lOeUqOeoi+W6j++8ie+8jOaXoOmcgOS8oOe7n+iZmuaLn+acuuaIluWPjOWQr+WKqOiuvue9rueahOW8gOmUgOOAgjwvc3Bhbj48L3A+PHA+PGEgaHJlZj0iaHR0cHM6Ly9sZWFybi5taWNyb3NvZnQuY29tL3poLWNuL3dpbmRvd3Mvd3NsL2luc3RhbGwiIHJlbD0ibm9vcGVuZXIgbm9yZWZlcnJlciIgdGFyZ2V0PSJfYmxhbmsiIHN0eWxlPSJiYWNrZ3JvdW5kLWNvbG9yOiByZ2JhKDAsIDAsIDAsIDApOyBjb2xvcjogcmdiKDAsIDEwMSwgMTc5KTsiPuWuieijhSBXU0w8L2E+PC9wPjxoMj48c3BhbiBzdHlsZT0iYmFja2dyb3VuZC1jb2xvcjogcmdiKDI1NSwgMjU1LCAyNTUpOyBjb2xvcjogcmdiKDIyLCAyMiwgMjIpOyI+5LqG6Kej6K+m57uG5L+h5oGvPC9zcGFuPjwvaDI+PG9sPjxsaSBkYXRhLWxpc3Q9ImJ1bGxldCI+PHNwYW4gY2xhc3M9InFsLXVpIiBjb250ZW50ZWRpdGFibGU9ImZhbHNlIj48L3NwYW4+PGEgaHJlZj0iaHR0cHM6Ly9sZWFybi5taWNyb3NvZnQuY29tL3poLWNuL3dpbmRvd3Mvd3NsL2Fib3V0IiByZWw9Im5vb3BlbmVyIG5vcmVmZXJyZXIiIHRhcmdldD0iX2JsYW5rIiBzdHlsZT0iYmFja2dyb3VuZC1jb2xvcjogcmdiYSgwLCAwLCAwLCAwKTsgY29sb3I6IHJnYigwLCAxMDEsIDE3OSk7Ij7ku4DkuYjmmK/pgILnlKjkuo4gTGludXgg55qEIFdpbmRvd3Mg5a2Q57O757uf77yIV1NM77yJ77yfPC9hPjwvbGk+PGxpIGRhdGEtbGlzdD0iYnVsbGV0Ij48c3BhbiBjbGFzcz0icWwtdWkiIGNvbnRlbnRlZGl0YWJsZT0iZmFsc2UiPjwvc3Bhbj48YSBocmVmPSJodHRwczovL2Jsb2dzLndpbmRvd3MuY29tL3dpbmRvd3NkZXZlbG9wZXIvMjAyNS8wNS8xOS90aGUtd2luZG93cy1zdWJzeXN0ZW0tZm9yLWxpbnV4LWlzLW5vdy1vcGVuLXNvdXJjZS8iIHJlbD0ibm9vcGVuZXIgbm9yZWZlcnJlciIgdGFyZ2V0PSJfYmxhbmsiIHN0eWxlPSJiYWNrZ3JvdW5kLWNvbG9yOiByZ2JhKDAsIDAsIDAsIDApOyBjb2xvcjogcmdiKDAsIDEwMSwgMTc5KTsiPumAgueUqOS6jiBMaW51eCDnmoQgV2luZG93cyDlrZDns7vnu5/njrDlt7LlvIDmlL7mupDku6PnoIE8L2E+PC9saT48bGkgZGF0YS1saXN0PSJidWxsZXQiPjxzcGFuIGNsYXNzPSJxbC11aSIgY29udGVudGVkaXRhYmxlPSJmYWxzZSI+PC9zcGFuPjxhIGhyZWY9Imh0dHBzOi8vbGVhcm4ubWljcm9zb2Z0LmNvbS96aC1jbi93aW5kb3dzL3dzbC9jb21wYXJlLXZlcnNpb25zI3','{\"msg\":\"操作成功\",\"code\":200}',0,NULL,'2025-08-26 18:21:35',24),(305,'博客文章',1,'com.ruoyi.system.controller.BlogArticleController.add()','POST',1,'admin','研发部门','/system/article','127.0.0.1','内网IP','{\"author\":\"江屿\",\"categoryId\":1,\"commentCount\":0,\"content\":\"PHA+PHNwYW4gc3R5bGU9ImJhY2tncm91bmQtY29sb3I6IHJnYigyNTUsIDI1NSwgMjU1KTsgY29sb3I6IHJnYigyMiwgMjIsIDIyKTsiPumAgueUqOS6jiBMaW51eCDnmoQgV2luZG93cyDlrZDns7vnu5/vvIhXU0zvvInlhYHorrjlvIDlj5HkurrlkZjnm7TmjqXlnKggV2luZG93cyDkuIrov5DooYwgR05VL0xpbnV4IOeOr+Wig++8iOWMheaLrOWkp+WkmuaVsOWRveS7pOihjOW3peWFt+OAgeWunueUqOW3peWFt+WSjOW6lOeUqOeoi+W6j++8ie+8jOaXoOmcgOS8oOe7n+iZmuaLn+acuuaIluWPjOWQr+WKqOiuvue9rueahOW8gOmUgOOAgjwvc3Bhbj48L3A+PHA+PGEgaHJlZj0iaHR0cHM6Ly9sZWFybi5taWNyb3NvZnQuY29tL3poLWNuL3dpbmRvd3Mvd3NsL2luc3RhbGwiIHJlbD0ibm9vcGVuZXIgbm9yZWZlcnJlciIgdGFyZ2V0PSJfYmxhbmsiIHN0eWxlPSJiYWNrZ3JvdW5kLWNvbG9yOiByZ2JhKDAsIDAsIDAsIDApOyBjb2xvcjogcmdiKDAsIDEwMSwgMTc5KTsiPuWuieijhSBXU0w8L2E+PC9wPjxoMj48c3BhbiBzdHlsZT0iYmFja2dyb3VuZC1jb2xvcjogcmdiKDI1NSwgMjU1LCAyNTUpOyBjb2xvcjogcmdiKDIyLCAyMiwgMjIpOyI+5LqG6Kej6K+m57uG5L+h5oGvPC9zcGFuPjwvaDI+PG9sPjxsaSBkYXRhLWxpc3Q9ImJ1bGxldCI+PHNwYW4gY2xhc3M9InFsLXVpIiBjb250ZW50ZWRpdGFibGU9ImZhbHNlIj48L3NwYW4+PGEgaHJlZj0iaHR0cHM6Ly9sZWFybi5taWNyb3NvZnQuY29tL3poLWNuL3dpbmRvd3Mvd3NsL2Fib3V0IiByZWw9Im5vb3BlbmVyIG5vcmVmZXJyZXIiIHRhcmdldD0iX2JsYW5rIiBzdHlsZT0iYmFja2dyb3VuZC1jb2xvcjogcmdiYSgwLCAwLCAwLCAwKTsgY29sb3I6IHJnYigwLCAxMDEsIDE3OSk7Ij7ku4DkuYjmmK/pgILnlKjkuo4gTGludXgg55qEIFdpbmRvd3Mg5a2Q57O757uf77yIV1NM77yJ77yfPC9hPjwvbGk+PGxpIGRhdGEtbGlzdD0iYnVsbGV0Ij48c3BhbiBjbGFzcz0icWwtdWkiIGNvbnRlbnRlZGl0YWJsZT0iZmFsc2UiPjwvc3Bhbj48YSBocmVmPSJodHRwczovL2Jsb2dzLndpbmRvd3MuY29tL3dpbmRvd3NkZXZlbG9wZXIvMjAyNS8wNS8xOS90aGUtd2luZG93cy1zdWJzeXN0ZW0tZm9yLWxpbnV4LWlzLW5vdy1vcGVuLXNvdXJjZS8iIHJlbD0ibm9vcGVuZXIgbm9yZWZlcnJlciIgdGFyZ2V0PSJfYmxhbmsiIHN0eWxlPSJiYWNrZ3JvdW5kLWNvbG9yOiByZ2JhKDAsIDAsIDAsIDApOyBjb2xvcjogcmdiKDAsIDEwMSwgMTc5KTsiPumAgueUqOS6jiBMaW51eCDnmoQgV2luZG93cyDlrZDns7vnu5/njrDlt7LlvIDmlL7mupDku6PnoIE8L2E+PC9saT48bGkgZGF0YS1saXN0PSJidWxsZXQiPjxzcGFuIGNsYXNzPSJxbC11aSIgY29udGVudGVkaXRhYmxlPSJmYWxzZSI+PC9zcGFuPjxhIGhyZWY9Imh0dHBzOi8vbGVhcm4ubWljcm9zb2Z0LmNvbS96aC1jbi93aW5kb3dzL3dzbC9jb21wYXJlLXZlcnNpb25zI3','{\"msg\":\"操作成功\",\"code\":200}',0,NULL,'2025-08-26 18:26:46',86),(306,'博客文章',1,'com.ruoyi.system.controller.BlogArticleController.add()','POST',1,'admin','研发部门','/system/article','127.0.0.1','内网IP','{\"author\":\"江屿\",\"categoryId\":1,\"commentCount\":0,\"content\":\"PHA+PHNwYW4gc3R5bGU9ImNvbG9yOiByZ2IoMjIsIDIyLCAyMik7Ij7pgILnlKjkuo4gTGludXgg55qEIFdpbmRvd3Mg5a2Q57O757uf77yIV1NM77yJ5YWB6K645byA5Y+R5Lq65ZGY55u05o6l5ZyoIFdpbmRvd3Mg5LiK6L+Q6KGMIEdOVS9MaW51eCDnjq/looPvvIjljIXmi6zlpKflpJrmlbDlkb3ku6TooYzlt6XlhbfjgIHlrp7nlKjlt6XlhbflkozlupTnlKjnqIvluo/vvInvvIzml6DpnIDkvKDnu5/omZrmi5/mnLrmiJblj4zlkK/liqjorr7nva7nmoTlvIDplIDjgII8L3NwYW4+PC9wPjxwPjxhIGhyZWY9Imh0dHBzOi8vbGVhcm4ubWljcm9zb2Z0LmNvbS96aC1jbi93aW5kb3dzL3dzbC9pbnN0YWxsIiByZWw9Im5vb3BlbmVyIG5vcmVmZXJyZXIiIHRhcmdldD0iX2JsYW5rIiBzdHlsZT0iYmFja2dyb3VuZC1jb2xvcjogcmdiYSgwLCAwLCAwLCAwKTsgY29sb3I6IHJnYigwLCAxMDEsIDE3OSk7Ij7lronoo4UgV1NMPC9hPjwvcD48aDI+PHNwYW4gc3R5bGU9ImNvbG9yOiByZ2IoMjIsIDIyLCAyMik7Ij7kuobop6Por6bnu4bkv6Hmga88L3NwYW4+PC9oMj48b2w+PGxpIGRhdGEtbGlzdD0iYnVsbGV0Ij48c3BhbiBjbGFzcz0icWwtdWkiIGNvbnRlbnRlZGl0YWJsZT0iZmFsc2UiPjwvc3Bhbj48YSBocmVmPSJodHRwczovL2xlYXJuLm1pY3Jvc29mdC5jb20vemgtY24vd2luZG93cy93c2wvYWJvdXQiIHJlbD0ibm9vcGVuZXIgbm9yZWZlcnJlciIgdGFyZ2V0PSJfYmxhbmsiIHN0eWxlPSJiYWNrZ3JvdW5kLWNvbG9yOiByZ2JhKDAsIDAsIDAsIDApOyBjb2xvcjogcmdiKDAsIDEwMSwgMTc5KTsiPuS7gOS5iOaYr+mAgueUqOS6jiBMaW51eCDnmoQgV2luZG93cyDlrZDns7vnu5/vvIhXU0zvvInvvJ88L2E+PC9saT48bGkgZGF0YS1saXN0PSJidWxsZXQiPjxzcGFuIGNsYXNzPSJxbC11aSIgY29udGVudGVkaXRhYmxlPSJmYWxzZSI+PC9zcGFuPjxhIGhyZWY9Imh0dHBzOi8vYmxvZ3Mud2luZG93cy5jb20vd2luZG93c2RldmVsb3Blci8yMDI1LzA1LzE5L3RoZS13aW5kb3dzLXN1YnN5c3RlbS1mb3ItbGludXgtaXMtbm93LW9wZW4tc291cmNlLyIgcmVsPSJub29wZW5lciBub3JlZmVycmVyIiB0YXJnZXQ9Il9ibGFuayIgc3R5bGU9ImJhY2tncm91bmQtY29sb3I6IHJnYmEoMCwgMCwgMCwgMCk7IGNvbG9yOiByZ2IoMCwgMTAxLCAxNzkpOyI+6YCC55So5LqOIExpbnV4IOeahCBXaW5kb3dzIOWtkOezu+e7n+eOsOW3suW8gOaUvua6kOS7o+eggTwvYT48L2xpPjxsaSBkYXRhLWxpc3Q9ImJ1bGxldCI+PHNwYW4gY2xhc3M9InFsLXVpIiBjb250ZW50ZWRpdGFibGU9ImZhbHNlIj48L3NwYW4+PGEgaHJlZj0iaHR0cHM6Ly9sZWFybi5taWNyb3NvZnQuY29tL3poLWNuL3dpbmRvd3Mvd3NsL2NvbXBhcmUtdmVyc2lvbnMjd2hhdHMtbmV3LWluLXdzbC0yIiByZWw9Im5vb3BlbmVyIG5vcmVmZXJyZXIiIHRhcmdldD0iX2JsYW5rIiBzdHlsZT0iYmFja2dyb3','{\"msg\":\"操作成功\",\"code\":200}',0,NULL,'2025-08-26 18:30:06',94),(307,'博客文章',1,'com.ruoyi.system.controller.BlogArticleController.add()','POST',1,'admin','研发部门','/system/article','127.0.0.1','内网IP','{\"author\":\"江屿\",\"categoryId\":1,\"commentCount\":0,\"content\":\"PHA+PHNwYW4gc3R5bGU9ImNvbG9yOiByZ2IoMjIsIDIyLCAyMik7Ij7pgILnlKjkuo4gTGludXgg55qEIFdpbmRvd3Mg5a2Q57O757uf77yIV1NM77yJ5YWB6K645byA5Y+R5Lq65ZGY55u05o6l5ZyoIFdpbmRvd3Mg5LiK6L+Q6KGMIEdOVS9MaW51eCDnjq/looPvvIjljIXmi6zlpKflpJrmlbDlkb3ku6TooYzlt6XlhbfjgIHlrp7nlKjlt6XlhbflkozlupTnlKjnqIvluo/vvInvvIzml6DpnIDkvKDnu5/omZrmi5/mnLrmiJblj4zlkK/liqjorr7nva7nmoTlvIDplIDjgII8L3NwYW4+PC9wPjxwPjxhIGhyZWY9Imh0dHBzOi8vbGVhcm4ubWljcm9zb2Z0LmNvbS96aC1jbi93aW5kb3dzL3dzbC9pbnN0YWxsIiByZWw9Im5vb3BlbmVyIG5vcmVmZXJyZXIiIHRhcmdldD0iX2JsYW5rIiBzdHlsZT0iYmFja2dyb3VuZC1jb2xvcjogcmdiYSgwLCAwLCAwLCAwKTsgY29sb3I6IHJnYigwLCAxMDEsIDE3OSk7Ij7lronoo4UgV1NMPC9hPjwvcD48aDI+PHNwYW4gc3R5bGU9ImNvbG9yOiByZ2IoMjIsIDIyLCAyMik7Ij7kuobop6Por6bnu4bkv6Hmga88L3NwYW4+PC9oMj48b2w+PGxpIGRhdGEtbGlzdD0iYnVsbGV0Ij48c3BhbiBjbGFzcz0icWwtdWkiIGNvbnRlbnRlZGl0YWJsZT0iZmFsc2UiPjwvc3Bhbj48YSBocmVmPSJodHRwczovL2xlYXJuLm1pY3Jvc29mdC5jb20vemgtY24vd2luZG93cy93c2wvYWJvdXQiIHJlbD0ibm9vcGVuZXIgbm9yZWZlcnJlciIgdGFyZ2V0PSJfYmxhbmsiIHN0eWxlPSJiYWNrZ3JvdW5kLWNvbG9yOiByZ2JhKDAsIDAsIDAsIDApOyBjb2xvcjogcmdiKDAsIDEwMSwgMTc5KTsiPuS7gOS5iOaYr+mAgueUqOS6jiBMaW51eCDnmoQgV2luZG93cyDlrZDns7vnu5/vvIhXU0zvvInvvJ88L2E+PC9saT48bGkgZGF0YS1saXN0PSJidWxsZXQiPjxzcGFuIGNsYXNzPSJxbC11aSIgY29udGVudGVkaXRhYmxlPSJmYWxzZSI+PC9zcGFuPjxhIGhyZWY9Imh0dHBzOi8vYmxvZ3Mud2luZG93cy5jb20vd2luZG93c2RldmVsb3Blci8yMDI1LzA1LzE5L3RoZS13aW5kb3dzLXN1YnN5c3RlbS1mb3ItbGludXgtaXMtbm93LW9wZW4tc291cmNlLyIgcmVsPSJub29wZW5lciBub3JlZmVycmVyIiB0YXJnZXQ9Il9ibGFuayIgc3R5bGU9ImJhY2tncm91bmQtY29sb3I6IHJnYmEoMCwgMCwgMCwgMCk7IGNvbG9yOiByZ2IoMCwgMTAxLCAxNzkpOyI+6YCC55So5LqOIExpbnV4IOeahCBXaW5kb3dzIOWtkOezu+e7n+eOsOW3suW8gOaUvua6kOS7o+eggTwvYT48L2xpPjxsaSBkYXRhLWxpc3Q9ImJ1bGxldCI+PHNwYW4gY2xhc3M9InFsLXVpIiBjb250ZW50ZWRpdGFibGU9ImZhbHNlIj48L3NwYW4+PGEgaHJlZj0iaHR0cHM6Ly9sZWFybi5taWNyb3NvZnQuY29tL3poLWNuL3dpbmRvd3Mvd3NsL2NvbXBhcmUtdmVyc2lvbnMjd2hhdHMtbmV3LWluLXdzbC0yIiByZWw9Im5vb3BlbmVyIG5vcmVmZXJyZXIiIHRhcmdldD0iX2JsYW5rIiBzdHlsZT0iYmFja2dyb3','{\"msg\":\"操作成功\",\"code\":200}',0,NULL,'2025-08-26 18:32:49',79),(308,'博客文章',3,'com.ruoyi.system.controller.BlogArticleController.remove()','DELETE',1,'admin','研发部门','/system/article/42','127.0.0.1','内网IP','[42]','{\"msg\":\"操作成功\",\"code\":200}',0,NULL,'2025-08-26 18:36:16',8),(309,'博客文章',3,'com.ruoyi.system.controller.BlogArticleController.remove()','DELETE',1,'admin','研发部门','/system/article/43','127.0.0.1','内网IP','[43]','{\"msg\":\"操作成功\",\"code\":200}',0,NULL,'2025-08-26 18:36:20',5),(310,'博客文章',3,'com.ruoyi.system.controller.BlogArticleController.remove()','DELETE',1,'admin','研发部门','/system/article/44','127.0.0.1','内网IP','[44]','{\"msg\":\"操作成功\",\"code\":200}',0,NULL,'2025-08-26 18:36:22',4),(311,'博客文章',3,'com.ruoyi.system.controller.BlogArticleController.remove()','DELETE',1,'admin','研发部门','/system/article/45','127.0.0.1','内网IP','[45]','{\"msg\":\"操作成功\",\"code\":200}',0,NULL,'2025-08-26 18:36:24',6),(312,'博客文章',1,'com.ruoyi.system.controller.BlogArticleController.add()','POST',1,'admin','研发部门','/system/article','127.0.0.1','内网IP','{\"author\":\"江屿\",\"categoryId\":2,\"commentCount\":0,\"content\":\"PHA+PHNwYW4gc3R5bGU9ImNvbG9yOiByZ2IoMjIsIDIyLCAyMik7Ij7pgILnlKjkuo4gTGludXgg55qEIFdpbmRvd3Mg5a2Q57O757uf77yIV1NM77yJ5YWB6K645byA5Y+R5Lq65ZGY55u05o6l5ZyoIFdpbmRvd3Mg5LiK6L+Q6KGMIEdOVS9MaW51eCDnjq/looPvvIjljIXmi6zlpKflpJrmlbDlkb3ku6TooYzlt6XlhbfjgIHlrp7nlKjlt6XlhbflkozlupTnlKjnqIvluo/vvInvvIzml6DpnIDkvKDnu5/omZrmi5/mnLrmiJblj4zlkK/liqjorr7nva7nmoTlvIDplIDjgII8L3NwYW4+PC9wPjxwPjxhIGhyZWY9Imh0dHBzOi8vbGVhcm4ubWljcm9zb2Z0LmNvbS96aC1jbi93aW5kb3dzL3dzbC9pbnN0YWxsIiByZWw9Im5vb3BlbmVyIG5vcmVmZXJyZXIiIHRhcmdldD0iX2JsYW5rIiBzdHlsZT0iYmFja2dyb3VuZC1jb2xvcjogcmdiYSgwLCAwLCAwLCAwKTsgY29sb3I6IHJnYigwLCAxMDEsIDE3OSk7Ij7lronoo4UgV1NMPC9hPjwvcD48aDI+PHNwYW4gc3R5bGU9ImNvbG9yOiByZ2IoMjIsIDIyLCAyMik7Ij7kuobop6Por6bnu4bkv6Hmga88L3NwYW4+PC9oMj48b2w+PGxpIGRhdGEtbGlzdD0iYnVsbGV0Ij48c3BhbiBjbGFzcz0icWwtdWkiIGNvbnRlbnRlZGl0YWJsZT0iZmFsc2UiPjwvc3Bhbj48YSBocmVmPSJodHRwczovL2xlYXJuLm1pY3Jvc29mdC5jb20vemgtY24vd2luZG93cy93c2wvYWJvdXQiIHJlbD0ibm9vcGVuZXIgbm9yZWZlcnJlciIgdGFyZ2V0PSJfYmxhbmsiIHN0eWxlPSJiYWNrZ3JvdW5kLWNvbG9yOiByZ2JhKDAsIDAsIDAsIDApOyBjb2xvcjogcmdiKDAsIDEwMSwgMTc5KTsiPuS7gOS5iOaYr+mAgueUqOS6jiBMaW51eCDnmoQgV2luZG93cyDlrZDns7vnu5/vvIhXU0zvvInvvJ88L2E+PC9saT48bGkgZGF0YS1saXN0PSJidWxsZXQiPjxzcGFuIGNsYXNzPSJxbC11aSIgY29udGVudGVkaXRhYmxlPSJmYWxzZSI+PC9zcGFuPjxhIGhyZWY9Imh0dHBzOi8vYmxvZ3Mud2luZG93cy5jb20vd2luZG93c2RldmVsb3Blci8yMDI1LzA1LzE5L3RoZS13aW5kb3dzLXN1YnN5c3RlbS1mb3ItbGludXgtaXMtbm93LW9wZW4tc291cmNlLyIgcmVsPSJub29wZW5lciBub3JlZmVycmVyIiB0YXJnZXQ9Il9ibGFuayIgc3R5bGU9ImJhY2tncm91bmQtY29sb3I6IHJnYmEoMCwgMCwgMCwgMCk7IGNvbG9yOiByZ2IoMCwgMTAxLCAxNzkpOyI+6YCC55So5LqOIExpbnV4IOeahCBXaW5kb3dzIOWtkOezu+e7n+eOsOW3suW8gOaUvua6kOS7o+eggTwvYT48L2xpPjxsaSBkYXRhLWxpc3Q9ImJ1bGxldCI+PHNwYW4gY2xhc3M9InFsLXVpIiBjb250ZW50ZWRpdGFibGU9ImZhbHNlIj48L3NwYW4+PGEgaHJlZj0iaHR0cHM6Ly9sZWFybi5taWNyb3NvZnQuY29tL3poLWNuL3dpbmRvd3Mvd3NsL2NvbXBhcmUtdmVyc2lvbnMjd2hhdHMtbmV3LWluLXdzbC0yIiByZWw9Im5vb3BlbmVyIG5vcmVmZXJyZXIiIHRhcmdldD0iX2JsYW5rIiBzdHlsZT0iYmFja2dyb3','{\"msg\":\"操作成功\",\"code\":200}',0,NULL,'2025-08-26 18:36:39',14),(313,'博客文章',1,'com.ruoyi.system.controller.BlogArticleController.add()','POST',1,'admin','研发部门','/system/article','127.0.0.1','内网IP','{\"author\":\"江屿\",\"categoryId\":1,\"commentCount\":0,\"content\":\"PHA+PHNwYW4gc3R5bGU9ImNvbG9yOiByZ2IoMjIsIDIyLCAyMik7Ij7pgILnlKjkuo4gTGludXgg55qEIFdpbmRvd3Mg5a2Q57O757uf77yIV1NM77yJ5YWB6K645byA5Y+R5Lq65ZGY55u05o6l5ZyoIFdpbmRvd3Mg5LiK6L+Q6KGMIEdOVS9MaW51eCDnjq/looPvvIjljIXmi6zlpKflpJrmlbDlkb3ku6TooYzlt6XlhbfjgIHlrp7nlKjlt6XlhbflkozlupTnlKjnqIvluo/vvInvvIzml6DpnIDkvKDnu5/omZrmi5/mnLrmiJblj4zlkK/liqjorr7nva7nmoTlvIDplIDjgII8L3NwYW4+PC9wPjxwPjxhIGhyZWY9Imh0dHBzOi8vbGVhcm4ubWljcm9zb2Z0LmNvbS96aC1jbi93aW5kb3dzL3dzbC9pbnN0YWxsIiByZWw9Im5vb3BlbmVyIG5vcmVmZXJyZXIiIHRhcmdldD0iX2JsYW5rIiBzdHlsZT0iYmFja2dyb3VuZC1jb2xvcjogcmdiYSgwLCAwLCAwLCAwKTsgY29sb3I6IHJnYigwLCAxMDEsIDE3OSk7Ij7lronoo4UgV1NMPC9hPjwvcD48aDI+PHNwYW4gc3R5bGU9ImNvbG9yOiByZ2IoMjIsIDIyLCAyMik7Ij7kuobop6Por6bnu4bkv6Hmga88L3NwYW4+PC9oMj48b2w+PGxpIGRhdGEtbGlzdD0iYnVsbGV0Ij48c3BhbiBjbGFzcz0icWwtdWkiIGNvbnRlbnRlZGl0YWJsZT0iZmFsc2UiPjwvc3Bhbj48YSBocmVmPSJodHRwczovL2xlYXJuLm1pY3Jvc29mdC5jb20vemgtY24vd2luZG93cy93c2wvYWJvdXQiIHJlbD0ibm9vcGVuZXIgbm9yZWZlcnJlciIgdGFyZ2V0PSJfYmxhbmsiIHN0eWxlPSJiYWNrZ3JvdW5kLWNvbG9yOiByZ2JhKDAsIDAsIDAsIDApOyBjb2xvcjogcmdiKDAsIDEwMSwgMTc5KTsiPuS7gOS5iOaYr+mAgueUqOS6jiBMaW51eCDnmoQgV2luZG93cyDlrZDns7vnu5/vvIhXU0zvvInvvJ88L2E+PC9saT48bGkgZGF0YS1saXN0PSJidWxsZXQiPjxzcGFuIGNsYXNzPSJxbC11aSIgY29udGVudGVkaXRhYmxlPSJmYWxzZSI+PC9zcGFuPjxhIGhyZWY9Imh0dHBzOi8vYmxvZ3Mud2luZG93cy5jb20vd2luZG93c2RldmVsb3Blci8yMDI1LzA1LzE5L3RoZS13aW5kb3dzLXN1YnN5c3RlbS1mb3ItbGludXgtaXMtbm93LW9wZW4tc291cmNlLyIgcmVsPSJub29wZW5lciBub3JlZmVycmVyIiB0YXJnZXQ9Il9ibGFuayIgc3R5bGU9ImJhY2tncm91bmQtY29sb3I6IHJnYmEoMCwgMCwgMCwgMCk7IGNvbG9yOiByZ2IoMCwgMTAxLCAxNzkpOyI+6YCC55So5LqOIExpbnV4IOeahCBXaW5kb3dzIOWtkOezu+e7n+eOsOW3suW8gOaUvua6kOS7o+eggTwvYT48L2xpPjxsaSBkYXRhLWxpc3Q9ImJ1bGxldCI+PHNwYW4gY2xhc3M9InFsLXVpIiBjb250ZW50ZWRpdGFibGU9ImZhbHNlIj48L3NwYW4+PGEgaHJlZj0iaHR0cHM6Ly9sZWFybi5taWNyb3NvZnQuY29tL3poLWNuL3dpbmRvd3Mvd3NsL2NvbXBhcmUtdmVyc2lvbnMjd2hhdHMtbmV3LWluLXdzbC0yIiByZWw9Im5vb3BlbmVyIG5vcmVmZXJyZXIiIHRhcmdldD0iX2JsYW5rIiBzdHlsZT0iYmFja2dyb3','{\"msg\":\"操作成功\",\"code\":200}',0,NULL,'2025-08-26 18:53:35',87),(314,'博客文章',2,'com.ruoyi.system.controller.BlogArticleController.edit()','PUT',1,'admin','研发部门','/system/article','127.0.0.1','内网IP','{\"author\":\"江屿\",\"categoryId\":1,\"commentCount\":0,\"content\":\"PHA+UEhBK1BITndZVzRnYzNSNWJHVTlJbU52Ykc5eU9pQnlaMklvTWpJc0lESXlMQ0F5TWlrN0lqN3BnSUxubEtqa3VvNGdUR2x1ZFhnZzU1cUVJRmRwYm1SdmQzTWc1YTJRNTdPNzU3dWY3N3lJVjFOTTc3eUo1WVdCNks2NDVieUE1WStSNUxxNjVaR1k1NXUwNW82bDVaeW9JRmRwYm1SdmQzTWc1TGlLNkwrUTZLR01JRWRPVlM5TWFXNTFlQ0RuanEvbG9vUHZ2SWpsaklYbWk2emxwS2ZscEpybWxiRGxrYjNrdTZUb29Zemx0NlhsaGJmamdJSGxycDdubEtqbHQ2WGxoYmZsa296bHVwVG5sS2pucUl2bHVvL3Z2SW52dkl6bWw2RHBuSURrdktEbnU1L29tWnJtaTUvbW5Mcm1pSmJsajR6bGtLL2xpcWpvcnI3bnZhN25tb1RsdklEcGxJRGpnSUk4TDNOd1lXNCtQQzl3UGp4d1BqeGhJR2h5WldZOUltaDBkSEJ6T2k4dmJHVmhjbTR1YldsamNtOXpiMlowTG1OdmJTOTZhQzFqYmk5M2FXNWtiM2R6TDNkemJDOXBibk4wWVd4c0lpQnlaV3c5SW01dmIzQmxibVZ5SUc1dmNtVm1aWEp5WlhJaUlIUmhjbWRsZEQwaVgySnNZVzVySWlCemRIbHNaVDBpWW1GamEyZHliM1Z1WkMxamIyeHZjam9nY21kaVlTZ3dMQ0F3TENBd0xDQXdLVHNnWTI5c2IzSTZJSEpuWWlnd0xDQXhNREVzSURFM09TazdJajdscm9ub280VWdWMU5NUEM5aFBqd3ZjRDQ4YURJK1BITndZVzRnYzNSNWJHVTlJbU52Ykc5eU9pQnlaMklvTWpJc0lESXlMQ0F5TWlrN0lqN2t1b2JvcDZQb3I2Ym51NGJrdjZIbWdhODhMM053WVc0K1BDOW9NajQ4YjJ3K1BHeHBJR1JoZEdFdGJHbHpkRDBpWW5Wc2JHVjBJajQ4YzNCaGJpQmpiR0Z6Y3owaWNXd3RkV2tpSUdOdmJuUmxiblJsWkdsMFlXSnNaVDBpWm1Gc2MyVWlQand2YzNCaGJqNDhZU0JvY21WbVBTSm9kSFJ3Y3pvdkwyeGxZWEp1TG0xcFkzSnZjMjltZEM1amIyMHZlbWd0WTI0dmQybHVaRzkzY3k5M2Myd3ZZV0p2ZFhRaUlISmxiRDBpYm05dmNHVnVaWElnYm05eVpXWmxjbkpsY2lJZ2RHRnlaMlYwUFNKZllteGhibXNpSUhOMGVXeGxQU0ppWVdOclozSnZkVzVrTFdOdmJHOXlPaUJ5WjJKaEtEQXNJREFzSURBc0lEQXBPeUJqYjJ4dmNqb2djbWRpS0RBc0lERXdNU3dnTVRjNUtUc2lQdVM3Z09TNWlPYVlyK21BZ3VlVXFPUzZqaUJNYVc1MWVDRG5tb1FnVjJsdVpHOTNjeURsclpEbnM3dm51NS92dkloWFUwenZ2SW52dko4OEwyRStQQzlzYVQ0OGJHa2daR0YwWVMxc2FYTjBQU0ppZFd4c1pYUWlQanh6Y0dGdUlHTnNZWE56UFNKeGJDMTFhU0lnWTI5dWRHVnVkR1ZrYVhSaFlteGxQU0ptWVd4elpTSStQQzl6Y0dGdVBqeGhJR2h5WldZOUltaDBkSEJ6T2k4dllteHZaM011ZDJsdVpHOTNjeTVqYjIwdmQybHVaRzkzYzJSbGRtVnNiM0JsY2k4eU1ESTFMekExTHpFNUwzUm9aUzEzYVc1a2IzZHpMWE4xWW5ONWMzUmxiUzFtYjNJdGJHbHVkWGd0YVhNdGJtOTNMVzl3Wlc0dGMyOTFjbU5sTHlJZ2NtVnNQU0p1YjI5d1pXNWxjaUJ1YjNKbFptVnljbVZ5SWlCMFlYSm5aWFE5SW','{\"msg\":\"操作成功\",\"code\":200}',0,NULL,'2025-08-26 18:53:43',16),(315,'博客文章',1,'com.ruoyi.system.controller.BlogArticleController.add()','POST',1,'admin','研发部门','/system/article','127.0.0.1','内网IP','{\"author\":\"江屿\",\"categoryId\":1,\"commentCount\":0,\"content\":\"PHA+6Ii45ZCM5LusPC9wPg==\",\"createTime\":\"2025-08-26 19:01:14\",\"id\":50,\"isRecommend\":0,\"isTop\":0,\"likeCount\":0,\"params\":{},\"status\":0,\"title\":\"56ea5qkf\",\"viewCount\":0}','{\"msg\":\"操作成功\",\"code\":200}',0,NULL,'2025-08-26 19:01:14',79),(316,'博客文章',3,'com.ruoyi.system.controller.BlogArticleController.remove()','DELETE',1,'admin','研发部门','/system/article/50','127.0.0.1','内网IP','[50]','{\"msg\":\"操作成功\",\"code\":200}',0,NULL,'2025-08-26 19:06:00',27),(317,'博客文章',2,'com.ruoyi.system.controller.BlogArticleController.edit()','PUT',1,'admin','研发部门','/system/article','127.0.0.1','内网IP','{\"author\":\"江屿\",\"content\":\"vivo和OPPO紧随其后，排在第4位的是小米\",\"coverUrl\":\"/profile/upload/2025/08/13/baoti_20250813155849A001.jpg\",\"createTime\":\"2025-07-18 23:03:44\",\"id\":25,\"params\":{},\"status\":1,\"title\":\"vivo和oppo紧随其后，4位的是小米\",\"updateTime\":\"2025-08-28 15:56:43\"}','{\"msg\":\"操作成功\",\"code\":200}',0,NULL,'2025-08-28 15:56:43',27),(318,'博客文章',2,'com.ruoyi.system.controller.BlogArticleController.edit()','PUT',1,'admin','研发部门','/system/article','127.0.0.1','内网IP','{\"author\":\"江屿\",\"categoryId\":1,\"commentCount\":0,\"content\":\"发布文章的时候提示：JSON parse error: Unexpected character (\'t\' (code 116)): was expecting comma to separate Object entries; nested exception is com.fasterxml.jackson.core.JsonParseException: Unexpected character (\'t\' (code 116)): was expecting comma to separate Object entries at [Source: (org.springframework.util.StreamUtils$NonClosingInputStream); line: 1, column: 769]\",\"createTime\":\"2025-08-26 18:53:36\",\"id\":49,\"isRecommend\":0,\"isTop\":0,\"likeCount\":0,\"params\":{},\"status\":0,\"title\":\"陕西广电网络“秦岭云”平台实现deepseek本地化部署\",\"updateTime\":\"2025-08-28 16:37:49\",\"viewCount\":0}','{\"msg\":\"操作成功\",\"code\":200}',0,NULL,'2025-08-28 16:37:49',18),(319,'文章分类',1,'com.ruoyi.system.controller.BlogCategoryController.add()','POST',1,'admin','研发部门','/system/category','127.0.0.1','内网IP','{\"createTime\":\"2025-09-09 14:04:06\",\"id\":4,\"name\":\"科技\",\"params\":{},\"sort\":0}','{\"msg\":\"操作成功\",\"code\":200}',0,NULL,'2025-09-09 14:04:06',10),(320,'博客文章',2,'com.ruoyi.system.controller.BlogArticleController.edit()','PUT',1,'admin','研发部门','/system/article','127.0.0.1','内网IP','{\"author\":\"江屿\",\"categoryId\":4,\"content\":\"现在有越来越多的开源模型，可以让你在自己的电脑或服务器上运行。使用本地模型有许多优势：完全离线运行，保护隐私数据安全无需支付在线 API 费用完全离线，服务稳定，无网络延迟可以自由调整和定制模型参数Chatbox 可以很好地连接到 Ollama 服务，让你在使用本地模型时可以获取 Chatbox 提供的更多强大功能，比如 Artifact Preview、文件解析、会话话题管理、Prompt 管理等。（注意：运行本地模型对你的电脑配置有一定要求，包括内存、GPU 等。如果出现卡顿，请尝试降低模型参数。）\",\"coverUrl\":\"/profile/upload/2025/08/14/fst_20250814161950A001.jpg\",\"createTime\":\"2025-07-24 10:52:06\",\"id\":30,\"params\":{},\"status\":1,\"title\":\"如何将 chatbox 连接到远程 ollama 服务：逐步指南\",\"updateTime\":\"2025-09-09 14:04:16\"}','{\"msg\":\"操作成功\",\"code\":200}',0,NULL,'2025-09-09 14:04:16',18),(321,'博客文章',1,'com.ruoyi.system.controller.BlogArticleController.add()','POST',1,'admin','研发部门','/system/article','127.0.0.1','内网IP','{\"author\":\"江屿\",\"categoryId\":4,\"content\":\"PHA+PHNwYW4gc3R5bGU9ImJhY2tncm91bmQtY29sb3I6IHJnYigyNTUsIDI1NSwgMjU1KTsgY29sb3I6IHJnYig1MSwgNTEsIDUxKTsiPuW/q+enkeaKgDnmnIg35pel5raI5oGv77yM5LuK5pel77yMPC9zcGFuPjxzdHJvbmcgc3R5bGU9ImJhY2tncm91bmQtY29sb3I6IHJnYigyNTUsIDI1NSwgMjU1KTsgY29sb3I6IHJnYigyNTUsIDAsIDApOyI+6K+N5p2hI+i/mTPnp43kuoznu7TnoIHkuI3og73miasj55m75LiK5b6u5Y2a54Ot5pCc77yM5byV6LW3572R5Y+L54Ot6K6u44CCPC9zdHJvbmc+PC9wPjxwPjxzcGFuIHN0eWxlPSJiYWNrZ3JvdW5kLWNvbG9yOiByZ2IoMjU1LCAyNTUsIDI1NSk7IGNvbG9yOiByZ2IoNTEsIDUxLCA1MSk7Ij7moLnmja7kurrmsJHnvZHop4bpopHvvIwz56eN6Ie05ZG95LqM57u056CB5omr5LiA5qyh5Y+v6IO95a625bqV5bCx5rKh5LqG44CCPC9zcGFuPjwvcD48cCBjbGFzcz0icWwtYWxpZ24tY2VudGVyIj48dSBzdHlsZT0iYmFja2dyb3VuZC1jb2xvcjogcmdiKDI1NSwgMjU1LCAyNTUpOyBjb2xvcjogcmdiKDAsIDE1MywgMjU1KTsiPjxhIGhyZWY9Imh0dHBzOi8vaW1nMS5teWRyaXZlcnMuY29tL2ltZy8yMDI1MDkwNy82YTY1NzM2MGE5MmY0MjgxYWJjMjMwODUwNjRjYTQzNi5wbmciIHJlbD0ibm9vcGVuZXIgbm9yZWZlcnJlciIgdGFyZ2V0PSJfYmxhbmsiPjxpbWcgc3JjPSJodHRwczovL2ltZzEubXlkcml2ZXJzLmNvbS9pbWcvMjAyNTA5MDcvc182YTY1NzM2MGE5MmY0MjgxYWJjMjMwODUwNjRjYTQzNi5wbmciIGFsdD0i6L+ZM+enjeS6jOe7tOeggeS4jeiDveaJqyDmiavkuIDmrKHlj6/og73lrrblupXlsLHmsqHkuoYiPjwvYT48L3U+PC9wPjxwIGNsYXNzPSJxbC1hbGlnbi1jZW50ZXIiPjx1IHN0eWxlPSJiYWNrZ3JvdW5kLWNvbG9yOiByZ2IoMjU1LCAyNTUsIDI1NSk7IGNvbG9yOiByZ2IoMCwgMTUzLCAyNTUpOyI+PGEgaHJlZj0iaHR0cHM6Ly9pbWcxLm15ZHJpdmVycy5jb20vaW1nLzIwMjUwOTA3LzI1M2ViOGM2NTg2NDQ0OGE5ZGVmNGZkMTgyM2U0YTZlLnBuZyIgcmVsPSJub29wZW5lciBub3JlZmVycmVyIiB0YXJnZXQ9Il9ibGFuayI+PGltZyBzcmM9Imh0dHBzOi8vaW1nMS5teWRyaXZlcnMuY29tL2ltZy8yMDI1MDkwNy9zXzI1M2ViOGM2NTg2NDQ0OGE5ZGVmNGZkMTgyM2U0YTZlLnBuZyIgYWx0PSLov5kz56eN5LqM57u056CB5LiN6IO95omrIOaJq+S4gOasoeWPr+iDveWutuW6leWwseayoeS6hiI+PC9hPjwvdT48L3A+PHA+PHN0cm9uZyBzdHlsZT0iYmFja2dyb3VuZC1jb2xvcjogcmdiKDI1NSwgMjU1LCAyNTUpOyBjb2xvcjogcmdiKDUxLCA1MSwgNTEpOyI+56ys5LiA56eN5piv5YWN6LS56aKG5Y+W56S85ZOB55qE5LqM57u056CB5LiN6IO95omr77yMPC9zdHJvbmc+PHNwYW4gc3R5bGU9ImJhY2tncm91bmQtY29sb3I6IHJnYigyNTUsIDI1NSwgMjU1KTsgY29sb3I6IHJnYig1MSwgNTEsIDUxKTsiPuWkp+ihl+S','{\"msg\":\"操作成功\",\"code\":200}',0,NULL,'2025-09-09 14:16:01',82),(322,'博客文章',3,'com.ruoyi.system.controller.BlogArticleController.remove()','DELETE',1,'admin','研发部门','/system/article/51','127.0.0.1','内网IP','[51]','{\"msg\":\"操作成功\",\"code\":200}',0,NULL,'2025-09-09 14:22:59',12),(323,'博客文章',1,'com.ruoyi.system.controller.BlogArticleController.add()','POST',1,'admin','研发部门','/system/article','127.0.0.1','内网IP','{\"author\":\"江屿\",\"categoryId\":4,\"content\":\"<strong>第一种是免费领取礼品的二维码不能扫，</strong>大街上、公园里、商场中经常会遇见只要扫码安装App就能免费领取礼品的情况，但这些App中很可能被植入了木马病毒，它会获取你手机内的重要信息盗取你的钱财。<strong>第二种是快递单上的二维码不能扫，</strong>在快递单上，我们经常看到扫码返现、领红包、赠送礼品的字样，看起来很诱人，<strong>但它既不是商家的福利，也不是快递官方的活动，一旦扫码就会一步一步地落入诈骗分子的圈套。</strong><strong>第三种是测试题的二维码不能扫描，</strong>像测星座、测运势、测面相、测MBTI等。这些在测试之前需要输入手机号、姓名、身份证号等个人信息，<strong>你前脚填写完信息，后脚骗子就可能收集你的所有信息，拼凑成你的个人档案，根据你的喜好进行精准诈骗。</strong>\",\"createTime\":\"2025-09-09 14:24:16\",\"id\":52,\"isRecommend\":0,\"isTop\":0,\"params\":{},\"status\":1,\"title\":\"3种致命二维码扫一次可能家底就没了\"}','{\"msg\":\"操作成功\",\"code\":200}',0,NULL,'2025-09-09 14:24:16',7),(324,'博客文章',2,'com.ruoyi.system.controller.BlogArticleController.edit()','PUT',1,'admin','研发部门','/system/article','127.0.0.1','内网IP','{\"author\":\"江屿\",\"content\":\"vivo和OPPO紧随其后，排在第4位的是小米\",\"coverUrl\":\"/profile/upload/2025/08/13/baoti_20250813155849A001.jpg\",\"createTime\":\"2025-07-18 23:03:44\",\"id\":25,\"params\":{},\"status\":1,\"title\":\"vivo和oppo紧随其后，4位的是小米\",\"updateTime\":\"2025-09-10 08:44:51\"}','{\"msg\":\"操作成功\",\"code\":200}',0,NULL,'2025-09-10 08:44:51',13),(325,'菜单管理',3,'com.ruoyi.web.controller.system.SysMenuController.remove()','DELETE',1,'admin','研发部门','/system/menu/4','127.0.0.1','内网IP','4','{\"msg\":\"菜单已分配,不允许删除\",\"code\":601}',0,NULL,'2025-09-15 14:46:05',13),(326,'博客文章',1,'com.ruoyi.system.controller.BlogArticleController.add()','POST',1,'admin','研发部门','/system/article','127.0.0.1','内网IP','{\"author\":\"江屿\",\"categoryId\":4,\"content\":\"\\t各省、自治区、直辖市及计划单列市科技型中小企业工作主管部门：\\t为深入贯彻落实党中央、国务院关于推动科技创新和产业创新深度融合，强化企业科技创新主体地位决策部署，促进中小企业专精特新发展，根据《科技型中小企业评价办法》（国科发政〔2017〕115号）和《科技型中小企业评价服务工作指引》（国科火字〔2022〕67号）有关要求，参照工业和信息化部办公厅《关于开展2024年度科技型中小企业评价工作的通知》（工信厅企业函〔2024〕244号），现就开展2025年度科技型中小企业评价工作通知如下：\\t一、企业参评要求\\t符合条件的中小企业按照自愿原则，登录优质中小企业梯度培育平台（https://zjtx.miit.gov.cn/）“科技型中小企业”评价系统（以下简称评价系统）注册并填报企业相关信息，上传加盖企业公章的相关佐证材料，并保证所填内容和提交资料准确、真实、合法、有效，不通过第三方中介机构申报。如有弄虚作假行为，取消本年度评价资格，且三年内不得参与评价。\\t二、评价工作相关要求\\t各省、自治区、直辖市及计划单列市科技型中小企业工作主管部门（以下统称省级主管部门）要认真做好科技型中小企业评价工作：\\t（一）对参评企业材料进行全面审核。各省级主管部门应组织评价机构对所有企业填报资料和佐证材料进行审核。信息完整且符合条件的，由省级主管部门在评价系统公示10个工作日。公示无异议的企业，纳入全国科技型中小企业信息库并在评价系统公告。\\t（二）对部分企业进行实地核查。本年度参评企业如符合以下情况之一，各省级主管部门应在公示前组织评价机构开展实地核查，并做好核查材料留存：\\t1.职工总数为5人及以下的企业。\\t2.科技人员占比90%及以上，且职工总数50人及以上的企业。\\t3.过去三年曾有严重违法失信、撤销入库编号等情况的企业。\\t4.首次参评的企业。\\t（三）组织开展入库企业集中抽查工作。各省级主管部门组织评价机构开展年底集中随机抽查，按照不低于5%的比例对全年入库科技型中小企业进行申请材料核验，对不符合条件的企业予以撤销编号。\\t（四）强化评价工作督办机制。各省级主管部门应主动向社会公开监督方式，自觉接受社会监督，及时核实处理拟入库企业公示异议、投诉和举报信息。针对评价工作中风险异议企业数量较多的地区，我部将组织有关机构开展实地监督指导，改进提高评价工作质量。\\t（五）做好年度评价工作总结。各省级主管部门应及时总结本年度科技型中小企业评价工作，包括评价工作开展情况、实地核查工作情况、享受研发费用加计扣除政策情况、地方出台相关政策及落实情况、主要经验和做法、存在问题和下一步工作建议等内容。\\t三、时间安排\\t2025年度，评价系统将于6月30日—9月30日开放，期间企业可填报信息。各省级主管部门应于10月31日前完成所有批次拟入库企业公示，12月15日前完成入库企业集中随机抽查和相关处理工作，12月31日前完成并提交年度评价工作总结。\\t&nbsp;\\t&nbsp;\\t&nbsp;\\t工业和信息化部中小企业局\\t2025年6月24日\",\"createTime\":\"2025-09-17 11:49:34\",\"id\":53,\"isRecommend\":0,\"isTop\":0,\"params\":{},\"status\":1,\"title\":\"关于征集2025年度中小企业人工智能典型应用场景的通知\"}','{\"msg\":\"操作成功\",\"code\":200}',0,NULL,'2025-09-17 11:49:34',19),(327,'博客文章',3,'com.ruoyi.system.controller.BlogArticleController.remove()','DELETE',1,'admin','研发部门','/system/article/48','127.0.0.1','内网IP','[48]','{\"msg\":\"操作成功\",\"code\":200}',0,NULL,'2025-09-17 11:49:54',11),(328,'博客文章',2,'com.ruoyi.system.controller.BlogArticleController.edit()','PUT',1,'admin','研发部门','/system/article','127.0.0.1','内网IP','{\"author\":\"江屿\",\"content\":\"vivo和OPPO紧随其后，排在第4位的是小米\",\"coverUrl\":\"/profile/upload/2025/08/13/baoti_20250813155849A001.jpg\",\"createTime\":\"2025-07-18 23:03:44\",\"id\":25,\"params\":{},\"status\":1,\"title\":\"vivo和oppo紧随其后，4位的是小米\",\"updateTime\":\"2025-10-11 14:08:57\"}','{\"msg\":\"操作成功\",\"code\":200}',0,NULL,'2025-10-11 14:08:57',20),(329,'博客文章',3,'com.ruoyi.system.controller.BlogArticleController.remove()','DELETE',1,'admin','研发部门','/system/article/53','127.0.0.1','内网IP','[53]','{\"msg\":\"操作成功\",\"code\":200}',0,NULL,'2025-10-11 14:14:40',11),(330,'博客文章',3,'com.ruoyi.system.controller.BlogArticleController.remove()','DELETE',1,'admin','研发部门','/system/article/52','127.0.0.1','内网IP','[52]','{\"msg\":\"操作成功\",\"code\":200}',0,NULL,'2025-10-11 14:14:42',8),(331,'博客文章',1,'com.ruoyi.system.controller.BlogArticleController.add()','POST',1,'admin','研发部门','/system/article','127.0.0.1','内网IP','{\"author\":\"江屿\",\"categoryId\":1,\"content\":\"（第一次在电脑安装时，执行完本节内容，可跳过1.2节内容。）打开Windows Powershell界面（开始菜单右键）# 脚本执行策略更改，默认自动同意Set-ExecutionPolicy RemoteSigned -scope CurrentUser -Force# 执行安装命令（默认安装在用户目录下，如需更改请执行“自定义安装目录”命令）iwr -useb scoop.201704.xyz | iex## 自定义安装目录（注意将目录修改为合适位置)irm scoop.201704.xyz -outfile \'install.ps1\'.\\\\install.ps1 -ScoopDir \'D:\\\\Scoop\' -ScoopGlobalDir \'D:\\\\GlobalScoopApps\'1.2 已安装scoop,更换镜像（适用于已安装官方源或其他镜像地址的人使用)# 更换scoop的repo地址scoop config SCOOP_REPO \\\"https://gitee.com/scoop-installer/scoop\\\"# 拉取新库地址scoop update1.3 切换scoop分支本库包含如下分支。分支含义基于原版分支master代理分流,根据电脑网络环境自动判断masterdevelop代理分流，同上developarchive原版，无任何修改master安装默认选择master分支，想要切换到其他分支，可执行如下命令# 切换分支到developscoop config scoop_branch develop# 重新拉取gitscoop update2. 添加bucket2.1 安装git程序#必装git，scoop及bucket更新均依赖此软件scoop install git2.2 添加已知bucket#查询已知bucketscoop bucket known#添加bucketscoop bucket add extras\",\"createTime\":\"2025-10-11 14:15:25\",\"id\":54,\"isRecommend\":0,\"isTop\":0,\"params\":{},\"status\":1,\"title\":\"装scoop主程序\"}','{\"msg\":\"操作成功\",\"code\":200}',0,NULL,'2025-10-11 14:15:25',18),(332,'博客文章',3,'com.ruoyi.system.controller.BlogArticleController.remove()','DELETE',1,'admin','研发部门','/system/article/30','127.0.0.1','内网IP','[30]','{\"msg\":\"操作成功\",\"code\":200}',0,NULL,'2025-10-11 14:15:32',7),(333,'博客文章',2,'com.ruoyi.system.controller.BlogArticleController.edit()','PUT',1,'admin','研发部门','/system/article','127.0.0.1','内网IP','{\"author\":\"江屿\",\"content\":\"vivo和OPPO紧随其后，排在第4位的是小米\",\"coverUrl\":\"/profile/upload/2025/08/13/baoti_20250813155849A001.jpg\",\"createTime\":\"2025-07-18 23:03:44\",\"id\":25,\"params\":{},\"status\":1,\"title\":\"vivo和oppo紧随其后\",\"updateTime\":\"2025-10-11 14:31:53\"}','{\"msg\":\"操作成功\",\"code\":200}',0,NULL,'2025-10-11 14:31:53',26),(334,'博客文章',3,'com.ruoyi.system.controller.BlogArticleController.remove()','DELETE',1,'admin','研发部门','/system/article/25','127.0.0.1','内网IP','[25]','{\"msg\":\"操作成功\",\"code\":200}',0,NULL,'2025-10-11 14:32:00',10),(335,'博客文章',1,'com.ruoyi.system.controller.BlogArticleController.add()','POST',1,'admin','研发部门','/system/article','127.0.0.1','内网IP','{\"authorId\":1,\"categoryId\":2,\"content\":\"既然降价，那么就一定会有减配，其中最令人印象深刻的莫过于Model Y的后杯架了，<strong>之所以如此，是因为它竟然被设置在了后排中间座椅的靠背上</strong>。这就意味着，如果你想用它，那么第二排就只能最多坐两个人.好消息是可以很方面的拿取后备厢里的物品，坏消息是，使用过程中，如果出现急刹车，后备厢里装的物品有可能因为惯性冲到车舱内。如此方案一被公布，旋即引发吐槽无数，不少人纷纷表示真是活久见，<strong>不过也有特斯拉粉丝认为是一种创新，毕竟后排杯架的使用率并没有那么高，弄成这样完全没有问题</strong>。近日有网友掏出了一篇小作文，表示自己最喜欢的就是这个带杯架的可折叠中央座椅，甚至还从里面悟出了人生哲理。该网友写道：<strong>这虽然是一个很小的细节，但却完美地体现了特斯拉的DNA。</strong>尽管如今特斯拉已成为一家市值高达1.4万亿美元的成功企业，但其团队依然像初创公司一样斗志昂扬，不断寻找巧妙的方法节省成本、精简部件、保持实用性，并让汽车更容易被大众接受。在我看来，它兼具可爱、智慧和硬核的特质。你可以看出，工程师们对这辆车的每一寸细节都用心良苦。<strong>它提醒我，即使我取得了成功，脚踏实地也同样重要。</strong>比如，坐在后备箱打开的车里，用这个杯架喝一杯简单的饮料，让AI机器人载我去各个地方。虽然有些车有时尚高档的杯架，而我的车有这个更实用的装置，但它们的用途都是一样的，就是用来放饮料。<strong>它提醒我，幸福并非来自于外表的华丽，而是来自于你对现有事物的珍惜。</strong>无论我的生活多么精彩，我都绝不想失去这种人生观。对于该网友的“小作文”，评论区基本分成两个派别，有人认为他是脑残粉在“舔”，也有人觉得这是一篇优秀的阴阳文，是在吐槽，那么你觉得以上两种哪种最有可能是他的初衷？\",\"createTime\":\"2025-10-11 14:32:37\",\"isRecommend\":0,\"isTop\":0,\"params\":{},\"status\":1,\"title\":\"完美体现特斯拉dna！网友从廉价版model y后排杯架悟出人生哲理\"}',NULL,1,'\n### Error updating database.  Cause: java.sql.SQLIntegrityConstraintViolationException: Column \'author\' cannot be null\n### The error may exist in URL [jar:file:/home/nevell/code/newblog/ruoyi-vue/ruoyi-admin/target/ruoyi-admin.jar!/BOOT-INF/lib/ruoyi-system-3.9.0.jar!/mapper/system/BlogArticleMapper.xml]\n### The error may involve com.ruoyi.system.mapper.BlogArticleMapper.insertBlogArticle-Inline\n### The error occurred while setting parameters\n### SQL: insert into blog_article         (title, summary, content, cover_url, category_id, author, is_top, is_recommend, status, view_count, like_count, comment_count, create_time, update_time, del_flag)         values         (?, ?, ?, ?, ?, ?, ?, ?, ?, ?, ?, ?, ?, ?, ?)\n### Cause: java.sql.SQLIntegrityConstraintViolationException: Column \'author\' cannot be null\n; Column \'author\' cannot be null; nested exception is java.sql.SQLIntegrityConstraintViolationException: Column \'author\' cannot be null','2025-10-11 14:32:37',48),(336,'博客文章',1,'com.ruoyi.system.controller.BlogArticleController.add()','POST',1,'admin','研发部门','/system/article','127.0.0.1','内网IP','{\"authorId\":1,\"categoryId\":2,\"content\":\"既然降价，那么就一定会有减配，其中最令人印象深刻的莫过于Model Y的后杯架了，<strong>之所以如此，是因为它竟然被设置在了后排中间座椅的靠背上</strong>。这就意味着，如果你想用它，那么第二排就只能最多坐两个人.好消息是可以很方面的拿取后备厢里的物品，坏消息是，使用过程中，如果出现急刹车，后备厢里装的物品有可能因为惯性冲到车舱内。如此方案一被公布，旋即引发吐槽无数，不少人纷纷表示真是活久见，<strong>不过也有特斯拉粉丝认为是一种创新，毕竟后排杯架的使用率并没有那么高，弄成这样完全没有问题</strong>。近日有网友掏出了一篇小作文，表示自己最喜欢的就是这个带杯架的可折叠中央座椅，甚至还从里面悟出了人生哲理。该网友写道：<strong>这虽然是一个很小的细节，但却完美地体现了特斯拉的DNA。</strong>尽管如今特斯拉已成为一家市值高达1.4万亿美元的成功企业，但其团队依然像初创公司一样斗志昂扬，不断寻找巧妙的方法节省成本、精简部件、保持实用性，并让汽车更容易被大众接受。在我看来，它兼具可爱、智慧和硬核的特质。你可以看出，工程师们对这辆车的每一寸细节都用心良苦。<strong>它提醒我，即使我取得了成功，脚踏实地也同样重要。</strong>比如，坐在后备箱打开的车里，用这个杯架喝一杯简单的饮料，让AI机器人载我去各个地方。虽然有些车有时尚高档的杯架，而我的车有这个更实用的装置，但它们的用途都是一样的，就是用来放饮料。<strong>它提醒我，幸福并非来自于外表的华丽，而是来自于你对现有事物的珍惜。</strong>无论我的生活多么精彩，我都绝不想失去这种人生观。对于该网友的“小作文”，评论区基本分成两个派别，有人认为他是脑残粉在“舔”，也有人觉得这是一篇优秀的阴阳文，是在吐槽，那么你觉得以上两种哪种最有可能是他的初衷？\",\"createTime\":\"2025-10-11 14:32:39\",\"isRecommend\":0,\"isTop\":0,\"params\":{},\"status\":1,\"title\":\"完美体现特斯拉dna！网友从廉价版model y后排杯架悟出人生哲理\"}',NULL,1,'\n### Error updating database.  Cause: java.sql.SQLIntegrityConstraintViolationException: Column \'author\' cannot be null\n### The error may exist in URL [jar:file:/home/nevell/code/newblog/ruoyi-vue/ruoyi-admin/target/ruoyi-admin.jar!/BOOT-INF/lib/ruoyi-system-3.9.0.jar!/mapper/system/BlogArticleMapper.xml]\n### The error may involve com.ruoyi.system.mapper.BlogArticleMapper.insertBlogArticle-Inline\n### The error occurred while setting parameters\n### SQL: insert into blog_article         (title, summary, content, cover_url, category_id, author, is_top, is_recommend, status, view_count, like_count, comment_count, create_time, update_time, del_flag)         values         (?, ?, ?, ?, ?, ?, ?, ?, ?, ?, ?, ?, ?, ?, ?)\n### Cause: java.sql.SQLIntegrityConstraintViolationException: Column \'author\' cannot be null\n; Column \'author\' cannot be null; nested exception is java.sql.SQLIntegrityConstraintViolationException: Column \'author\' cannot be null','2025-10-11 14:32:39',6),(337,'博客文章',1,'com.ruoyi.system.controller.BlogArticleController.add()','POST',1,'admin','研发部门','/system/article','127.0.0.1','内网IP','{\"authorId\":1,\"categoryId\":2,\"content\":\"既然降价，那么就一定会有减配，其中最令人印象深刻的莫过于Model Y的后杯架了，<strong>之所以如此，是因为它竟然被设置在了后排中间座椅的靠背上</strong>。这就意味着，如果你想用它，那么第二排就只能最多坐两个人.好消息是可以很方面的拿取后备厢里的物品，坏消息是，使用过程中，如果出现急刹车，后备厢里装的物品有可能因为惯性冲到车舱内。如此方案一被公布，旋即引发吐槽无数，不少人纷纷表示真是活久见，<strong>不过也有特斯拉粉丝认为是一种创新，毕竟后排杯架的使用率并没有那么高，弄成这样完全没有问题</strong>。近日有网友掏出了一篇小作文，表示自己最喜欢的就是这个带杯架的可折叠中央座椅，甚至还从里面悟出了人生哲理。该网友写道：<strong>这虽然是一个很小的细节，但却完美地体现了特斯拉的DNA。</strong>尽管如今特斯拉已成为一家市值高达1.4万亿美元的成功企业，但其团队依然像初创公司一样斗志昂扬，不断寻找巧妙的方法节省成本、精简部件、保持实用性，并让汽车更容易被大众接受。在我看来，它兼具可爱、智慧和硬核的特质。你可以看出，工程师们对这辆车的每一寸细节都用心良苦。<strong>它提醒我，即使我取得了成功，脚踏实地也同样重要。</strong>比如，坐在后备箱打开的车里，用这个杯架喝一杯简单的饮料，让AI机器人载我去各个地方。虽然有些车有时尚高档的杯架，而我的车有这个更实用的装置，但它们的用途都是一样的，就是用来放饮料。<strong>它提醒我，幸福并非来自于外表的华丽，而是来自于你对现有事物的珍惜。</strong>无论我的生活多么精彩，我都绝不想失去这种人生观。对于该网友的“小作文”，评论区基本分成两个派别，有人认为他是脑残粉在“舔”，也有人觉得这是一篇优秀的阴阳文，是在吐槽，那么你觉得以上两种哪种最有可能是他的初衷？\",\"createTime\":\"2025-10-11 14:32:44\",\"isRecommend\":0,\"isTop\":0,\"params\":{},\"status\":1,\"title\":\"完美体现特斯拉dna！网友从廉价版model y后排杯架悟出人生哲理\"}',NULL,1,'\n### Error updating database.  Cause: java.sql.SQLIntegrityConstraintViolationException: Column \'author\' cannot be null\n### The error may exist in URL [jar:file:/home/nevell/code/newblog/ruoyi-vue/ruoyi-admin/target/ruoyi-admin.jar!/BOOT-INF/lib/ruoyi-system-3.9.0.jar!/mapper/system/BlogArticleMapper.xml]\n### The error may involve com.ruoyi.system.mapper.BlogArticleMapper.insertBlogArticle-Inline\n### The error occurred while setting parameters\n### SQL: insert into blog_article         (title, summary, content, cover_url, category_id, author, is_top, is_recommend, status, view_count, like_count, comment_count, create_time, update_time, del_flag)         values         (?, ?, ?, ?, ?, ?, ?, ?, ?, ?, ?, ?, ?, ?, ?)\n### Cause: java.sql.SQLIntegrityConstraintViolationException: Column \'author\' cannot be null\n; Column \'author\' cannot be null; nested exception is java.sql.SQLIntegrityConstraintViolationException: Column \'author\' cannot be null','2025-10-11 14:32:44',6),(338,'博客文章',1,'com.ruoyi.system.controller.BlogArticleController.add()','POST',1,'admin','研发部门','/system/article','127.0.0.1','内网IP','{\"authorId\":1,\"categoryId\":2,\"content\":\"既然降价，那么就一定会有减配，其中最令人印象深刻的莫过于Model Y的后杯架了，<strong>之所以如此，是因为它竟然被设置在了后排中间座椅的靠背上</strong>。这就意味着，如果你想用它，那么第二排就只能最多坐两个人.好消息是可以很方面的拿取后备厢里的物品，坏消息是，使用过程中，如果出现急刹车，后备厢里装的物品有可能因为惯性冲到车舱内。如此方案一被公布，旋即引发吐槽无数，不少人纷纷表示真是活久见，<strong>不过也有特斯拉粉丝认为是一种创新，毕竟后排杯架的使用率并没有那么高，弄成这样完全没有问题</strong>。近日有网友掏出了一篇小作文，表示自己最喜欢的就是这个带杯架的可折叠中央座椅，甚至还从里面悟出了人生哲理。该网友写道：<strong>这虽然是一个很小的细节，但却完美地体现了特斯拉的DNA。</strong>尽管如今特斯拉已成为一家市值高达1.4万亿美元的成功企业，但其团队依然像初创公司一样斗志昂扬，不断寻找巧妙的方法节省成本、精简部件、保持实用性，并让汽车更容易被大众接受。在我看来，它兼具可爱、智慧和硬核的特质。你可以看出，工程师们对这辆车的每一寸细节都用心良苦。<strong>它提醒我，即使我取得了成功，脚踏实地也同样重要。</strong>比如，坐在后备箱打开的车里，用这个杯架喝一杯简单的饮料，让AI机器人载我去各个地方。虽然有些车有时尚高档的杯架，而我的车有这个更实用的装置，但它们的用途都是一样的，就是用来放饮料。<strong>它提醒我，幸福并非来自于外表的华丽，而是来自于你对现有事物的珍惜。</strong>无论我的生活多么精彩，我都绝不想失去这种人生观。对于该网友的“小作文”，评论区基本分成两个派别，有人认为他是脑残粉在“舔”，也有人觉得这是一篇优秀的阴阳文，是在吐槽，那么你觉得以上两种哪种最有可能是他的初衷？\",\"createTime\":\"2025-10-11 14:32:49\",\"isRecommend\":0,\"isTop\":0,\"params\":{},\"status\":1,\"title\":\"完美体现特斯拉dna！网友从廉价版model y后排杯架悟出人生哲理\"}',NULL,1,'\n### Error updating database.  Cause: java.sql.SQLIntegrityConstraintViolationException: Column \'author\' cannot be null\n### The error may exist in URL [jar:file:/home/nevell/code/newblog/ruoyi-vue/ruoyi-admin/target/ruoyi-admin.jar!/BOOT-INF/lib/ruoyi-system-3.9.0.jar!/mapper/system/BlogArticleMapper.xml]\n### The error may involve com.ruoyi.system.mapper.BlogArticleMapper.insertBlogArticle-Inline\n### The error occurred while setting parameters\n### SQL: insert into blog_article         (title, summary, content, cover_url, category_id, author, is_top, is_recommend, status, view_count, like_count, comment_count, create_time, update_time, del_flag)         values         (?, ?, ?, ?, ?, ?, ?, ?, ?, ?, ?, ?, ?, ?, ?)\n### Cause: java.sql.SQLIntegrityConstraintViolationException: Column \'author\' cannot be null\n; Column \'author\' cannot be null; nested exception is java.sql.SQLIntegrityConstraintViolationException: Column \'author\' cannot be null','2025-10-11 14:32:49',7),(339,'博客文章',1,'com.ruoyi.system.controller.BlogArticleController.add()','POST',1,'admin','研发部门','/system/article','127.0.0.1','内网IP','{\"authorId\":1,\"categoryId\":2,\"content\":\"既然降价，那么就一定会有减配，其中最令人印象深刻的莫过于Model Y的后杯架了，<strong>之所以如此，是因为它竟然被设置在了后排中间座椅的靠背上</strong>。这就意味着，如果你想用它，那么第二排就只能最多坐两个人.好消息是可以很方面的拿取后备厢里的物品，坏消息是，使用过程中，如果出现急刹车，后备厢里装的物品有可能因为惯性冲到车舱内。如此方案一被公布，旋即引发吐槽无数，不少人纷纷表示真是活久见，<strong>不过也有特斯拉粉丝认为是一种创新，毕竟后排杯架的使用率并没有那么高，弄成这样完全没有问题</strong>。近日有网友掏出了一篇小作文，表示自己最喜欢的就是这个带杯架的可折叠中央座椅，甚至还从里面悟出了人生哲理。该网友写道：<strong>这虽然是一个很小的细节，但却完美地体现了特斯拉的DNA。</strong>尽管如今特斯拉已成为一家市值高达1.4万亿美元的成功企业，但其团队依然像初创公司一样斗志昂扬，不断寻找巧妙的方法节省成本、精简部件、保持实用性，并让汽车更容易被大众接受。在我看来，它兼具可爱、智慧和硬核的特质。你可以看出，工程师们对这辆车的每一寸细节都用心良苦。<strong>它提醒我，即使我取得了成功，脚踏实地也同样重要。</strong>比如，坐在后备箱打开的车里，用这个杯架喝一杯简单的饮料，让AI机器人载我去各个地方。虽然有些车有时尚高档的杯架，而我的车有这个更实用的装置，但它们的用途都是一样的，就是用来放饮料。<strong>它提醒我，幸福并非来自于外表的华丽，而是来自于你对现有事物的珍惜。</strong>无论我的生活多么精彩，我都绝不想失去这种人生观。对于该网友的“小作文”，评论区基本分成两个派别，有人认为他是脑残粉在“舔”，也有人觉得这是一篇优秀的阴阳文，是在吐槽，那么你觉得以上两种哪种最有可能是他的初衷？\",\"createTime\":\"2025-10-11 14:32:55\",\"isRecommend\":0,\"isTop\":0,\"params\":{},\"status\":1,\"title\":\"完美体现特斯拉dna！网友从廉价版model y后排杯架悟出人生哲理\"}',NULL,1,'\n### Error updating database.  Cause: java.sql.SQLIntegrityConstraintViolationException: Column \'author\' cannot be null\n### The error may exist in URL [jar:file:/home/nevell/code/newblog/ruoyi-vue/ruoyi-admin/target/ruoyi-admin.jar!/BOOT-INF/lib/ruoyi-system-3.9.0.jar!/mapper/system/BlogArticleMapper.xml]\n### The error may involve com.ruoyi.system.mapper.BlogArticleMapper.insertBlogArticle-Inline\n### The error occurred while setting parameters\n### SQL: insert into blog_article         (title, summary, content, cover_url, category_id, author, is_top, is_recommend, status, view_count, like_count, comment_count, create_time, update_time, del_flag)         values         (?, ?, ?, ?, ?, ?, ?, ?, ?, ?, ?, ?, ?, ?, ?)\n### Cause: java.sql.SQLIntegrityConstraintViolationException: Column \'author\' cannot be null\n; Column \'author\' cannot be null; nested exception is java.sql.SQLIntegrityConstraintViolationException: Column \'author\' cannot be null','2025-10-11 14:32:55',7),(340,'博客文章',1,'com.ruoyi.system.controller.BlogArticleController.add()','POST',1,'admin','研发部门','/system/article','127.0.0.1','内网IP','{\"authorId\":1,\"content\":\"测试内容\",\"createTime\":\"2025-10-11 15:02:39\",\"params\":{},\"status\":1,\"title\":\"测试文章\"}',NULL,1,'\n### Error updating database.  Cause: java.sql.SQLIntegrityConstraintViolationException: Column \'author\' cannot be null\n### The error may exist in URL [jar:file:/home/nevell/code/newblog/ruoyi-vue/ruoyi-admin/target/ruoyi-admin.jar!/BOOT-INF/lib/ruoyi-system-3.9.0.jar!/mapper/system/BlogArticleMapper.xml]\n### The error may involve com.ruoyi.system.mapper.BlogArticleMapper.insertBlogArticle-Inline\n### The error occurred while setting parameters\n### SQL: insert into blog_article         (title, summary, content, cover_url, category_id, author, is_top, is_recommend, status, view_count, like_count, comment_count, create_time, update_time, del_flag)         values         (?, ?, ?, ?, ?, ?, ?, ?, ?, ?, ?, ?, ?, ?, ?)\n### Cause: java.sql.SQLIntegrityConstraintViolationException: Column \'author\' cannot be null\n; Column \'author\' cannot be null; nested exception is java.sql.SQLIntegrityConstraintViolationException: Column \'author\' cannot be null','2025-10-11 15:02:39',53),(341,'博客文章',1,'com.ruoyi.system.controller.BlogArticleController.add()','POST',1,'admin','研发部门','/system/article','127.0.0.1','内网IP','{\"author\":\"admin\",\"authorId\":1,\"content\":\"测试内容修复\",\"createTime\":\"2025-10-11 15:04:06\",\"id\":55,\"params\":{},\"status\":1,\"title\":\"测试文章修复\"}','{\"msg\":\"操作成功\",\"code\":200}',0,NULL,'2025-10-11 15:04:06',12),(342,'博客文章',1,'com.ruoyi.system.controller.BlogArticleController.add()','POST',1,'admin','研发部门','/system/article','127.0.0.1','内网IP','{\"author\":\"admin\",\"authorId\":1,\"content\":\"测试内容\",\"createTime\":\"2025-10-11 15:08:06\",\"id\":56,\"params\":{},\"status\":1,\"title\":\"测试文章\"}','{\"msg\":\"操作成功\",\"code\":200}',0,NULL,'2025-10-11 15:08:06',7),(343,'博客文章',1,'com.ruoyi.system.controller.BlogArticleController.add()','POST',1,'admin','研发部门','/system/article','127.0.0.1','内网IP','{\"author\":\"admin\",\"authorId\":1,\"content\":\"测试前端修复内容\",\"createTime\":\"2025-10-11 15:24:57\",\"id\":57,\"params\":{},\"status\":1,\"title\":\"测试前端修复\"}','{\"msg\":\"操作成功\",\"code\":200}',0,NULL,'2025-10-11 15:24:57',8),(344,'博客文章',3,'com.ruoyi.system.controller.BlogArticleController.remove()','DELETE',1,'admin','研发部门','/system/article/32','127.0.0.1','内网IP','[32]','{\"msg\":\"操作成功\",\"code\":200}',0,NULL,'2025-10-11 15:26:43',8),(345,'博客文章',3,'com.ruoyi.system.controller.BlogArticleController.remove()','DELETE',1,'admin','研发部门','/system/article/35','127.0.0.1','内网IP','[35]','{\"msg\":\"操作成功\",\"code\":200}',0,NULL,'2025-10-11 15:26:55',7),(346,'博客文章',3,'com.ruoyi.system.controller.BlogArticleController.remove()','DELETE',1,'admin','研发部门','/system/article/47','127.0.0.1','内网IP','[47]','{\"msg\":\"操作成功\",\"code\":200}',0,NULL,'2025-10-11 15:29:23',5),(347,'博客文章',3,'com.ruoyi.system.controller.BlogArticleController.remove()','DELETE',1,'admin','研发部门','/system/article/46','127.0.0.1','内网IP','[46]','{\"msg\":\"操作成功\",\"code\":200}',0,NULL,'2025-10-11 15:29:26',7),(348,'博客文章',1,'com.ruoyi.system.controller.BlogArticleController.add()','POST',1,'admin','研发部门','/system/article','127.0.0.1','内网IP','{\"author\":\"admin\",\"authorId\":1,\"content\":\"测试内容\",\"createTime\":\"2025-10-11 15:30:34\",\"id\":58,\"params\":{},\"status\":1,\"title\":\"测试新增功能\"}','{\"msg\":\"操作成功\",\"code\":200}',0,NULL,'2025-10-11 15:30:34',8),(349,'博客文章',3,'com.ruoyi.system.controller.BlogArticleController.remove()','DELETE',1,'admin','研发部门','/system/article/57','127.0.0.1','内网IP','[57]','{\"msg\":\"操作成功\",\"code\":200}',0,NULL,'2025-10-11 15:51:18',6),(350,'博客文章',3,'com.ruoyi.system.controller.BlogArticleController.remove()','DELETE',1,'admin','研发部门','/system/article/58','127.0.0.1','内网IP','[58]','{\"msg\":\"操作成功\",\"code\":200}',0,NULL,'2025-10-11 15:51:26',7),(351,'博客文章',3,'com.ruoyi.system.controller.BlogArticleController.remove()','DELETE',1,'admin','研发部门','/system/article/55','127.0.0.1','内网IP','[55]','{\"msg\":\"操作成功\",\"code\":200}',0,NULL,'2025-10-11 15:52:58',6),(352,'博客文章',3,'com.ruoyi.system.controller.BlogArticleController.remove()','DELETE',1,'admin','研发部门','/system/article/56','127.0.0.1','内网IP','[56]','{\"msg\":\"操作成功\",\"code\":200}',0,NULL,'2025-10-11 15:53:00',6),(353,'用户头像',2,'com.ruoyi.web.controller.system.SysProfileController.avatar()','POST',1,'admin','研发部门','/system/user/profile/avatar','127.0.0.1','内网IP','',NULL,1,'/home/ruoyi/uploadPath/avatar/2025/10/11/d9f6ae3f748b4924a595cd81e61475a0.jpg','2025-10-11 15:59:26',105),(354,'用户头像',2,'com.ruoyi.web.controller.system.SysProfileController.avatar()','POST',1,'admin','研发部门','/system/user/profile/avatar','127.0.0.1','内网IP','',NULL,1,'/home/ruoyi/uploadPath/avatar/2025/10/11/bccb2a8b222c45199b5de8bbc8906015.jpg','2025-10-11 15:59:27',1),(355,'在线用户',7,'com.ruoyi.web.controller.monitor.SysUserOnlineController.forceLogout()','DELETE',1,'admin','研发部门','/monitor/online/d8ace60e-543d-443b-893d-b87371a54fb2','127.0.0.1','内网IP','\"d8ace60e-543d-443b-893d-b87371a54fb2\"','{\"msg\":\"操作成功\",\"code\":200}',0,NULL,'2025-10-11 16:03:33',7),(356,'在线用户',7,'com.ruoyi.web.controller.monitor.SysUserOnlineController.forceLogout()','DELETE',1,'admin','研发部门','/monitor/online/937894af-2708-44fa-9300-eaccc7bf148c','127.0.0.1','内网IP','\"937894af-2708-44fa-9300-eaccc7bf148c\"','{\"msg\":\"操作成功\",\"code\":200}',0,NULL,'2025-10-11 16:03:35',1),(357,'在线用户',7,'com.ruoyi.web.controller.monitor.SysUserOnlineController.forceLogout()','DELETE',1,'admin','研发部门','/monitor/online/a086b179-8b5e-47e4-93bf-868743ac0bf5','127.0.0.1','内网IP','\"a086b179-8b5e-47e4-93bf-868743ac0bf5\"','{\"msg\":\"操作成功\",\"code\":200}',0,NULL,'2025-10-11 16:03:37',0),(358,'菜单管理',3,'com.ruoyi.web.controller.system.SysMenuController.remove()','DELETE',1,'admin','研发部门','/system/menu/4','127.0.0.1','内网IP','4','{\"msg\":\"菜单已分配,不允许删除\",\"code\":601}',0,NULL,'2025-10-11 16:04:14',20),(359,'博客文章',2,'com.ruoyi.system.controller.BlogArticleController.edit()','PUT',1,'admin','研发部门','/system/article','127.0.0.1','内网IP','{\"author\":\"江屿\",\"content\":\"在全球经济加速数字化的浪潮中，企业面临着前所未有的机遇和挑战。如何在复杂多变的市场环境中保持竞争优势，已成为每个企业领导者必须直面的核心问题。商业模式的创新不仅是企业应对数字化挑战的有效策略，更是驱动持续增长和价值创造的关键动力。本文将深入解读TOGAF®（The Open Group Architecture Framework）标准中关于商业模式的核心内容，探讨企业如何通过企业架构的方法，实现数字化时代的商业模式创新与落地。\",\"createTime\":\"2025-08-26 16:02:34\",\"id\":36,\"isRecommend\":0,\"isTop\":0,\"params\":{},\"status\":1,\"title\":\"数字化转型下的商业模式创新：深度解读togaf标准在企业架构实践\",\"updateTime\":\"2025-10-11 16:18:16\"}','{\"msg\":\"操作成功\",\"code\":200}',0,NULL,'2025-10-11 16:18:16',13),(360,'博客文章',1,'com.ruoyi.system.controller.BlogArticleController.add()','POST',1,'admin','研发部门','/system/article','127.0.0.1','内网IP','{\"author\":\"江屿\",\"categoryId\":1,\"content\":\"如今Windows产品激活\",\"createTime\":\"2025-10-11 16:23:37\",\"id\":59,\"isRecommend\":0,\"isTop\":0,\"params\":{},\"status\":1,\"title\":\"如今windows产品激活\"}','{\"msg\":\"操作成功\",\"code\":200}',0,NULL,'2025-10-11 16:23:37',13),(361,'博客文章',3,'com.ruoyi.system.controller.BlogArticleController.remove()','DELETE',1,'admin','研发部门','/system/article/59','127.0.0.1','内网IP','[59]','{\"msg\":\"操作成功\",\"code\":200}',0,NULL,'2025-10-11 16:23:51',7),(362,'博客文章',1,'com.ruoyi.system.controller.BlogArticleController.add()','POST',1,'admin','研发部门','/system/article','127.0.0.1','内网IP','{\"author\":\"admin\",\"authorId\":1,\"content\":\"<strong>快科技10月13日消息，今天上午，中国联通官方公众号发文宣布，eSIM预约通道正式开放。</strong>在此之前，中国移动也已经上线了eSIM预约页面，开放用户预约。<strong>种种迹象表明，国内eSIM即将正式开放，届时iPhone Air国行版也将上市。</strong>iPhone Air是苹果最新推出的轻薄旗舰，厚度只有5.6mm，为了实现超轻薄设计，苹果直接取消实体SIM卡槽，全球统一采用eSIM。最初苹果在官网标注，仅有中国联通为该机提供eSIM支持，且iPhone Air首发就能开售。<strong>结果突然延期发售，并且标注改为“中国移动、中国电信和中国联通将为本产品提供eSIM支持，具体时间依监管部门审批情况而定”。</strong>根据此前中国移动上线的eSIM业务说明，<strong>一台eSIM手机，仅能办理激活两个国内运营商的eSIM号码，当同一台手机内已有两个号码后，此手机将不允许再办理eSIM号码。</strong>同一eSIM手机每自然月最多可新入网开通2次国内运营商的eSIM号码。开通eSIM号码的用户须符合“一证五号”要求，并在开户后72小时内完成卡数据下载，否则将影响后续业务办理。\",\"createTime\":\"2025-10-14 16:35:12\",\"id\":4,\"isRecommend\":0,\"isTop\":0,\"params\":{},\"status\":1,\"title\":\"中国联通官宣：esim正式开启预约！iphone air国行要来了\"}','{\"msg\":\"操作成功\",\"code\":200}',0,NULL,'2025-10-14 16:35:12',85),(363,'博客文章',1,'com.ruoyi.system.controller.BlogArticleController.add()','POST',1,'admin','研发部门','/system/article','127.0.0.1','内网IP','{\"author\":\"admin\",\"authorId\":1,\"categoryId\":4,\"commentCount\":0,\"content\":\"各设区市工业和信息化局，杨凌示范区工业和商务局，有关企业、园区：为贯彻落实工业和信息化部办公厅《关于开展2025年度绿色工厂推荐工作的通知》，实施绿色制造标杆升级行动，进一步提升现有国家绿色工厂、绿色工业园区绿色化发展水平，现组织开展2025年度国家级绿色制造名单对标工作，有关事项通知如下：一、组织主体对标。各市（区）工业和信息化主管部门组织现有国家绿色工厂、绿色工业园区，对照新的评价要求（见附件1、2）开展自评价对标，属于53个重点行业（具体行业范围见附件3）的企业按照相应行业要求进行自评价，不属于重点行业的企业依据通则进行自评价，并按要求提供有关佐证材料。详细申报方法可在工业节能与绿色发展管理平台（https://green.miit.gov.cn）主界面查看解读视频。二、自主填报资料。企业、园区登录工业节能与绿色发展管理平台，在“绿色制造名单”栏目选择对应类别（国家级绿色工厂/绿色工业园区），在“新申报/现有”菜单选择现有绿色工厂/绿色工业园区，并选择对应行业进行填报。同时向所在地工业和信息化主管部门提交纸质版报告一式两份（见附件4、5）。三、确保材料质量。各相关企业、园区要高度重视本次对标工作，严格按照评价标准与填报规范开展自评价，确保提交的对标资料真实有效、内容完整规范、评分客观准确，坚决杜绝数据造假、材料缺失、评分失真等问题。各市（区）工业和信息化主管部门负责对企业、园区的各项评价指标数据和佐证材料真实性、准确性、先进性进行审核，确保对标工作质量。现有国家绿色工厂、绿色工业园区得分连续三年处于后5%的，将从现有名单中移出。四、按期汇总报送。各市（区）工业和信息化主管部门填写《绿色制造名单对标汇总表》（附件6），于2025年10月20日前连同企业、园区对标材料报省工业和信息化厅节能综合利用处。联系人：刘 卫 电 话：029-63915578 陕西省工业和信息化厅 2025年10月14日\",\"coverUrl\":\"\",\"createTime\":\"2025-10-16 17:09:37\",\"id\":5,\"isRecommend\":0,\"isTop\":0,\"likeCount\":0,\"params\":{},\"status\":1,\"summary\":\"\",\"title\":\"工业和信息化主管部门组织现有国家绿色工厂\",\"viewCount\":0}','{\"msg\":\"操作成功\",\"code\":200}',0,NULL,'2025-10-16 17:09:37',36),(364,'博客文章',1,'com.ruoyi.system.controller.BlogArticleController.add()','POST',1,'admin','研发部门','/system/article','127.0.0.1','内网IP','{\"author\":\"admin\",\"authorId\":1,\"categoryId\":2,\"commentCount\":0,\"content\":\"快科技10月19日消息，当地时间周五，<strong>NVIDIA和台积电在共同宣布达成一项重要里程碑。 双方已在亚利桑那州凤凰城附近Fab 21工厂成功制造出第一款量产的Blackwell晶圆。</strong>这款堪称全球最复杂的芯片能在美国实现生产，对两家企业而言兼具战略、象征等重要意义。NVIDIA CEO黄仁勋在纪念活动上表示：<strong>“这是一个具有历史意义的时刻，原因有很多。这是近代美国历史上首次，由最先进的晶圆厂——台积电在美国本土，生产出全球最为关键的芯片。</strong>这践行了总统提出的再工业化愿景，<strong>即将制造业带回美国，创造就业岗位。同时，这也是全球至关重要的制造业领域，更是最核心的科技产业。</strong>”据悉，此次在美国生产的是Blackwell&nbsp;B300芯片（尚未得到官方确认），采用台积电为英伟达定制的4N制程（属于4nm级工艺节点）。这一成果意味着台积电Fab 21工厂已具备量产此类大型芯片的能力，且良率表现良好（据悉良率达标耗费了不少时间）。战略层面，这一突破实现了美国政府产业政策的核心目标，将更先进的半导体制造能力带回美国本土。对NVIDIA而言，其核心产品能在美国生产，可有效规避相关风险。据悉，台积电计划进一步扩建亚利桑那州Fab 21工厂，后续将在此量产采用N3、N2、A16及A14制程工艺的芯片。不过需要注意的是，<strong>尽管Blackwell芯片已实现美国本土制造，但要组装成完整的NVIDIA B300 GPU，仍需将这些晶圆运回台积电台湾工厂通过CoWoS-L先进封装技术与HBM3E内存进行整合。</strong>这也导致该款芯片的成本高于中国台湾本土生产的产品，仅保留了象征意义。\",\"coverUrl\":\"\",\"createTime\":\"2025-10-20 14:06:33\",\"id\":6,\"isRecommend\":0,\"isTop\":0,\"likeCount\":0,\"params\":{},\"status\":1,\"summary\":\"\",\"title\":\"历史首次！首片blackwell晶圆在美国生产制造 仍需运回台积电总部封装\",\"viewCount\":0}','{\"msg\":\"操作成功\",\"code\":200}',0,NULL,'2025-10-20 14:06:33',20),(365,'博客文章',3,'com.ruoyi.system.controller.BlogArticleController.remove()','DELETE',1,'admin','研发部门','/system/article/7','127.0.0.1','内网IP','[7]','{\"msg\":\"操作成功\",\"code\":200}',0,NULL,'2025-10-20 16:11:04',11),(366,'博客文章',3,'com.ruoyi.system.controller.BlogArticleController.remove()','DELETE',1,'admin','研发部门','/system/article/5','127.0.0.1','内网IP','[5]','{\"msg\":\"操作成功\",\"code\":200}',0,NULL,'2025-10-20 16:11:05',7),(367,'博客文章',3,'com.ruoyi.system.controller.BlogArticleController.remove()','DELETE',1,'admin','研发部门','/system/article/4','127.0.0.1','内网IP','[4]','{\"msg\":\"操作成功\",\"code\":200}',0,NULL,'2025-10-20 16:11:07',5),(368,'博客文章',1,'com.ruoyi.system.controller.BlogArticleController.add()','POST',1,'admin','研发部门','/system/article','127.0.0.1','内网IP','{\"author\":\"admin\",\"authorId\":1,\"categoryId\":2,\"commentCount\":0,\"content\":\"快科技10月19日消息，当地时间周五，<strong>NVIDIA和台积电在共同宣布达成一项重要里程碑。 双方已在亚利桑那州凤凰城附近Fab 21工厂成功制造出第一款量产的Blackwell晶圆。</strong>这款堪称全球最复杂的芯片能在美国实现生产，对两家企业而言兼具战略、象征等重要意义。NVIDIA CEO黄仁勋在纪念活动上表示：<strong>“这是一个具有历史意义的时刻，原因有很多。这是近代美国历史上首次，由最先进的晶圆厂——台积电在美国本土，生产出全球最为关键的芯片。</strong>这践行了总统提出的再工业化愿景，<strong>即将制造业带回美国，创造就业岗位。同时，这也是全球至关重要的制造业领域，更是最核心的科技产业。</strong>”据悉，此次在美国生产的是Blackwell&nbsp;B300芯片（尚未得到官方确认），采用台积电为英伟达定制的4N制程（属于4nm级工艺节点）。这一成果意味着台积电Fab 21工厂已具备量产此类大型芯片的能力，且良率表现良好（据悉良率达标耗费了不少时间）。战略层面，这一突破实现了美国政府产业政策的核心目标，将更先进的半导体制造能力带回美国本土。对NVIDIA而言，其核心产品能在美国生产，可有效规避相关风险。据悉，台积电计划进一步扩建亚利桑那州Fab 21工厂，后续将在此量产采用N3、N2、A16及A14制程工艺的芯片。不过需要注意的是，<strong>尽管Blackwell芯片已实现美国本土制造，但要组装成完整的NVIDIA B300 GPU，仍需将这些晶圆运回台积电台湾工厂通过CoWoS-L先进封装技术与HBM3E内存进行整合。</strong>这也导致该款芯片的成本高于中国台湾本土生产的产品，仅保留了象征意义。\",\"coverUrl\":\"\",\"createTime\":\"2025-10-20 16:11:27\",\"id\":8,\"isRecommend\":0,\"isTop\":0,\"likeCount\":0,\"params\":{},\"status\":1,\"summary\":\"\",\"title\":\"历史首次！首片blackwell晶圆在美国生产制造 仍需运回台积电总部封装\",\"viewCount\":0}','{\"msg\":\"操作成功\",\"code\":200}',0,NULL,'2025-10-20 16:11:27',18),(369,'博客文章',1,'com.ruoyi.system.controller.BlogArticleController.add()','POST',1,'admin','研发部门','/system/article','127.0.0.1','内网IP','{\"author\":\"admin\",\"authorId\":1,\"categoryId\":2,\"commentCount\":0,\"content\":\"快科技10月19日消息，Gamers Nexus通过特殊渠道拿到了一块<strong>华为的Atlas 300I DUO AI推理加速卡</strong>，特殊的双芯设计，搭载了两颗GPU，同时单插槽设计，身材轻盈。该卡没有公开售价，<strong>外媒花了1400美元，约合人民币1万元</strong>，可以说非常便宜了，国内批量采购价自然更低。根据华为官方说法，Atlas 300I Duo推理<strong>卡融合“通用处理器、AI核心、编解码”于一体，提供AI推理、视频分析等功能，具有超强算力、超高能效、高性能视频分析等优势</strong>，可广泛应用于互联网、智慧城市、智慧交通等多场景，支持检索聚类、内容审核、OCR识别、语音分析、视频分析等多应用。<strong>它搭载了两颗GPU核心，共有16个核心，主频1.9GHz，48GB或者96GB LPDDR4X ECC内存，总带宽408GB/s。</strong>系统接口为<strong>PCIe 4.0 x8</strong>，单插位全高全长设计，厚度仅为18.46毫米，<strong>功耗150W。</strong><strong>AI算力INT8格式下为80 TOPS，FP16格式下为140 TFLOPS，能效比高达1.86TOPS/W。</strong>视频编解码能力支持256路1080p30或32路4K60 H.264/H.264解码、48路1080p30或6路4K60 H.264/H.265视频编码、4K768 JPEG编码、4K384 JPEG解码，最高分辨率8192 x 8192。\",\"coverUrl\":\"\",\"createTime\":\"2025-10-20 16:34:58\",\"id\":9,\"isRecommend\":0,\"isTop\":0,\"likeCount\":0,\"params\":{},\"status\":1,\"summary\":\"\",\"title\":\"华为的atlas 300i duo ai推理加速卡\",\"viewCount\":0}','{\"msg\":\"操作成功\",\"code\":200}',0,NULL,'2025-10-20 16:34:58',78);
/*!40000 ALTER TABLE `sys_oper_log` ENABLE KEYS */;
UNLOCK TABLES;

--
-- Table structure for table `sys_post`
--

DROP TABLE IF EXISTS `sys_post`;
/*!40101 SET @saved_cs_client     = @@character_set_client */;
/*!50503 SET character_set_client = utf8mb4 */;
CREATE TABLE `sys_post` (
  `post_id` bigint NOT NULL AUTO_INCREMENT COMMENT '岗位ID',
  `post_code` varchar(64) NOT NULL COMMENT '岗位编码',
  `post_name` varchar(50) NOT NULL COMMENT '岗位名称',
  `post_sort` int NOT NULL COMMENT '显示顺序',
  `status` char(1) NOT NULL COMMENT '状态（0正常 1停用）',
  `create_by` varchar(64) DEFAULT '' COMMENT '创建者',
  `create_time` datetime DEFAULT NULL COMMENT '创建时间',
  `update_by` varchar(64) DEFAULT '' COMMENT '更新者',
  `update_time` datetime DEFAULT NULL COMMENT '更新时间',
  `remark` varchar(500) DEFAULT NULL COMMENT '备注',
  PRIMARY KEY (`post_id`)
) ENGINE=InnoDB AUTO_INCREMENT=5 DEFAULT CHARSET=utf8mb4 COLLATE=utf8mb4_0900_ai_ci COMMENT='岗位信息表';
/*!40101 SET character_set_client = @saved_cs_client */;

--
-- Dumping data for table `sys_post`
--

LOCK TABLES `sys_post` WRITE;
/*!40000 ALTER TABLE `sys_post` DISABLE KEYS */;
INSERT INTO `sys_post` VALUES (1,'ceo','董事长',1,'0','admin','2025-07-18 18:58:46','',NULL,''),(2,'se','项目经理',2,'0','admin','2025-07-18 18:58:46','',NULL,''),(3,'hr','人力资源',3,'0','admin','2025-07-18 18:58:46','',NULL,''),(4,'user','普通员工',4,'0','admin','2025-07-18 18:58:46','',NULL,'');
/*!40000 ALTER TABLE `sys_post` ENABLE KEYS */;
UNLOCK TABLES;

--
-- Table structure for table `sys_role`
--

DROP TABLE IF EXISTS `sys_role`;
/*!40101 SET @saved_cs_client     = @@character_set_client */;
/*!50503 SET character_set_client = utf8mb4 */;
CREATE TABLE `sys_role` (
  `role_id` bigint NOT NULL AUTO_INCREMENT COMMENT '角色ID',
  `role_name` varchar(30) NOT NULL COMMENT '角色名称',
  `role_key` varchar(100) NOT NULL COMMENT '角色权限字符串',
  `role_sort` int NOT NULL COMMENT '显示顺序',
  `data_scope` char(1) DEFAULT '1' COMMENT '数据范围（1：全部数据权限 2：自定数据权限 3：本部门数据权限 4：本部门及以下数据权限）',
  `menu_check_strictly` tinyint(1) DEFAULT '1' COMMENT '菜单树选择项是否关联显示',
  `dept_check_strictly` tinyint(1) DEFAULT '1' COMMENT '部门树选择项是否关联显示',
  `status` char(1) NOT NULL COMMENT '角色状态（0正常 1停用）',
  `del_flag` char(1) DEFAULT '0' COMMENT '删除标志（0代表存在 2代表删除）',
  `create_by` varchar(64) DEFAULT '' COMMENT '创建者',
  `create_time` datetime DEFAULT NULL COMMENT '创建时间',
  `update_by` varchar(64) DEFAULT '' COMMENT '更新者',
  `update_time` datetime DEFAULT NULL COMMENT '更新时间',
  `remark` varchar(500) DEFAULT NULL COMMENT '备注',
  PRIMARY KEY (`role_id`)
) ENGINE=InnoDB AUTO_INCREMENT=100 DEFAULT CHARSET=utf8mb4 COLLATE=utf8mb4_0900_ai_ci COMMENT='角色信息表';
/*!40101 SET character_set_client = @saved_cs_client */;

--
-- Dumping data for table `sys_role`
--

LOCK TABLES `sys_role` WRITE;
/*!40000 ALTER TABLE `sys_role` DISABLE KEYS */;
INSERT INTO `sys_role` VALUES (1,'超级管理员','admin',1,'1',1,1,'0','0','admin','2025-07-18 18:58:46','',NULL,'超级管理员'),(2,'普通角色','common',2,'2',1,1,'0','0','admin','2025-07-18 18:58:46','',NULL,'普通角色');
/*!40000 ALTER TABLE `sys_role` ENABLE KEYS */;
UNLOCK TABLES;

--
-- Table structure for table `sys_role_dept`
--

DROP TABLE IF EXISTS `sys_role_dept`;
/*!40101 SET @saved_cs_client     = @@character_set_client */;
/*!50503 SET character_set_client = utf8mb4 */;
CREATE TABLE `sys_role_dept` (
  `role_id` bigint NOT NULL COMMENT '角色ID',
  `dept_id` bigint NOT NULL COMMENT '部门ID',
  PRIMARY KEY (`role_id`,`dept_id`)
) ENGINE=InnoDB DEFAULT CHARSET=utf8mb4 COLLATE=utf8mb4_0900_ai_ci COMMENT='角色和部门关联表';
/*!40101 SET character_set_client = @saved_cs_client */;

--
-- Dumping data for table `sys_role_dept`
--

LOCK TABLES `sys_role_dept` WRITE;
/*!40000 ALTER TABLE `sys_role_dept` DISABLE KEYS */;
INSERT INTO `sys_role_dept` VALUES (2,100),(2,101),(2,105);
/*!40000 ALTER TABLE `sys_role_dept` ENABLE KEYS */;
UNLOCK TABLES;

--
-- Table structure for table `sys_role_menu`
--

DROP TABLE IF EXISTS `sys_role_menu`;
/*!40101 SET @saved_cs_client     = @@character_set_client */;
/*!50503 SET character_set_client = utf8mb4 */;
CREATE TABLE `sys_role_menu` (
  `role_id` bigint NOT NULL COMMENT '角色ID',
  `menu_id` bigint NOT NULL COMMENT '菜单ID',
  PRIMARY KEY (`role_id`,`menu_id`)
) ENGINE=InnoDB DEFAULT CHARSET=utf8mb4 COLLATE=utf8mb4_0900_ai_ci COMMENT='角色和菜单关联表';
/*!40101 SET character_set_client = @saved_cs_client */;

--
-- Dumping data for table `sys_role_menu`
--

LOCK TABLES `sys_role_menu` WRITE;
/*!40000 ALTER TABLE `sys_role_menu` DISABLE KEYS */;
INSERT INTO `sys_role_menu` VALUES (1,2001),(1,2007),(1,2008),(1,2009),(2,1),(2,2),(2,3),(2,4),(2,100),(2,101),(2,102),(2,103),(2,104),(2,105),(2,106),(2,107),(2,108),(2,109),(2,110),(2,111),(2,112),(2,113),(2,114),(2,115),(2,116),(2,117),(2,500),(2,501),(2,1000),(2,1001),(2,1002),(2,1003),(2,1004),(2,1005),(2,1006),(2,1007),(2,1008),(2,1009),(2,1010),(2,1011),(2,1012),(2,1013),(2,1014),(2,1015),(2,1016),(2,1017),(2,1018),(2,1019),(2,1020),(2,1021),(2,1022),(2,1023),(2,1024),(2,1025),(2,1026),(2,1027),(2,1028),(2,1029),(2,1030),(2,1031),(2,1032),(2,1033),(2,1034),(2,1035),(2,1036),(2,1037),(2,1038),(2,1039),(2,1040),(2,1041),(2,1042),(2,1043),(2,1044),(2,1045),(2,1046),(2,1047),(2,1048),(2,1049),(2,1050),(2,1051),(2,1052),(2,1053),(2,1054),(2,1055),(2,1056),(2,1057),(2,1058),(2,1059),(2,1060),(2,2001),(2,2007),(2,2008),(2,2009);
/*!40000 ALTER TABLE `sys_role_menu` ENABLE KEYS */;
UNLOCK TABLES;

--
-- Table structure for table `sys_user`
--

DROP TABLE IF EXISTS `sys_user`;
/*!40101 SET @saved_cs_client     = @@character_set_client */;
/*!50503 SET character_set_client = utf8mb4 */;
CREATE TABLE `sys_user` (
  `user_id` bigint NOT NULL AUTO_INCREMENT COMMENT '用户ID',
  `dept_id` bigint DEFAULT NULL COMMENT '部门ID',
  `user_name` varchar(30) NOT NULL COMMENT '用户账号',
  `nick_name` varchar(30) NOT NULL COMMENT '用户昵称',
  `user_type` varchar(2) DEFAULT '00' COMMENT '用户类型（00系统用户）',
  `email` varchar(50) DEFAULT '' COMMENT '用户邮箱',
  `phonenumber` varchar(11) DEFAULT '' COMMENT '手机号码',
  `sex` char(1) DEFAULT '0' COMMENT '用户性别（0男 1女 2未知）',
  `avatar` varchar(100) DEFAULT '' COMMENT '头像地址',
  `password` varchar(100) DEFAULT '' COMMENT '密码',
  `status` char(1) DEFAULT '0' COMMENT '账号状态（0正常 1停用）',
  `del_flag` char(1) DEFAULT '0' COMMENT '删除标志（0代表存在 2代表删除）',
  `login_ip` varchar(128) DEFAULT '' COMMENT '最后登录IP',
  `login_date` datetime DEFAULT NULL COMMENT '最后登录时间',
  `pwd_update_date` datetime DEFAULT NULL COMMENT '密码最后更新时间',
  `create_by` varchar(64) DEFAULT '' COMMENT '创建者',
  `create_time` datetime DEFAULT NULL COMMENT '创建时间',
  `update_by` varchar(64) DEFAULT '' COMMENT '更新者',
  `update_time` datetime DEFAULT NULL COMMENT '更新时间',
  `remark` varchar(500) DEFAULT NULL COMMENT '备注',
  PRIMARY KEY (`user_id`)
) ENGINE=InnoDB AUTO_INCREMENT=100 DEFAULT CHARSET=utf8mb4 COLLATE=utf8mb4_0900_ai_ci COMMENT='用户信息表';
/*!40101 SET character_set_client = @saved_cs_client */;

--
-- Dumping data for table `sys_user`
--

LOCK TABLES `sys_user` WRITE;
/*!40000 ALTER TABLE `sys_user` DISABLE KEYS */;
INSERT INTO `sys_user` VALUES (1,103,'admin','江屿','00','bdzppc@126.com','15809172201','0','/profile/avatar/2025/08/13/ea9fb05b677f4d7fab6414099b977d46.png','$2a$10$7JB720yubVSZvUI0rEqK/.VqGOZTH.ulu33dHOiBE8ByOhJIrdAu2','0','0','127.0.0.1','2025-10-20 17:20:49','2025-07-18 18:58:46','admin','2025-07-18 18:58:46','','2025-10-20 17:20:48','管理员'),(2,105,'ry','若依','00','ry@qq.com','15666666666','1','','$2a$10$7JB720yubVSZvUI0rEqK/.VqGOZTH.ulu33dHOiBE8ByOhJIrdAu2','0','0','127.0.0.1','2025-07-18 20:25:31','2025-07-18 18:58:46','admin','2025-07-18 18:58:46','','2025-07-18 20:25:30','测试员');
/*!40000 ALTER TABLE `sys_user` ENABLE KEYS */;
UNLOCK TABLES;

--
-- Table structure for table `sys_user_post`
--

DROP TABLE IF EXISTS `sys_user_post`;
/*!40101 SET @saved_cs_client     = @@character_set_client */;
/*!50503 SET character_set_client = utf8mb4 */;
CREATE TABLE `sys_user_post` (
  `user_id` bigint NOT NULL COMMENT '用户ID',
  `post_id` bigint NOT NULL COMMENT '岗位ID',
  PRIMARY KEY (`user_id`,`post_id`)
) ENGINE=InnoDB DEFAULT CHARSET=utf8mb4 COLLATE=utf8mb4_0900_ai_ci COMMENT='用户与岗位关联表';
/*!40101 SET character_set_client = @saved_cs_client */;

--
-- Dumping data for table `sys_user_post`
--

LOCK TABLES `sys_user_post` WRITE;
/*!40000 ALTER TABLE `sys_user_post` DISABLE KEYS */;
INSERT INTO `sys_user_post` VALUES (1,1),(2,2);
/*!40000 ALTER TABLE `sys_user_post` ENABLE KEYS */;
UNLOCK TABLES;

--
-- Table structure for table `sys_user_role`
--

DROP TABLE IF EXISTS `sys_user_role`;
/*!40101 SET @saved_cs_client     = @@character_set_client */;
/*!50503 SET character_set_client = utf8mb4 */;
CREATE TABLE `sys_user_role` (
  `user_id` bigint NOT NULL COMMENT '用户ID',
  `role_id` bigint NOT NULL COMMENT '角色ID',
  PRIMARY KEY (`user_id`,`role_id`)
) ENGINE=InnoDB DEFAULT CHARSET=utf8mb4 COLLATE=utf8mb4_0900_ai_ci COMMENT='用户和角色关联表';
/*!40101 SET character_set_client = @saved_cs_client */;

--
-- Dumping data for table `sys_user_role`
--

LOCK TABLES `sys_user_role` WRITE;
/*!40000 ALTER TABLE `sys_user_role` DISABLE KEYS */;
INSERT INTO `sys_user_role` VALUES (1,1),(2,2);
/*!40000 ALTER TABLE `sys_user_role` ENABLE KEYS */;
UNLOCK TABLES;
/*!40103 SET TIME_ZONE=@OLD_TIME_ZONE */;

/*!40101 SET SQL_MODE=@OLD_SQL_MODE */;
/*!40014 SET FOREIGN_KEY_CHECKS=@OLD_FOREIGN_KEY_CHECKS */;
/*!40014 SET UNIQUE_CHECKS=@OLD_UNIQUE_CHECKS */;
/*!40101 SET CHARACTER_SET_CLIENT=@OLD_CHARACTER_SET_CLIENT */;
/*!40101 SET CHARACTER_SET_RESULTS=@OLD_CHARACTER_SET_RESULTS */;
/*!40101 SET COLLATION_CONNECTION=@OLD_COLLATION_CONNECTION */;
/*!40111 SET SQL_NOTES=@OLD_SQL_NOTES */;

-- Dump completed on 2025-10-20 17:29:07
